"gene","protocol_rho","effect_d"
"A1BG",-0.111687673288565,-0.454244004009702
"A1BG-AS1",0.339214942631363,0.119968921093146
"A1CF",0.739807287225584,1.4988286792737
"A2M",-0.355731225296443,-0.540957866834168
"A2M-AS1",0.117588932806324,-0.264335687222524
"A2ML1",0.148221343873518,-0.134148748701059
"A2MP1",0.120553359683794,0.390243254812571
"A4GALT",0.67111442622067,1.27007622173331
"A4GNT",-0.160158200486571,-0.913293789059804
"AA06",0.448838413709279,0.554032368771377
"AAAS",0.11968354024796,-0.162976380384075
"AACS",-0.359772682097679,-0.626812947907682
"AACSP1",-0.234189723320158,-0.629740993624868
"AADAC",-0.0346192058568478,-0.859359190556193
"AADACL2",-0.257905138339921,-0.830988422030525
"AADACP1",-0.322787978141144,-0.877834984665459
"AADAT",0.091897233201581,0.0803882670104919
"AAGAB",-0.637351778656126,-2.00037175796215
"AAK1",0.732213438735178,2.16556860006683
"AAMDC",-0.624660261224541,-1.12961860925444
"AAMP",-0.860671936758893,-2.42306491246811
"AANAT",0.0494071146245059,0.419529893862287
"AAR2",-0.354743083003953,-0.644833339203682
"AARS1",-0.83695652173913,-2.35516528213516
"AARS2",0.0286632081891008,-0.0726475648964932
"AARSD1",-0.839920948616601,-2.3213460718433
"AASDH",0.778656126482213,3.34622989569379
"AASDHPPT",-0.776679841897233,-1.27942831599442
"AASS",0.758586630521892,1.34207480482163
"AATBC",0.312330130612271,0.369997893748927
"AATF",-0.570158102766798,-1.07085674056024
"AATK",0.303359683794466,0.547869661193157
"ABAT",0.312252964426877,1.33549809206296
"ABCA1",-0.099802371541502,0.375540278238731
"ABCA11P",-0.263833992094862,-0.345193586615737
"ABCA12",0.056379849538295,-0.722120247551186
"ABCA13",0.058300395256917,-0.31219221417951
"ABCA17P",-0.248085008809114,-0.640315186277273
"ABCA2",0.382789504760003,0.94145282312314
"ABCA3",-0.620212522022784,-2.35961144260019
"ABCA4",0.545454545454545,0.765783678433616
"ABCA5",-0.689399576272338,-1.91927423634878
"ABCA6",0.239367080495919,0.626647912497975
"ABCA7",0.279644268774704,0.00221364975010767
"ABCA8",-0.101778656126482,-0.00852761492333767
"ABCA9",0.796145317114507,2.4325123831414
"ABCB1",-0.33201581027668,-0.698283721505565
"ABCB10",-0.632411067193676,-1.47417194181153
"ABCB11",-0.0415122325497322,0.105134358877858
"ABCB4",0.205090196525463,-0.395981613067139
"ABCB5",0.555335968379447,1.43760862490997
"ABCB6",-0.438735177865613,-1.4000198941385
"ABCB7",-0.091897233201581,0.388835066393755
"ABCB8",0.159090909090909,0.308031426904281
"ABCB9",0.297010140028441,0.472393875298496
"ABCC1",-0.372529644268775,-0.614456317403705
"ABCC10",0.741106719367589,1.97577867252302
"ABCC11",0.684782608695652,1.29351889136067
"ABCC12",-0.25296442687747,-0.263889995118628
"ABCC13",0.56733384484634,1.44889800475383
"ABCC2",0.533234510966203,0.737286189310611
"ABCC3",0.528292578519806,0.630626514664978
"ABCC4",-0.162055335968379,-0.191328431962242
"ABCC5",-0.680830039525692,-2.01346104156344
"ABCC6",0.33102766798419,0.195832056013572
"ABCC6P1",-0.0192735365409471,-0.334894801812527
"ABCC8",-0.0365612648221344,-0.554775477774573
"ABCC9",0.37262170645831,0.325109121017508
"ABCD1",0.522727272727273,0.63320157528788
"ABCD2",0.457622944536333,0.359525681056543
"ABCD3",-0.0820158102766798,0.0446171572047785
"ABCD4",0.224308300395257,0.0693478581258795
"ABCE1",-0.49901185770751,-0.765779872899063
"ABCF1",-0.621541501976285,-0.761501486282978
"ABCF2",0.200592885375494,0.0934805021605744
"ABCF2-H2BK1",-0.650197628458498,-1.42948271616807
"ABCF3",-0.206282621265726,-0.980422424423787
"ABCG1",-0.244071146245059,-0.240571197330682
"ABCG2",-0.338932806324111,-0.127237925099117
"ABCG4",0.534584980237154,1.29613513172536
"ABCG5",-0.136363636363636,-0.0366248534008466
"ABCG8",0.240177916894879,0.0256802150830668
"ABHD1",0.523715415019763,0.579654451715446
"ABHD10",-0.742094861660079,-2.1845202619796
"ABHD11",0.652173913043478,0.94085481591777
"ABHD12",-0.460474308300395,-1.70927925518783
"ABHD12B",0.381800384592665,0.293082739755448
"ABHD13",-0.152705712593658,0.0885644164647748
"ABHD14A",-0.387351778656126,-0.317998296605302
"ABHD14B",0.360761068586958,0.304234765497027
"ABHD15",0.383359273626224,0.737243138110635
"ABHD16A",-0.614624505928854,-0.752637616988311
"ABHD16B",0.0959446562318354,0.439184331098741
"ABHD17A",-0.114624505928854,-0.587080626441897
"ABHD17B",0.700592885375494,3.05938642209149
"ABHD17C",-0.703236987122249,-1.9368037979874
"ABHD18",-0.136363636363636,0.0394837866886334
"ABHD2",-0.66403162055336,-2.39773847959608
"ABHD3",-0.266798418972332,-0.373137436995747
"ABHD4",0.58102766798419,0.60977234728339
"ABHD5",-0.0770750988142292,-0.193498944037046
"ABHD6",-0.275691699604743,-0.49705226838956
"ABHD8",0.185770750988142,0.650726007165863
"ABI1",-0.470355731225296,-0.720704610251216
"ABI2",0.0197628458498024,0.428446725730841
"ABI3",0.59649124628008,0.761695417208394
"ABI3BP",-0.22386953982177,-1.20325909871192
"ABITRAM",-0.396245059288538,-0.686886575992876
"ABL1",-0.0385375494071146,-0.0198651370524853
"ABL2",-0.744071146245059,-1.61873525260617
"ABLIM1",-0.760869565217391,-1.97652912397906
"ABLIM2",-0.449604743083004,-0.628617885209615
"ABLIM3",-0.138339920948617,-0.0373258892559026
"ABO",0.682806324110672,1.4815311145329
"ABR",-0.816205533596838,-2.2004859058987
"ABRA",0.442687747035573,0.145929252245792
"ABRACL",-0.33596837944664,0.246861334674921
"ABRAXAS1",-0.703557312252964,-2.43067136762929
"ABRAXAS2",-0.797430830039526,-1.91556490057037
"ABT1",-0.58215964218553,-1.08412670822934
"ABTB1",-0.0948616600790514,-0.391170210912004
"ABTB2",-0.172473442379244,-0.663205290765981
"ABTB3",-0.329051383399209,-0.117721199589506
"ACAA1",-0.284584980237154,-0.83509497357593
"ACAA2",-0.555335968379447,-1.78520946791138
"ACACA",-0.808300395256917,-3.04776198633142
"ACACB",0.259881422924901,0.364287956346387
"ACAD10",0.0553496433996429,-0.558975111563588
"ACAD11",0.359772682097679,0.209883555414397
"ACAD8",-0.805335968379447,-1.65931875330754
"ACAD9",-0.380034605127905,-1.1481397196531
"ACADL",-0.151754838115362,-0.483305640944476
"ACADM",-0.195652173913043,-0.230860820198797
"ACADS",0.656126482213439,0.79113208124424
"ACADSB",-0.637015092340533,-1.22315569684128
"ACADVL",-0.0968379446640316,-0.554082643864219
"ACAN",0.426982963368674,0.440378766292047
"ACAP1",0.0692384117136957,-0.674159563304158
"ACAP2",-0.25197628458498,0.108436470274172
"ACAP3",0.194664031620553,0.141686203673192
"ACAT1",-0.700592885375494,-1.40814480838112
"ACAT2",-0.723320158102767,-1.73172319621709
"ACBD3",-0.707509881422925,-1.61915116764463
"ACBD4",0.767786561264822,1.34765568230856
"ACBD5",-0.153162055335968,0.169623275620197
"ACBD6",-0.617588932806324,-1.54643899686412
"ACCS",0.08944897727978,-0.310563523160725
"ACD",0.531620553359684,1.35229274567283
"ACE",0.000988142292490119,-0.676398617588461
"ACE2",0.310847550878352,-0.285708236104163
"ACER1",0.226284584980237,0.590786518923013
"ACER2",-0.222332015810277,-0.112692947129944
"ACER3",-0.621541501976285,-0.855666323261049
"ACHE",0.209693475475764,-0.488006639766467
"ACIN1",-0.0607857690906793,0.232561783995817
"ACKR1",-0.483201581027668,-1.53625529464897
"ACKR2",0.697628458498024,1.31598614083049
"ACKR3",-0.125494071146245,-0.145562411848866
"ACKR4",-0.106824978072559,-0.352562683838567
"ACLY",-0.715415019762846,-1.47803405448619
"ACMSD",0.156280986439484,0.0897461531721051
"ACO1",-0.792490118577075,-2.72759616775674
"ACO2",-0.775691699604743,-2.27042999040176
"ACOD1",0.508893280632411,0.880590522823051
"ACOT11",-0.08300395256917,-0.106337945614063
"ACOT12",-0.261987179808279,-0.876905964842317
"ACOT13",-0.738142292490119,-1.69847735121115
"ACOT2",-0.646245059288537,-1.4868684131651
"ACOT4",-0.00592885375494071,0.580177692390486
"ACOT6",0.419020601405407,0.384327114332441
"ACOT7",-0.722332015810277,-1.75109021196074
"ACOT8",-0.731225296442688,-1.89376153762794
"ACOT9",-0.745059288537549,-1.06396295219996
"ACOX1",-0.771739130434783,-2.50433856475123
"ACOX2",0.25098814229249,-0.0203737606888883
"ACOX3",0.016798418972332,0.00140377144763587
"ACOXL",0.082036078610185,0.139216542934564
"ACP1",-0.778656126482213,-1.73444563249573
"ACP2",-0.755928853754941,-2.34839543934453
"ACP3",0.417408710616851,0.57787188148268
"ACP4",0.694664031620553,1.57045523274447
"ACP5",0.227823085778887,-0.265300840884761
"ACP6",-0.338932806324111,-0.277110950377187
"ACR",0.488142292490119,0.559494824282425
"ACRBP",0.368577075098814,0.331885976626932
"ACRV1",0.756916996047431,1.5288433506425
"ACSBG1",-0.233201581027668,-0.662063676741234
"ACSBG2",0.419985480706479,0.730341077210065
"ACSF2",0.303359683794466,0.461398052233977
"ACSF3",0.464656507584496,1.16528040372097
"ACSL1",-0.33596837944664,-0.446819698577356
"ACSL3",-0.786561264822134,-2.06459679514969
"ACSL4",-0.66699604743083,-0.710554484023807
"ACSL5",0.0889328063241107,-0.467044993951706
"ACSL6",-0.803359683794466,-1.55174316123708
"ACSM1",0.271018925850752,-0.10493086530999
"ACSM2A",0.516798418972332,0.887790300108209
"ACSM2B",0.301457879230198,0.272016070840745
"ACSM3",0.147910080955521,-0.319638346702887
"ACSM5",0.275964526687444,0.415770940631255
"ACSS1",-0.395256916996047,-0.974469518187148
"ACSS2",-0.354743083003953,-1.00266419560943
"ACSS3",0.0909090909090909,0.284816016105196
"ACTA1",0.391497823411618,0.872929593978788
"ACTA2",-0.0207509881422925,0.366916144114905
"ACTA2-AS1",0.33596837944664,0.165419117898753
"ACTB",-0.769762845849802,-5.33251512010241
"ACTC1",0.160079051383399,-0.744842963979145
"ACTG1",-0.816205533596838,-2.28575087463022
"ACTG1P17",0.617741555799586,0.526804351131744
"ACTG1P25",0.00345935271247768,-0.267493262471915
"ACTG2",0.16699604743083,0.0437532397340867
"ACTL10",0.0400296528158132,-0.304591270686433
"ACTL6A",-0.245614042585915,-0.188502239746778
"ACTL6B",-0.384976537574302,-0.432839073554875
"ACTL7A",0.653162055335968,0.721576058835818
"ACTL7B",0.1793921478042,0.174350536159154
"ACTL8",0.075098814229249,-0.40683410624676
"ACTL9",0.412055335968379,0.291661076826349
"ACTMAP",0.718379446640316,1.93810835926491
"ACTN1",0.0128458498023715,0.026297786019271
"ACTN2",-0.50296442687747,-0.961180774948618
"ACTN3",0.285643695401729,0.341080656348954
"ACTN4",0.469367588932806,0.902188336162534
"ACTR10",-0.651840889679723,-1.36998491763833
"ACTR1A",-0.679841897233202,-1.76868447777273
"ACTR1B",-0.74901185770751,-1.88807419249936
"ACTR2",-0.613636363636364,-0.756341659327993
"ACTR3",-0.485177865612648,-0.668893901718606
"ACTR3-AS1",-0.0256980487212628,-0.293838975042329
"ACTR3B",-0.238142292490119,-0.109955315310777
"ACTR3BP2",0.115404019063191,-0.137832505810707
"ACTR3BP5",0.320158102766798,0.26770881931901
"ACTR3BP6",-0.33201581027668,-1.03836430525532
"ACTR3C",0.142292490118577,0.299511553256724
"ACTR5",-0.222332015810277,-0.290301055873425
"ACTR6",-0.516798418972332,-0.964429228802875
"ACTR8",-0.629446640316205,-3.35208161645992
"ACTRT2",0.525691699604743,0.423639576413893
"ACTRT3",0.233259211469924,-0.304470231743363
"ACVR1",-0.406126482213439,-0.736594547807161
"ACVR1B",-0.091897233201581,-0.365330048230346
"ACVR1C",-0.672924901185771,-1.33595696281349
"ACVR2A",-0.358695652173913,-0.648449914953458
"ACVR2B",-0.436866828261467,-0.895041010748499
"ACVR2B-AS1",0.3874475037975,0.27785341149548
"ACVRL1",0.0632411067193676,0.159878794218727
"ACY1",0.517786561264822,0.907296619606322
"ACY3",-0.24604743083004,-0.985188705386855
"ACYP1",-0.730237154150198,-1.26919905371953
"ACYP2",-0.766798418972332,-1.50065095777402
"ADA",0.142292490118577,0.249539744347681
"ADA2",-0.182806324110672,-0.360215537593964
"ADAD1",0.535573122529644,1.00090160319246
"ADAD2",0.0474308300395257,-0.749561404894011
"ADAL",-0.349394623960246,-0.291372544203212
"ADAM10",-0.552371541501976,-0.828248948795093
"ADAM11",-0.0815418853655454,-0.508088082549599
"ADAM12",-0.041501976284585,-0.271737186806917
"ADAM15",0.24901185770751,0.0649480236362183
"ADAM17",-0.571146245059289,-1.56859388350221
"ADAM18",0.593873517786561,0.621842583531645
"ADAM19",-0.396245059288538,-0.87845605275123
"ADAM2",-0.0880316948931273,0.104395747409494
"ADAM20",0.364220421299436,0.172944530551288
"ADAM21",0.00741473150400791,-0.439698130369725
"ADAM22",-0.857707509881423,-2.37463764933645
"ADAM23",-0.855731225296443,-2.58147930615909
"ADAM28",0.487154150197628,0.612896650817769
"ADAM29",0.485885590991377,0.725513626229424
"ADAM30",0.344861660079051,0.466810529437204
"ADAM32",-0.0306324110671937,-0.347502104335997
"ADAM33",0.766798418972332,2.30193620948102
"ADAM3A",0.347826086956522,0.257584553082112
"ADAM3B",0.59629188216702,0.72490096266009
"ADAM5",0.254940711462451,0.264155371875827
"ADAM6",0.462679245850093,0.278936724362437
"ADAM7",0.0237212757427041,-0.212777335079463
"ADAM7-AS2",-0.00543612569103636,-0.373553208910669
"ADAM8",0.367588932806324,0.086101310403286
"ADAM9",-0.805335968379447,-1.60364813639997
"ADAMDEC1",-0.0795651123869867,-0.651103072875674
"ADAMTS1",-0.259881422924901,-0.689418573923793
"ADAMTS10",0.58399209486166,0.813285686481371
"ADAMTS12",0.479249011857708,0.549893852614374
"ADAMTS13",0.348900430715606,0.525660925669538
"ADAMTS14",0.459486166007905,0.307858837406872
"ADAMTS15",0.422924901185771,0.69261969315944
"ADAMTS16",-0.281690149444611,-1.18530173046685
"ADAMTS16-DT",-0.266798418972332,-0.778788658226949
"ADAMTS17",0.258957260191186,0.610712588439848
"ADAMTS18",0.294466403162055,0.460001249594652
"ADAMTS19",0.0825302718548247,-0.186175471834934
"ADAMTS2",0.727946649354232,1.47501439125215
"ADAMTS20",-0.264393385882223,-0.739338775545962
"ADAMTS3",-0.446640316205534,-0.675975995519381
"ADAMTS4",0.708880086987496,1.84940481884872
"ADAMTS5",-0.265810276679842,-0.118219236387931
"ADAMTS6",0.101359731214129,0.192473307790029
"ADAMTS7",0.549048694794672,0.282329648745674
"ADAMTS8",-0.0869565217391304,0.0938211188358201
"ADAMTS9",0.0207509881422925,0.190459039522445
"ADAMTS9-AS1",0.510007428468138,0.418337923433093
"ADAMTS9-AS2",0.0958498023715415,-0.0198100081308864
"ADAMTSL1",0.363636363636364,0.961036738897179
"ADAMTSL2",0.404150197628458,0.347048896081674
"ADAMTSL3",0.371541501976285,0.765556326729658
"ADAMTSL4",0.633399209486166,0.95415944440878
"ADAMTSL4-AS2",0.254203883005997,0.403426681622782
"ADAMTSL5",0.170381899389433,0.111389221008972
"ADAP1",0.278656126482213,-0.211739402373122
"ADAP2",0.183794466403162,0.367895603914952
"ADAR",-0.837944664031621,-2.33325139286158
"ADARB1",-0.691699604743083,-2.77006379711303
"ADARB2",0.613636363636364,0.715048692921586
"ADARB2-AS1",0.410079051383399,0.26996240573769
"ADAT1",-0.373517786561265,-0.581113856790377
"ADAT2",-0.657114624505929,-1.65319051441094
"ADAT3",0.483201581027668,0.70393680940441
"ADCK1",-0.121541501976285,-0.292177534657846
"ADCK2",-0.289525691699605,-0.45862880703616
"ADCK5",0.077588339408428,0.241104142254696
"ADCY1",-0.476284584980237,-0.918834651770542
"ADCY10",0.195845793133025,-0.254695286866006
"ADCY10P1",-0.356719367588933,-0.661562083138029
"ADCY2",-0.0454657785068495,0.11530554427323
"ADCY3",-0.731900195311349,-1.81392746738792
"ADCY4",0.571146245059289,0.701275128454337
"ADCY5",0.0536252886401342,0.402124632913209
"ADCY6",-0.326248186176348,-0.999651657579548
"ADCY6-DT",0.49271066490575,0.84080175575362
"ADCY7",0.532014979445865,1.02036157822681
"ADCY8",-0.680504097868824,-1.86134180498675
"ADCY9",-0.349802371541502,-0.575024058774418
"ADCYAP1",-0.493083003952569,-1.36138905822466
"ADCYAP1R1",-0.538537549407115,-1.53865393133682
"ADD1",-0.394268774703557,-0.839917837716534
"ADD2",-0.683794466403162,-1.80621885737793
"ADD3",-0.33102766798419,-0.493845780506993
"ADD3-AS1",0.0706696339834726,0.40298840357016
"ADGB",-0.278793904550697,-0.380901803122465
"ADGB-DT",0.280632411067194,0.266569232097524
"ADGRA1",-0.41808748496516,-1.02044060979996
"ADGRA2",0.506916996047431,0.503308639613688
"ADGRA3",-0.424901185770751,-0.622493771838131
"ADGRB1",0.577515391535112,0.643431504368464
"ADGRB2",-0.228811472268167,-0.856157863797677
"ADGRB3",-0.535573122529644,-0.928733817064793
"ADGRB3-DT",0.122529644268775,-0.12545111074797
"ADGRD1",0.0405338655552432,-0.151086713529684
"ADGRD2",-0.274703557312253,-1.25012546704307
"ADGRE1",0.361660079051383,0.909927906928913
"ADGRE2",0.321447246231808,0.533735462689554
"ADGRE3",0.565217391304348,0.733168614082952
"ADGRE5",0.0193213499027873,0.172043479353955
"ADGRF1",-0.602766798418972,-1.83857450862926
"ADGRF2",0.142327654456225,-0.36034640772099
"ADGRF3",0.353754940711462,0.23707061192046
"ADGRF4",-0.293056594071324,-0.825765815332909
"ADGRF5",-0.0187747035573123,0.381985839102488
"ADGRF5-AS1",-0.137027064965483,-0.272922563523338
"ADGRG1",-0.00790513833992095,0.27189868686732
"ADGRG2",0.0355731225296443,0.0291270352480344
"ADGRG3",0.529280965009085,0.278870641210004
"ADGRG4",0.604743083003953,0.783766530139765
"ADGRG5",0.488142292490119,0.782640481427431
"ADGRG6",-0.326167541462181,-1.23098296344094
"ADGRG7",0.348406237470966,-0.0327678644287859
"ADGRL1",0.366600790513834,0.745256592670538
"ADGRL2",-0.261428226414385,-0.457960122161634
"ADGRL3",-0.813241106719368,-2.06465117531681
"ADGRL4",0.226284584980237,0.688535911195852
"ADGRV1",-0.329051383399209,-0.702538721376399
"ADH1A",0.65725808281912,1.70561281544058
"ADH1B",-0.0475484370389115,-0.476713744961322
"ADH1C",0.389026246243615,0.640641285901467
"ADH4",0.66699604743083,1.22799094093202
"ADH5",-0.226284584980237,0.337031555416998
"ADH6",0.315217391304348,0.0578849864364364
"ADH7",0.0588089961121206,-0.198888135869786
"ADHFE1",-0.561403525910664,-1.30565398453051
"ADI1",-0.000988142292490119,0.38586558772331
"ADIG",-0.360671936758893,-1.29101906901167
"ADIPOQ",0.621167465088584,0.255461395383157
"ADIPOR1",-0.774703557312253,-2.04601366303987
"ADIPOR2",-0.282608695652174,-0.703755257995088
"ADIRF",0.175889328063241,0.279298047046374
"ADIRF-AS1",0.485912071229318,0.537515132709178
"ADISSP",0.676877470355731,1.55509490793598
"ADK",-0.680830039525692,-1.18550012427293
"ADM",0.0928853754940711,0.00695259344979174
"ADM2",0.388724225764034,0.0151306842499366
"ADM5",0.368577075098814,0.344640177872289
"ADNP",-0.783596837944664,-1.02900234739635
"ADNP2",-0.790513833992095,-1.68614380580248
"ADO",-0.262845849802372,-0.0473711664291094
"ADORA1",-0.399308141668852,-1.19712384198543
"ADORA2A",0.314801096835469,0.351210128135879
"ADORA2A-AS1",0.369162353745833,0.554719068338648
"ADORA2B",-0.305335968379447,-0.585885709309109
"ADORA3",0.104743083003953,0.0858709526353434
"ADPGK",-0.674079585688508,-1.10709894510073
"ADPRH",0.355731225296443,0.0586712823146649
"ADPRHL1",0.629108000426298,1.53036485404281
"ADPRM",-0.395354595711735,-0.227137931943958
"ADPRS",-0.337039792844254,-0.744664092522122
"ADRA1A",-0.0444664031620553,0.0285866440497991
"ADRA1B",-0.211671715810441,0.0827066503437816
"ADRA1D",0.452681012089937,0.806563370041596
"ADRA2A",-0.285573122529644,-0.650583755812491
"ADRA2B",-0.00889328063241107,-0.651388299275917
"ADRA2C",0.58300395256917,1.29420621442439
"ADRB1",0.230237154150198,0.79975504215761
"ADRB2",-0.0721343873517787,0.00220503324913942
"ADRB3",0.33695652173913,0.438675453960982
"ADRM1",-0.313551093046307,-0.175076438219664
"ADSL",-0.817193675889328,-2.41735600377457
"ADSS1",-0.281620553359684,-0.526602377685679
"ADSS2",-0.778656126482213,-1.35784783600316
"ADTRP",-0.263833992094862,-0.452045910005771
"AEBP1",0.0227272727272727,0.272975247686204
"AEBP2",0.0780632411067194,1.02008123246892
"AEN",0.465530036450568,0.517412639977476
"AFAP1",0.130434782608696,0.4440480601305
"AFAP1-AS1",0.561403525910664,1.19513894953196
"AFAP1L1",0.456634558047054,0.906549452792106
"AFAP1L2",0.0657927784852317,0.435223876886677
"AFDN",-0.716403162055336,-1.34221222163347
"AFDN-DT",-0.41600790513834,-0.667447789285992
"AFF1",0.065727701537076,0.278606399426656
"AFF2",-0.524703557312253,-1.17824888568379
"AFF3",-0.4777450408245,-0.475455487977808
"AFF4",-0.25197628458498,0.286440611076734
"AFG1L",-0.243083003952569,-0.618753359719497
"AFG2A",0.582591778562382,0.385775136792668
"AFG2B",-0.58117125569625,-0.873155860334979
"AFG3L1P",-0.293478260869565,-0.526441002316794
"AFG3L2",-0.264822134387352,-0.192330508307142
"AFM",0.0929772957298199,-0.467376142804394
"AFMID",-0.106719367588933,-0.504912057871152
"AFP",0.0340993338801371,-0.269351588939561
"AFTPH",-0.690711462450593,-1.12964917678387
"AFTPH-DT",-0.386155854040168,-0.600756226975535
"AGA",-0.83518658344104,-1.899511007381
"AGA-DT",-0.28366692242317,-0.964427472495689
"AGAP1",-0.22337534657713,-0.305211216751467
"AGAP11",0.769953075148604,1.5528708106147
"AGAP2",-0.434890055282909,-1.45198488483163
"AGAP2-AS1",0.276322327382695,0.682871397252097
"AGAP3",-0.361660079051383,-1.97454256146555
"AGAP4",-0.0909090909090909,-0.333398857148353
"AGAP9",0.681986677602743,1.78098690078817
"AGBL1",0.0919881755624814,0.161310187488569
"AGBL2",-0.276527542655974,-0.669412811783335
"AGBL3",-0.425889328063241,-0.755143682619514
"AGBL4",0.279644268774704,0.301278992916261
"AGBL5",-0.744071146245059,-1.64932601864672
"AGER",-0.107707509881423,-0.0945394177640362
"AGFG1",-0.329626894174659,-0.945767944670801
"AGFG2",-0.41699604743083,-0.998557395850902
"AGGF1",-0.672924901185771,-0.716764312023002
"AGK",-0.691376349250897,-1.6470927678977
"AGL",-0.469367588932806,-1.01304568048805
"AGMAT",-0.0276679841897233,-0.202617190522464
"AGO1",-0.430830039525692,-1.4367931233343
"AGO2",-0.284584980237154,0.000765393929567592
"AGO3",-0.188735177865613,-0.364318522153853
"AGO4",-0.627470355731225,-1.03515998265869
"AGPAT1",-0.565217391304348,-1.94768129407367
"AGPAT2",0.602766798418972,0.809466884484554
"AGPAT3",0.616600790513834,1.95609594819462
"AGPAT4",-0.77637758732892,-2.09951982465458
"AGPAT4-IT1",0.1699604743083,0.176487123118964
"AGPAT5",-0.463553263472009,-0.449745311252918
"AGPS",-0.671936758893281,-1.59118900675513
"AGR2",0.204101810036183,-0.0238601502021193
"AGR3",0.107814098239898,-0.194612385117521
"AGRN",0.442687747035573,0.18729046447625
"AGRP",0.757905138339921,1.10347545443171
"AGT",-0.309288537549407,-0.833439742538314
"AGTPBP1",-0.629108000426298,-0.809937030094576
"AGTR1",-0.262416612903664,-0.415162911149986
"AGTR2",0.568816424580259,0.901139326622491
"AGTRAP",0.535705477189401,0.361779990256006
"AGXT",0.41304347826087,0.171293511629085
"AGXT2",0.728260869565217,1.02146856684196
"AHCTF1",-0.0345849802371542,0.0335672676293055
"AHCY",-0.731225296442688,-1.66995857256717
"AHCYL1",-0.484189723320158,-0.949530320014475
"AHCYL2",0.0133432176052711,0.767572403851136
"AHDC1",0.659090909090909,2.00851628573607
"AHI1",-0.608351884151432,-1.33703492023075
"AHI1-DT",0.208498023715415,0.252932278411209
"AHNAK",0.0286561264822134,-0.0490534400838396
"AHNAK2",-0.732213438735178,-1.52030745565075
"AHR",0.199604743083004,0.527048548227556
"AHSA1",-0.713438735177866,-1.71872971068219
"AHSA2P",0.404150197628458,0.884848473312936
"AHSG",0.430830039525692,0.718599815887576
"AHSP",0.400296528158132,1.03449325949845
"AICDA",0.0573689697056335,-0.25291168853046
"AIDA",-0.272727272727273,-0.155089334784489
"AIF1",-0.288074749410515,-0.597539119760758
"AIF1L",-0.162055335968379,0.0620959591885922
"AIFM1",-0.679021518134905,-1.79061834861746
"AIFM2",0.00592885375494071,-0.201576012592558
"AIFM3",-0.222332015810277,-0.254828658159635
"AIG1",-0.464426877470356,-1.15048151486518
"AIM2",0.743083003952569,1.64038659059111
"AIMP1",-0.491106719367589,-0.771581725554369
"AIMP2",-0.74703557312253,-1.4593794062488
"AIP",-0.735177865612648,-1.30176311705402
"AIPL1",0.11275969907659,0.253875652789862
"AIRE",0.406126482213439,0.270609371421729
"AIRIM",-0.121541501976285,0.225431751465794
"AJAP1",0.754940711462451,2.83663018859945
"AJM1",0.426877470355731,0.285559054883626
"AJUBA",0.6559565803879,0.745641316345921
"AK1",-0.624505928853755,-1.67406809347489
"AK2",-0.373517786561265,-0.57116610452335
"AK3",-0.564229249011858,-0.879522842426351
"AK4",-0.131422924901186,-0.0967189566360971
"AK5",-0.555335968379447,-0.569154149806112
"AK6",-0.703557312252964,-1.03652679715637
"AK7",0.529775158253725,0.880283242492806
"AK8",0.297430830039526,0.0797082879316611
"AK9",-0.360671936758893,-1.18027142080046
"AKAIN1",-0.1699604743083,0.0580183728783522
"AKAP1",-0.719051170950718,-1.43636392862773
"AKAP10",0.547430830039526,1.32266924774752
"AKAP11",-0.679841897233202,-0.935967029140023
"AKAP12",-0.234189723320158,-0.0968908554446662
"AKAP13",0.806324110671937,2.36747164443974
"AKAP14",-0.390316205533597,-0.894793356598226
"AKAP17A",-0.372529644268775,-0.76800724133003
"AKAP3",0.215415019762846,-0.0226408646448411
"AKAP4",0.349802371541502,0.0282976878620448
"AKAP5",-0.0726464069620313,0.315185034368802
"AKAP6",-0.650197628458498,-1.29143725587508
"AKAP7",-0.282184342689251,-0.341522590512214
"AKAP8",-0.414133939008042,-0.47618253429592
"AKAP8L",0.74901185770751,2.2023685263832
"AKAP9",-0.83580654140104,-1.89089067618586
"AKIP1",0.458611331025613,0.908848286124763
"AKIRIN1",-0.467391304347826,-0.162439994411977
"AKIRIN2",-0.809288537549407,-2.97095872057574
"AKNA",0.329051383399209,1.12886314312242
"AKNAD1",0.285855728360829,0.536159077206078
"AKR1A1",-0.761857707509881,-1.88777388768329
"AKR1B1",-0.791501976284585,-1.8224332841208
"AKR1B10",0.105263161108249,-0.201204434330265
"AKR1C1",-0.41798418972332,-1.02011163411507
"AKR1C2",-0.460701984115691,-0.648896610882797
"AKR1C3",-0.471343873517787,-0.79882921034019
"AKR1C4",0.324765239875546,-0.237193785638188
"AKR1C6P",0.214501154560537,-0.34338739732353
"AKR1D1",0.0242695147386111,-0.428151913307161
"AKR1E2",0.366600790513834,0.794797930260034
"AKR7A2",0.0691699604743083,0.198310184643256
"AKR7A3",0.321719802260424,0.744963048708481
"AKT1",-0.138035465203309,-0.141538263184951
"AKT1S1",0.173956022113163,-0.23087934002475
"AKT2",0.605731225296443,0.896961472292554
"AKT3",-0.595849802371542,-1.31300539498565
"AKTIP",-0.779644268774704,-1.73861824819715
"ALAD",-0.241106719367589,-0.262486485909169
"ALAS1",-0.722332015810277,-1.24017172088681
"ALAS2",0.488262925703993,1.07120731723384
"ALB",0.561264822134387,0.809084108949001
"ALCAM",-0.329626894174659,-0.426601262815911
"ALDH16A1",0.484189723320158,0.888506080845893
"ALDH18A1",-0.568181818181818,-1.02829026338769
"ALDH1A1",-0.58201581027668,-1.85855378034673
"ALDH1A2",-0.0385375494071146,-0.408903141073229
"ALDH1A2-AS1",0.536561264822134,0.596080222190139
"ALDH1A3",-0.0400296528158132,-0.118783383883005
"ALDH1B1",-0.456140364802414,-1.1057700930307
"ALDH1L1",-0.277667984189723,-0.645027334122727
"ALDH1L1-AS2",-0.024703557312253,0.102528592050699
"ALDH1L2",0.112648221343874,0.802020857595186
"ALDH2",-0.464047456716649,-0.812241199654363
"ALDH3A1",0.589515619733752,1.05550761716448
"ALDH3A2",-0.723320158102767,-2.85947401181498
"ALDH3B1",0.74901185770751,1.8608078181565
"ALDH3B2",0.0148221343873518,-0.473717474370485
"ALDH4A1",0.487274539214713,0.458524927789096
"ALDH5A1",-0.706521739130435,-1.27173974384629
"ALDH6A1",0.0681818181818182,0.673977423936292
"ALDH7A1",-0.487154150197628,-0.94616906683832
"ALDH8A1",0.16600790513834,0.169383549529696
"ALDH9A1",0.0316205533596838,0.208587806442563
"ALDOA",-0.738142292490119,-1.92835054785561
"ALDOAP2",0.654311855902922,1.32309352015252
"ALDOB",0.102792194885051,-0.223064874553726
"ALDOC",-0.591897233201581,-1.90527863140055
"ALG1",0.371541501976285,1.31384277661532
"ALG10",-0.22386953982177,-0.929705049866191
"ALG10B",-0.365703001033355,-0.198420013273774
"ALG12",0.368173967256553,0.374147847105474
"ALG13",-0.244071146245059,-0.296623707763702
"ALG14",-0.426877470355731,-0.836015061591804
"ALG14-AS1",0.716403162055336,1.37930001621236
"ALG2",-0.472332015810277,-0.780348234768068
"ALG3",-0.203557312252964,-0.260538101756678
"ALG5",-0.691870542495536,-1.20214380689162
"ALG6",-0.767976302170045,-1.93764362816697
"ALG8",-0.659747981593958,-1.79641190826602
"ALG9",-0.844861660079052,-1.8453872352585
"ALK",-0.150197628458498,-0.0228194627403918
"ALKAL2",0.225296442687747,0.700210180559211
"ALKBH1",-0.640316205533597,-1.4251586436127
"ALKBH2",-0.400197628458498,-0.782707525610594
"ALKBH3",-0.623517786561265,-1.34813568662919
"ALKBH3-AS1",0.379540411883266,0.202485442264859
"ALKBH4",0.279713376466053,0.00134856434393143
"ALKBH5",-0.567828038090979,-1.0595810939811
"ALKBH6",0.321146245059289,0.440743652055165
"ALKBH7",-0.551383399209486,-1.66441993319043
"ALKBH8",0.561264822134387,1.77078519720738
"ALLC",0.551383399209486,0.889923383959303
"ALMS1",0.740118577075099,1.7613023752236
"ALMS1-IT1",-0.41555352787132,-0.961846021442359
"ALMS1P1",0.797627896848425,2.09105642651736
"ALOX12",-0.0623145705423261,-0.194379932112173
"ALOX12-AS1",-0.0424901185770751,0.101318362995191
"ALOX12B",0.024703557312253,0.031791475667955
"ALOX12P2",0.0820158102766798,0.187051782670832
"ALOX15",-0.0242154689873438,-0.674214238915374
"ALOX15B",0.762845849802372,1.6732175748765
"ALOX5",0.157114624505929,0.421566242990992
"ALOX5AP",0.0276953646854783,-0.519209807874657
"ALOXE3",0.438843601240026,0.734410119722209
"ALPG",0.399604547604758,0.17413333796623
"ALPI",0.519397100116292,0.639480954443198
"ALPK1",-0.325098814229249,-0.451563187579008
"ALPK2",0.221343873517787,0.165356330696353
"ALPK3",0.0439831987729305,0.026873658773075
"ALPL",0.232254036721972,0.114292089748889
"ALPP",0.0356613277791836,-0.182009983792335
"ALS2",-0.756916996047431,-2.12256373082228
"ALS2CL",0.431924895815071,0.301215663595018
"ALX1",0.58300395256917,0.905998086447921
"ALX3",-0.0355731225296443,-0.03507474796314
"ALX4",0.691699604743083,1.32626877151594
"ALYREF",-0.740118577075099,-1.95613648491758
"AMACR",-0.278656126482213,-0.19202679959617
"AMBN",0.5625309634374,0.641217169453903
"AMBP",0.271739130434783,0.28900479233633
"AMBRA1",-0.317193675889328,-0.839116866012558
"AMD1",-0.533596837944664,-0.132261538379192
"AMDHD1",0.00148257973391901,0.152940902231128
"AMDHD2",-0.0938735177865613,-1.25544058546684
"AMELX",0.285855728360829,0.336685963453222
"AMELY",0.629446640316205,1.28533334909968
"AMER1",0.179841897233202,-0.292962484587749
"AMER2",0.376482213438735,1.26935691865253
"AMER3",-0.424901185770751,-0.523056019695615
"AMFR",-0.409090909090909,-0.590752752301678
"AMH",-0.0128490243606314,-0.111157950570241
"AMHR2",0.684782608695652,1.27737915588364
"AMIGO1",-0.648221343873518,-1.84624004370437
"AMIGO2",-0.490118577075099,-0.762702161418009
"AMMECR1",-0.0202619230302264,-0.00595203137164726
"AMMECR1L",-0.237154150197628,-0.204122641835155
"AMN",0.202619230302264,-0.178213517873551
"AMN1",-0.643280632411067,-0.489175362467135
"AMOT",-0.160079051383399,-0.546932107624245
"AMOTL1",-0.446640316205534,-0.934425213471111
"AMOTL2",0.324110671936759,1.33011584382213
"AMPD1",0.290738880644178,0.734398988783648
"AMPD2",0.362648221343874,0.759124444053384
"AMPD3",-0.461462450592885,-0.904201117062903
"AMPH",-0.650197628458498,-1.97415678924342
"AMT",-0.0227272727272727,-0.175319236989618
"AMY1A",-0.592885375494071,-1.40127869423939
"AMY2B",-0.143280632411067,0.0136187560805082
"AMZ1",0.66501976284585,0.788727331136068
"AMZ2",-0.847826086956522,-2.41166375235605
"AMZ2P1",-0.754940711462451,-1.98035765398524
"ANAPC1",-0.623517786561265,-1.26411479911783
"ANAPC10",-0.614624505928854,-1.38392176906543
"ANAPC11",-0.568322231335619,-0.521839743387495
"ANAPC13",-0.663207334306436,-1.63207832170087
"ANAPC15",-0.173461828868524,-0.0190584724009878
"ANAPC16",-0.135375494071146,0.0672226747598985
"ANAPC2",0.551929053374888,0.681534695933375
"ANAPC4",-0.496047430830039,-1.31773908872966
"ANAPC5",-0.826291105037526,-1.76602183744641
"ANAPC7",-0.463438735177866,-0.919908886027244
"ANG",0.309364971144433,0.220811218537218
"ANGEL1",-0.0647393150477966,-0.0267253625946871
"ANGEL2",0.0731225296442688,0.664153504477376
"ANGPT1",0.612648221343874,1.11470720790944
"ANGPT2",0.175074269618916,0.61014620225344
"ANGPT4",0.601433178726477,1.29795954153169
"ANGPTL1",0.508030655489579,0.778552618103088
"ANGPTL2",0.317193675889328,0.33986093633305
"ANGPTL3",0.517786561264822,0.914632793141711
"ANGPTL4",0.0849802371541502,-0.00694059765159666
"ANGPTL6",0.150346265435453,-0.169196647199875
"ANGPTL7",0.330366135891062,0.114692221309371
"ANGPTL8",0.429278152624913,1.13118662814667
"ANHX",0.621167465088584,1.01284080741198
"ANK1",0.24901185770751,-0.0268177164681133
"ANK2",-0.875494071146245,-3.11913914110861
"ANK3",-0.438735177865613,-0.296675927056494
"ANKAR",0.714217148021983,1.83916506319587
"ANKDD1A",0.462450592885375,1.1395582097123
"ANKEF1",0.449728966993038,0.222104428842079
"ANKFN1",0.58695652173913,1.32413573383305
"ANKFY1",-0.486166007905138,-0.991781202293206
"ANKH",-0.741106719367589,-1.64406652737492
"ANKHD1",-0.771739130434783,-1.37023253950136
"ANKIB1",-0.635375494071146,-0.863861769127172
"ANKLE1",-0.0881627270096484,-0.433073772759087
"ANKLE2",-0.798418972332016,-1.53277477382758
"ANKMY1",-0.168519896422127,-0.899816392460076
"ANKMY2",-0.868577075098814,-2.67893755898296
"ANKRA2",-0.390316205533597,-0.303588654242515
"ANKRD1",0.420064257943718,0.421729197992238
"ANKRD10",-0.502100336553904,-1.4878512495358
"ANKRD10-IT1",0.74802371541502,1.67919960653231
"ANKRD11",0.211462450592885,0.377740448711994
"ANKRD12",0.658265401860039,3.33582486193448
"ANKRD13A",-0.111660079051383,-0.0281396328126665
"ANKRD13B",0.561048017136598,0.480901430158106
"ANKRD13C",-0.475296442687747,-0.302268876005529
"ANKRD13C-DT",0.556324110671937,1.05461491976507
"ANKRD13D",0.8300395256917,2.85606106404005
"ANKRD16",0.104743083003953,0.62534003088288
"ANKRD17",-0.230237154150198,0.0066513032550709
"ANKRD18A",-0.322293662707544,-0.717382167453721
"ANKRD18B",0.525691699604743,0.307310130069083
"ANKRD19P",-0.173913043478261,-1.0745121211213
"ANKRD2",0.198616600790514,0.0467267268101438
"ANKRD20A1",-0.0207561162748661,-0.502651056058894
"ANKRD20A11P",0.468379446640316,0.883081734867465
"ANKRD20A12P",0.362017981245894,0.570576759294134
"ANKRD20A5P",-0.0177865612648221,-0.175866100616278
"ANKRD22",0.395256916996047,0.283282744867808
"ANKRD23",0.519762845849802,1.09045311513279
"ANKRD24",0.538537549407115,0.978517193931477
"ANKRD26",-0.711462450592885,-1.26890527128429
"ANKRD26P3",-0.22337534657713,-1.11827626285894
"ANKRD27",-0.625494071146245,-0.943484749554111
"ANKRD28",-0.677865612648221,-0.950053304728873
"ANKRD29",-0.488142292490119,-1.00208080596528
"ANKRD30A",0.221343873517787,0.170188226099231
"ANKRD30B",-0.0642451218031569,0.21781420556398
"ANKRD30BP2",-0.235177865612648,-0.348122282555036
"ANKRD30BP3",-0.00444773920175702,-0.302457249141427
"ANKRD31",0.383988151085023,0.666562979921265
"ANKRD33",0.0854954313226627,-0.133466949112197
"ANKRD33B",0.33399209486166,1.11326542316721
"ANKRD34A",-0.0385375494071146,-0.00805693161024547
"ANKRD34C",-0.464426877470356,-0.845381807125041
"ANKRD35",-0.55093993320755,-1.82427275511812
"ANKRD36",0.605731225296443,1.28529826573678
"ANKRD36B",0.681818181818182,1.52501495645743
"ANKRD36BP2",-0.774703557312253,-1.77969297939198
"ANKRD36C",-0.718379446640316,-2.01881724786678
"ANKRD37",-0.594861660079051,-1.04202198454356
"ANKRD39",-0.636363636363636,-1.06232291091552
"ANKRD40",-0.408102766798419,-0.666437310395586
"ANKRD40CL",0.441699604743083,0.588014193800033
"ANKRD42-DT",0.455151978313135,0.64748319407256
"ANKRD44",-0.395648066935404,-0.266850952876034
"ANKRD44-IT1",-0.0568322231335619,-0.46462935905752
"ANKRD45",0.296021753539162,0.27695089599272
"ANKRD46",-0.769762845849802,-1.36271590459854
"ANKRD49",-0.431924895815071,-0.793818422066412
"ANKRD50",-0.731225296442688,-0.897732429462641
"ANKRD52",0.451581027667984,0.567771177151772
"ANKRD53",0.798219975042177,1.36714184271807
"ANKRD54",-0.270750988142292,-0.647174723726054
"ANKRD55",-0.0207509881422925,0.260518059130591
"ANKRD6",-0.453557312252964,-0.682966866769448
"ANKRD60",0.619565217391304,0.878461911166371
"ANKRD65",0.171485055889965,0.0718103184779016
"ANKRD7",0.248886963966906,0.498140435734986
"ANKRD9",0.566765855884966,1.40275172695994
"ANKS1A",-0.16304347826087,0.203505958947616
"ANKS1B",0.705533596837945,2.40982118147933
"ANKS3",0.24802371541502,-0.144264302928387
"ANKS4B",0.276679841897233,0.102117812312072
"ANKS6",-0.208498023715415,-0.756381688679957
"ANKUB1",0.0741555933567616,-0.196190660016939
"ANKZF1",0.207509881422925,0.0838834976376071
"ANLN",-0.0345849802371542,0.433490062966456
"ANO1",0.0484189723320158,-0.319583790365264
"ANO10",0.143280632411067,0.280746338436678
"ANO2",0.457128751291694,0.266302812244979
"ANO3",-0.408102766798419,-0.753172581044962
"ANO4",-0.687747035573123,-0.863948970234301
"ANO5",-0.695652173913043,-1.03533229451536
"ANO6",0.0464426877470356,0.729414932087991
"ANO7",0.58117125569625,0.357890798717237
"ANO7L1",0.198616600790514,-0.233622739314907
"ANO8",0.609683794466403,1.77146044556551
"ANO9",0.502594529798543,0.222012918463678
"ANOS1",-0.468379446640316,-0.781672975168323
"ANOS2P",-0.394658946768065,-0.745868407191518
"ANP32A",0.0543478260869565,0.825673322859671
"ANP32A-IT1",0.0296515946783801,-0.449927754312001
"ANP32B",-0.296442687747036,-0.254099946219491
"ANP32CP",0.681818181818182,1.29285750796165
"ANP32D",0.525327419051968,1.19246075512771
"ANP32E",-0.661067193675889,-0.931518936913432
"ANPEP",0.377843903923311,0.33284654900155
"ANTKMT",-0.49802371541502,-0.937839723108994
"ANTXR1",-0.177865612648221,-0.304443744642758
"ANTXR2",-0.611660079051383,-1.5610168575961
"ANXA1",-0.0978260869565217,-0.0398099371449471
"ANXA10",0.317507573715662,0.616805454295058
"ANXA11",-0.41699604743083,-0.623026347801168
"ANXA13",0.578700289473052,1.20266295610334
"ANXA2",-0.167531509932848,0.034117775436346
"ANXA2P1",0.299407114624506,0.0612880655461476
"ANXA2P2",0.125618261251991,0.272306932491166
"ANXA2P3",0.371139126724391,0.0811129957181113
"ANXA2R",0.311264822134387,-0.0988050384863835
"ANXA2R-AS1",0.590560927344404,0.843522724507668
"ANXA2R-OT1",0.492094861660079,0.530866972173312
"ANXA3",-0.315295290080109,-0.114339457254563
"ANXA4",-0.803359683794466,-1.73942438416845
"ANXA5",-0.374505928853755,-0.499198715431331
"ANXA6",-0.709486166007905,-2.05517704209014
"ANXA7",-0.74703557312253,-1.32202447739239
"ANXA8",-0.0242154689873438,-0.272005300246236
"ANXA8L1",0.646245059288537,1.33231867323797
"ANXA9",0.578063241106719,0.784979954027161
"AOAH",0.073140600206671,-0.16926895378722
"AOC1",0.374876543421295,0.647305953130831
"AOC2",0.316283676569388,0.93494409139031
"AOC3",0.460474308300395,0.681828246075061
"AOC4P",-0.00692384117136957,-0.412629533252596
"AOPEP",-0.414628132252682,-1.34206632485605
"AOX1",0.535211283944761,0.801720852839001
"AOX3P-AOX2P",0.499135177086065,0.880206442176471
"AP1AR",0.270750988142292,1.13973267056215
"AP1B1",0.306324110671937,0.392124029014727
"AP1G1",-0.637509285585173,-1.51856142169942
"AP1G2",0.291501976284585,0.543661324345694
"AP1G2-AS1",0.699604743083004,1.13707715524362
"AP1M1",-0.698616600790514,-1.97264362879003
"AP1M2",0.425321671955559,0.327722362229935
"AP1S1",0.024703557312253,-0.0197237335788207
"AP1S2",-0.807312252964427,-1.63445128227059
"AP1S3",0.388339920948617,0.516995145766496
"AP2A1",0.574252550271295,0.259136251770206
"AP2A2",-0.760869565217391,-2.85647578432016
"AP2B1",-0.711144079036483,-1.69165666844573
"AP2M1",-0.781620553359684,-1.96390183415371
"AP2S1",-0.801383399209486,-2.21738926229937
"AP3B1",-0.526679841897233,-1.04698000223681
"AP3B2",-0.577075098814229,-1.60496883198405
"AP3D1",-0.639328063241107,-1.35210501947406
"AP3M1",-0.368577075098814,-0.574538647960993
"AP3M2",-0.711462450592885,-1.79208025824691
"AP3S1",-0.70326443897768,-1.24947786783841
"AP3S2",-0.575098814229249,-1.0562524486851
"AP4B1",-0.687747035573123,-3.36315548064653
"AP4E1",-0.338932806324111,-0.138149628198188
"AP4M1",-0.0839920948616601,-0.441729415815855
"AP4S1",-0.132411067193676,-0.333416447394299
"AP5B1",0.189723320158103,-0.299784514660086
"AP5M1",-0.721646591309313,-1.16132145132201
"AP5S1",0.396637187102742,0.475184001980061
"AP5Z1",0.314229249011858,0.564165374715059
"APAF1",0.217391304347826,0.690708455431995
"APBA1",0.0706696339834726,0.654468759170817
"APBA2",-0.447628458498024,-1.30938492321669
"APBA3",0.447628458498024,-0.0847390055008555
"APBB1",-0.744071146245059,-1.11633794147683
"APBB1IP",0.326086956521739,0.518357545069055
"APBB2",-0.461462450592885,-0.887920900387921
"APBB3",0.00543612569103636,-0.0460318220740171
"APC",-0.397233201581028,-0.585856815715993
"APC2",-0.141304347826087,-0.58034411001079
"APCDD1",-0.175889328063241,-0.178753075942983
"APCDD1L",0.0474777680322485,-0.630860982478509
"APCDD1L-DT",0.807312252964427,1.35579459224001
"APCS",0.436758893280632,0.346557093064506
"APEH",-0.613636363636364,-1.62126828926227
"APELA",-0.254509520989429,-0.851854543038496
"APEX1",-0.763528562968288,-1.93714948242817
"APEX2",0.286844848528168,0.463170664995449
"APH1A",0.502473045007963,0.629839569335155
"APH1B",-0.724308300395257,-1.36549325356676
"API5",-0.632411067193676,-0.856914684301843
"APIP",-0.480237154150198,-1.09646563023969
"APLF",0.0592885375494071,-0.167795151928446
"APLN",0.285573122529644,0.381382984403681
"APLNR",0.239130434782609,0.525507970690539
"APLP1",-0.550531274528591,-1.08929576799271
"APLP2",-0.875494071146245,-3.71869052377559
"APMAP",-0.774703557312253,-2.33553223145502
"APOA1",0.677538938400986,1.76120555270162
"APOA1-AS",0.651346696435083,1.1212125596929
"APOA2",0.0385470730818942,-0.258786155575205
"APOA4",0.440711462450593,0.522923280238684
"APOA5",0.517786561264822,0.210917693017942
"APOB",0.275265637264295,0.378132350788754
"APOBEC1",0.58265383543017,1.15825456216405
"APOBEC2",0.658102766798419,1.23537963439844
"APOBEC3A",0.46256487698273,0.611565173928251
"APOBEC3B",-0.225846312800329,-0.104720831049949
"APOBEC3C",0.741106719367589,1.25210440370915
"APOBEC3D",0.502230366223503,0.648727554118159
"APOBEC3F",0.145292813924063,-0.431703013366526
"APOBEC3G",0.576086956521739,0.5885428257095
"APOBEC4",0.622529644268775,1.48468726326778
"APOBR",0.199802273802379,-0.145963891633931
"APOC1",0.652335082924363,0.914896904877513
"APOC2",0.204747874639071,-0.135076139630186
"APOC3",0.304869696528171,-0.262127652025714
"APOC4",0.77637758732892,0.947680577362593
"APOD",0.120553359683794,0.570153933404889
"APOE",-0.00988142292490119,-0.000842918784192378
"APOF",-0.162589577486451,-1.2867935322398
"APOH",0.26933531832862,0.225432751567578
"APOL1",-0.159624418018613,-0.55036693560797
"APOL2",-0.152173913043478,-0.940826469463809
"APOL3",0.0237154150197628,-0.501741749879132
"APOL4",0.352766798418972,0.912779965342129
"APOL5",0.553359683794466,0.867642080294007
"APOL6",0.25197628458498,0.238028852518426
"APOLD1",0.0909090909090909,0.230503157302539
"APOM",0.181008990622947,0.275404626992268
"APOO",-0.695652173913043,-1.38487715766303
"APOOL",-0.220573797316488,-0.58387484993929
"APP",0.604743083003953,2.54261484691815
"APPBP2",-0.829051383399209,-2.02875835485056
"APPL1",-0.666666687018913,-0.868703603525105
"APPL2",-0.312561972878969,-0.236135705632925
"APRG1",-0.278230796732134,-0.978017812291703
"APRT",-0.319485814050339,-0.793374706365791
"APTR",-0.762045983234369,-1.97259679674018
"APTX",-0.677865612648221,-2.56407626530622
"AQP1",0.0889328063241107,-0.0310948590097507
"AQP10",0.307312252964427,0.0635702897804928
"AQP11",-0.651185770750988,-1.20686900283373
"AQP12A",0.805335968379447,1.39657240402554
"AQP12B",0.539070491199488,1.62821216263789
"AQP2",0.125494071146245,0.0163832807232628
"AQP3",0.391304347826087,1.16614185236136
"AQP4",-0.192687747035573,-0.0224378770544869
"AQP4-AS1",0.147378904933438,0.370819746293451
"AQP5",0.464886478649099,0.422948046994181
"AQP6",0.355094140074525,0.350681226923098
"AQP7",0.100790513833992,-0.0761637887250581
"AQP8",0.335311736727755,-0.103144018977117
"AQP9",0.230237154150198,0.0567927101989904
"AQR",-0.41304347826087,-0.526655431810207
"AR",-0.437747035573123,-0.937635308220481
"ARAF",0.341897233201581,0.543932599675199
"ARAP1",0.152173913043478,0.101968609698515
"ARAP2",-0.244071146245059,-0.208139129540927
"ARAP3",0.149209486166008,0.111121541234599
"ARB2A",0.316205533596838,0.861967878988086
"ARC",0.17094861660079,0.431872020548181
"ARCN1",-0.776679841897233,-1.39258414886212
"AREG",-0.0242695147386111,-0.179411880681815
"AREL1",-0.798418972332016,-2.78193689608069
"ARF1",-0.783596837944664,-2.08699919472188
"ARF3",0.302371541501976,0.738367867770331
"ARF4",-0.647233201581028,-0.801522600051098
"ARF5",-0.828063241106719,-3.08201630036005
"ARF6",-0.469483582407685,-0.2892258748129
"ARFGAP1",-0.308376584655153,-0.970772631695787
"ARFGAP2",-0.606330662578506,-1.39030333573478
"ARFGAP3",-0.561264822134387,-0.844399211894602
"ARFGEF1",-0.671936758893281,-1.44468745522813
"ARFGEF1-DT",-0.229038018335806,0.102673013437679
"ARFGEF2",-0.708498023715415,-1.32614046178943
"ARFGEF3",-0.781620553359684,-1.96287147597321
"ARFIP1",-0.784584980237154,-1.47752031318968
"ARFIP2",-0.0405238460604528,0.0121328966863007
"ARFRP1",0.0948851029708164,-0.525419837264063
"ARG1",0.313241106719368,-0.0684715029950258
"ARG2",-0.546442687747036,-1.17583242462687
"ARGLU1",-0.318181818181818,-0.626808783123141
"ARGLU1-DT",-0.556324110671937,-1.4045694612691
"ARHGAP1",0.423913043478261,0.699867754652198
"ARHGAP10",0.355819136140562,0.667353543861906
"ARHGAP11A",-0.0385375494071146,-0.919599533748248
"ARHGAP11B",0.134520342758037,0.199057186315453
"ARHGAP12",-0.587944664031621,-0.820767246319211
"ARHGAP15",-0.14974055312582,-0.114171822543891
"ARHGAP17",0.0681986677602743,-0.182134326676863
"ARHGAP18",0.191699604743083,0.366513730504717
"ARHGAP19",-0.116629605734962,-0.688703226853811
"ARHGAP19-SLIT1",0.66600790513834,1.68042804588806
"ARHGAP20",-0.606719367588933,-0.909771159495079
"ARHGAP21",-0.599802371541502,-0.946626969910863
"ARHGAP22",-0.0158102766798419,-0.589508521661008
"ARHGAP22-IT1",-0.0182851500516677,-0.47313007618621
"ARHGAP23",0.0108695652173913,-0.447536567639799
"ARHGAP24",-0.555335968379447,-1.21628322209924
"ARHGAP25",0.0760869565217391,0.00811914988117231
"ARHGAP26",0.5,1.40814402307204
"ARHGAP26-AS1",0.445652173913043,0.753743851920523
"ARHGAP27",0.641108578322257,0.958296274835547
"ARHGAP27P1",0.217606436814472,-0.136910183304437
"ARHGAP28",-0.55363328563259,-1.25812694869831
"ARHGAP29",-0.16304347826087,0.0447312123135617
"ARHGAP30",0.0514342487016025,-0.0512495536648137
"ARHGAP31",0.527798385275166,1.18022927385061
"ARHGAP32",-0.550395256916996,-0.40086613827658
"ARHGAP33",0.74901185770751,1.38960929016525
"ARHGAP35",-0.154150197628458,-0.208368784513353
"ARHGAP36",-0.128458498023715,0.352415209850214
"ARHGAP39",0.16798418972332,-0.0706017422611499
"ARHGAP4",0.587595767876566,0.957748152381978
"ARHGAP42",0.271806284551818,0.509462102196833
"ARHGAP44",-0.460093910759532,-0.409555240684522
"ARHGAP45",0.539164829901879,0.972097678427469
"ARHGAP5",0.150197628458498,0.73441236181163
"ARHGAP5-AS1",-0.299407114624506,-1.23612940652964
"ARHGAP6",0.0691699604743083,0.0873317937993303
"ARHGAP8",0.0187747035573123,0.366165332054475
"ARHGAP9",0.556874654211581,1.11668529333049
"ARHGDIA",0.254940711462451,0.307916457012134
"ARHGDIB",-0.0988142292490119,0.0722531975932453
"ARHGDIG",-0.570158102766798,-0.980539933776358
"ARHGEF1",0.602421565215756,0.543515449905136
"ARHGEF10",-0.387351778656126,-1.06745873480127
"ARHGEF10L",0.355731225296443,1.05954611495825
"ARHGEF11",-0.402173913043478,-0.887157745105594
"ARHGEF12",-0.234247597959203,-0.0584710369140585
"ARHGEF15",0.717568591216799,1.19763517161808
"ARHGEF16",0.479249011857708,0.640398111288527
"ARHGEF17",-0.300395256916996,-1.04987071714679
"ARHGEF18",0.348406237470966,0.733283869377892
"ARHGEF19",-0.140316205533597,-0.881574500425603
"ARHGEF2",0.425006190390115,0.330525632384953
"ARHGEF25",-0.587944664031621,-3.0237126641896
"ARHGEF26",0.0741106719367589,-0.255393790569181
"ARHGEF26-AS1",0.203557312252964,0.837505919928568
"ARHGEF28",-0.117617992224241,-0.160463979900459
"ARHGEF3",-0.423913043478261,-0.843986847723211
"ARHGEF33",0.0484189723320158,-0.349017678801967
"ARHGEF37",-0.272727272727273,-0.237404429523207
"ARHGEF38",0.374104286192229,0.818948687026303
"ARHGEF39",0.284584980237154,0.0695366956571554
"ARHGEF4",-0.278656126482213,-1.04192170760867
"ARHGEF40",0.25098814229249,0.633303345387232
"ARHGEF5",0.638003478829812,0.951374078816312
"ARHGEF6",-0.374505928853755,-1.01834162600548
"ARHGEF7",-0.0899209486166008,0.420313290648685
"ARHGEF7-AS2",0.0395256916996047,-0.0977247741630603
"ARHGEF7-IT1",0.27200804601809,-0.188543782461394
"ARHGEF9",-0.764822134387352,-2.26604964099369
"ARID1A",-0.774703557312253,-2.6282957053861
"ARID1B",-0.270323704817899,-0.918552151737075
"ARID2",0.440711462450593,1.49621189677821
"ARID3A",0.730237154150198,1.80629872314816
"ARID3B",0.353842363162003,0.628049579239544
"ARID4A",-0.739130434782609,-0.961548194491424
"ARID4B",-0.616600790513834,-1.11144384771159
"ARID5A",0.541501976284585,0.837994065055247
"ARID5B",-0.599802371541502,-0.940654979632362
"ARIH1",-0.593873517786561,-0.944670753090572
"ARIH2",-0.778354360307478,-1.62989008390836
"ARIH2OS",-0.11275969907659,-0.654954238411967
"ARK2C",0.700592885375494,2.93029689005043
"ARK2N",-0.612648221343874,-0.631615253187318
"ARL1",-0.202569169960474,0.399386456072602
"ARL10",-0.522255448354733,-1.11474792764754
"ARL11",0.00395256916996047,-0.354005275041686
"ARL13B",-0.218379446640316,-0.786555922204406
"ARL14",0.219584677149149,0.184874326634258
"ARL14EP",-0.117588932806324,-0.104765251188584
"ARL15",-0.0266798418972332,0.0638167749536792
"ARL16",-0.738142292490119,-2.18935847630701
"ARL17A",0.0760869565217391,0.0175349023741623
"ARL2",-0.237706950671681,-0.284132135290245
"ARL2BP",0.614624505928854,1.37445775649262
"ARL3",-0.739130434782609,-1.2659160437126
"ARL4A",0.342885375494071,0.348986033144349
"ARL4C",-0.112648221343874,0.167178126060688
"ARL4D",-0.0365612648221344,-0.439697206985775
"ARL5A",0.0306324110671937,0.81006852091216
"ARL5B",-0.647233201581028,-0.632746281568729
"ARL5C",0.440711462450593,0.378605940559119
"ARL6",-0.475296442687747,-0.642744460102005
"ARL6IP1",-0.786755645466353,-1.64205058589957
"ARL6IP4",-0.705707953345447,-1.64020905460048
"ARL6IP5",-0.849802371541502,-2.46233101712284
"ARL6IP6",-0.223320158102767,0.0469470836409857
"ARL8A",0.41403162055336,1.17570091684228
"ARL8B",-0.757905138339921,-2.04439369318381
"ARL9",-0.487274539214713,-1.11228689287671
"ARLNC1",0.210526322216499,0.0956180930039162
"ARMC1",-0.0761622528850652,0.368380943702053
"ARMC10",-0.154150197628458,0.0646487991686083
"ARMC12",0.348170298903155,-0.200988437912375
"ARMC2",-0.401779107892051,-1.02191775557427
"ARMC3",0.122338166131366,0.358228209693923
"ARMC5",0.0958734894600957,-0.264396960314543
"ARMC6",0.00247096622319834,-0.53362757040096
"ARMC7",0.115612648221344,-0.317607982375393
"ARMC8",-0.764822134387352,-1.65562651209207
"ARMC9",0.732213438735178,0.863895632079265
"ARMCX1",-0.685770750988142,-0.970129887237077
"ARMCX2",-0.777667984189723,-2.34938827094568
"ARMCX3",-0.648221343873518,-0.757597264531833
"ARMCX4",-0.778656126482213,-1.56594591025456
"ARMCX5",-0.496047430830039,-0.499181359509563
"ARMCX6",0.0711462450592885,-0.10898487547056
"ARMH1",0.404250074115249,0.262210623597192
"ARMH3",-0.318181818181818,-0.519230774697009
"ARMH4",-0.631422924901186,-1.22292824407859
"ARMT1",-0.525691699604743,-0.184363892167637
"ARNT",-0.83399209486166,-2.20188739384052
"ARNT2",-0.254940711462451,-0.0875595564707365
"ARPC1A",-0.739130434782609,-2.24405178480912
"ARPC1B",0.202569169960474,0.799001399198793
"ARPC2",0.408102766798419,1.72304113459795
"ARPC3",-0.790513833992095,-1.98165847783411
"ARPC4",-0.394268774703557,-1.59056539865219
"ARPC5",-0.624505928853755,-1.147732502989
"ARPC5L",-0.783596837944664,-4.84685255522076
"ARPIN",0.0736347934513106,-0.433122279821906
"ARPP19",-0.787549407114625,-3.11706062590625
"ARPP21",-0.274703557312253,-0.279600199136496
"ARR3",0.33596837944664,0.280647685908675
"ARRB1",-0.33102766798419,-0.502254700141975
"ARRB2",-0.211020515461139,-0.506123209764513
"ARRDC1",0.591897233201581,0.585121177644183
"ARRDC1-AS1",0.202769634304394,-0.338295290506573
"ARRDC2",-0.132937982808071,0.0228083597425534
"ARRDC3",-0.83498023715415,-2.48171619068904
"ARRDC3-AS1",-0.0701581027667984,-0.174759527327454
"ARRDC4",-0.663701527551075,-1.52148358605594
"ARSA",0.209486166007905,-0.224484639182569
"ARSB",-0.395246382885952,-0.735958670721674
"ARSD",-0.340004952312092,-0.591873757631332
"ARSF",-0.0652173913043478,-0.439186312031594
"ARSG",0.0791296133870807,0.580501291162809
"ARSI",0.507905138339921,0.563371747281661
"ARSJ",0.213438735177866,0.15116191378097
"ARSK",0.437855214750747,0.117650710505535
"ARSL",0.153162055335968,0.257799006493037
"ART1",0.687438516300264,1.26478278238217
"ART3",0.0474425514854082,0.241860232962805
"ART4",0.733201581027668,1.46841787213705
"ART5",0.602766798418972,0.478839219584154
"ARTN",0.527304192030527,0.680292892307161
"ARV1",-0.673913043478261,-1.50692234336006
"ARVCF",0.521266328187394,0.227541004156219
"ARX",0.124505928853755,0.66799168843574
"AS3MT",-0.312036618067857,-0.447665426356108
"ASAH1",-0.527667984189723,-0.398807643210461
"ASAH2B",-0.617588932806324,-1.39293548468846
"ASAP1",0.141833461211585,0.537194960940376
"ASAP1-IT1",0.399209486166008,1.25831936910086
"ASAP1-IT2",0.538537549407115,1.07147405663376
"ASAP2",-0.489130434782609,-0.399018925070145
"ASAP3",0.00988142292490119,-0.262146292667631
"ASB1",-0.634387351778656,-2.36008971531816
"ASB10",0.66798418972332,0.92244143870218
"ASB11",0.0355731225296443,-0.0302471825272096
"ASB12",0.712450592885375,1.65533460676817
"ASB13",-0.640474445053011,-1.60901371117619
"ASB14",0.444114955134991,0.642832034492721
"ASB15",0.170002476156046,-0.192879580842491
"ASB16",0.549407114624506,1.0761770586692
"ASB16-AS1",-0.13946594359473,-0.244280935534096
"ASB17",-0.100915239180355,-0.460302066413064
"ASB2",0.4199604743083,0.216183410140749
"ASB3",-0.826086956521739,-2.19557017939291
"ASB4",0.284231374320303,0.389039374127539
"ASB5",-0.20854954923794,-0.535318423240392
"ASB6",-0.469367588932806,-1.08481538167389
"ASB7",-0.759881422924901,-1.69677779389439
"ASB8",-0.0820158102766798,0.424154786753635
"ASB9",0.25098814229249,0.297598645021802
"ASCC1",-0.607707509881423,-1.02365386041329
"ASCC2",-0.436758893280632,-1.40626318330028
"ASCC3",-0.755928853754941,-1.6314576471694
"ASCL1",-0.147233201581028,-0.134833591389845
"ASCL2",0.0286561264822134,-0.0459547838704182
"ASCL3",0.436758893280632,0.561518660747269
"ASCL5",-0.0494560083669255,0.0649748841388712
"ASF1A",-0.601433178726477,-0.610896956266354
"ASF1B",0.354743083003953,-0.102658293544353
"ASGR1",0.0296442687747036,-0.136348619682564
"ASGR2",0.529280965009085,0.829823178644426
"ASH1L",0.325098814229249,0.564944683024779
"ASH1L-AS1",-0.0207509881422925,0.207848177638706
"ASH2L",-0.760869565217391,-1.65401461922242
"ASIC1",0.360266875342319,0.223779519617494
"ASIC2",-0.591897233201581,-1.42313818449711
"ASIC3",0.297504333273081,-0.0020719938265953
"ASIC4",0.458262786155853,0.254541839397895
"ASIC5",0.263899192637583,-0.286511700179004
"ASIP",0.169139548614885,0.545535770639037
"ASL",-0.193420875095681,-0.286869318446534
"ASMT",0.0988142292490119,-0.308484768808945
"ASMTL",-0.680830039525692,-1.64970031133997
"ASMTL-AS1",0.754633084564774,1.19579077405383
"ASNS",-0.761857707509881,-2.38858382234562
"ASNSD1",-0.739001573232788,-1.38213471197147
"ASPA",-0.674901185770751,-1.08225170184454
"ASPDH",0.521739130434783,0.439594428256285
"ASPG",0.386459117308221,0.494318384463748
"ASPH",-0.0647393150477966,-0.156085183933981
"ASPHD1",-0.476284584980237,-1.83833259741484
"ASPHD2",0.395256916996047,2.06782142398481
"ASPM",0.495675824373588,0.360073985288339
"ASPN",0.206572776259382,0.117342248039275
"ASPRV1",0.254203883005997,0.374411918625236
"ASPSCR1",-0.0780632411067194,0.0809347087414246
"ASRGL1",-0.231225296442688,-0.628401440888275
"ASS1",-0.58498023715415,-1.01469771601741
"ASTE1",-0.0928853754940711,-0.201487115138294
"ASTN1",-0.574110671936759,-1.06691175938442
"ASTN2",-0.209486166007905,-0.0694196355771569
"ASXL1",-0.329051383399209,-0.575943732165134
"ASXL2",-0.298418972332016,-0.189448436746568
"ASXL3",-0.363232034810157,-0.731095711820094
"ASZ1",0.399802334913492,0.48553650206864
"ATAD1",-0.716403162055336,-1.25734871201488
"ATAD2",0.0839920948616601,-0.16119313687646
"ATAD2B",-0.784584980237154,-1.58163040509514
"ATAD3A",0.473320158102767,0.421076749961561
"ATAD3B",0.371541501976285,-0.000226784080687396
"ATAD3C",0.326167541462181,0.157509756238807
"ATAD5",0.340909090909091,0.599211063350562
"ATAT1",-0.307312252964427,-0.481129687722887
"ATCAY",-0.699604743083004,-2.03856965092314
"ATE1",-0.313241106719368,0.220361485928397
"ATF1",0.100815421906492,0.542111108741158
"ATF2",-0.532608695652174,-0.33520854303796
"ATF3",-0.113170253022484,-0.0502233363128484
"ATF4",-0.563241106719368,-1.6459747410863
"ATF5",0.346837944664032,0.137900261987074
"ATF6",-0.784284679243154,-2.50046296259056
"ATF6B",0.262845849802372,0.236456584585105
"ATF7",0.254509520989429,0.0755256131944947
"ATF7IP",0.662055335968379,1.46601757226298
"ATF7IP2",-0.537549407114625,-1.27739379992907
"ATG10",0.595849802371542,1.48825453303875
"ATG101",-0.482213438735178,-0.434943892174684
"ATG12",0.185770750988142,1.07983332972568
"ATG13",-0.677865612648221,-1.5707734607146
"ATG14",-0.487154150197628,-1.01429613872365
"ATG16L1",-0.735177865612648,-2.09008719638561
"ATG16L2",-0.258463066946547,-0.539879847002271
"ATG2A",0.446640316205534,0.386016675329133
"ATG2B",-0.726958262864953,-1.23908451729726
"ATG3",-0.814924660410814,-1.35964720763565
"ATG4A",-0.452569169960474,-1.39846869066542
"ATG4B",-0.316777869814028,-0.66094904269358
"ATG4C",-0.548418972332016,-0.597700190360032
"ATG4D",0.503088723043183,0.903248331123561
"ATG5",-0.782608695652174,-1.92653040158407
"ATG7",-0.723320158102767,-1.94446201036728
"ATG9A",-0.730237154150198,-2.28298809111755
"ATG9B",0.43818023413096,0.423710757966894
"ATIC",-0.845849802371541,-2.14057771067294
"ATL1",-0.527667984189723,-0.548302887386572
"ATL2",0.107707509881423,0.755019319205271
"ATL3",-0.560276679841897,-0.816547780764229
"ATM",-0.289525691699605,-0.183224927069406
"ATMIN",-0.49901185770751,-0.0715499224777308
"ATN1",0.83399209486166,1.60955820137513
"ATOH1",0.735177865612648,1.53662001397462
"ATOH7",-0.49901185770751,-1.03374197488503
"ATOH8",0.537549407114625,0.805373322559498
"ATOSA",-0.66699604743083,-1.12122698847771
"ATOSB",0.171936758893281,0.0154989786103408
"ATOX1",-0.681818181818182,-1.3229229445008
"ATP10A",0.169014089666767,0.0966020386793075
"ATP10B",-0.058300395256917,-0.084810782564397
"ATP10D",-0.281620553359684,-0.292445143176046
"ATP11A",-0.155138339920949,0.275721088097206
"ATP11A-AS1",0.632411067193676,0.234555218836804
"ATP11B",-0.0988142292490119,0.462040488730769
"ATP11C",0.161601190997172,0.25698088988444
"ATP12A",0.517420327137733,0.923425160813531
"ATP13A1",-0.25098814229249,-0.119125762781617
"ATP13A2",-0.0360761068586958,0.0621098007175479
"ATP13A3",0.403162055335968,0.63789522023236
"ATP13A3-DT",0.507418645844655,0.6307432019255
"ATP13A4",-0.372529644268775,-0.790928077652427
"ATP13A4-AS1",0.32542053505437,0.16208589693786
"ATP13A5",0.487768732459353,0.838742229499731
"ATP1A1",-0.850790513833992,-2.70811440127029
"ATP1A1-AS1",-0.0484189723320158,-0.356402123973645
"ATP1A2",-0.25,-0.0214477087275482
"ATP1A3",-0.698616600790514,-1.32060036740146
"ATP1A4",-0.0929083299922577,-0.499730926209207
"ATP1B1",-0.759881422924901,-2.17050930225877
"ATP1B2",0.462450592885375,1.1740367475884
"ATP1B3",-0.173913043478261,-0.169563822672607
"ATP1B4",0.0761622528850652,-0.3595888679786
"ATP23",-0.344861660079051,-0.155650250485471
"ATP2A1",0.284584980237154,0.0485081758625395
"ATP2A1-AS1",0.377563638904707,0.247272806279039
"ATP2A2",-0.703557312252964,-1.60200419259916
"ATP2A3",-0.0879446640316206,-0.591076753104542
"ATP2B1",-0.344452691513849,-0.694894770471387
"ATP2B1-AS1",0.368577075098814,0.665791770618253
"ATP2B2",-0.768774703557312,-1.443885895042
"ATP2B3",-0.0909090909090909,-0.332704172899456
"ATP2B4",0.227272727272727,1.2060994817848
"ATP2C1",0.076105759674509,0.500977150376481
"ATP2C2",0.341981725290651,-0.0546990993475671
"ATP2C2-AS1",0.308605492209615,0.620041357087365
"ATP4A",0.394366209222456,0.853874277189065
"ATP4B",0.412651359274123,0.487104883074044
"ATP5F1A",-0.784584980237154,-1.7114276319668
"ATP5F1B",-0.821146245059289,-2.04844720810835
"ATP5F1C",-0.805335968379447,-1.94483351460835
"ATP5F1D",-0.6699604743083,-1.76673906368045
"ATP5F1E",-0.562252964426877,-0.607199526115431
"ATP5IF1",-0.776679841897233,-1.82851052319868
"ATP5MC1",-0.687747035573123,-1.37819091893016
"ATP5MC2",-0.727272727272727,-1.60227457723576
"ATP5MC3",-0.705533596837945,-1.30379183790716
"ATP5ME",-0.532608695652174,-1.43493417508922
"ATP5MF",-0.705533596837945,-1.86164703752367
"ATP5MG",-0.826086956521739,-1.72541881039136
"ATP5MJ",-0.733382775045268,-1.73766920688189
"ATP5MK",-0.612648221343874,-0.92557236394583
"ATP5PB",-0.728260869565217,-1.5857756814218
"ATP5PD",-0.575098814229249,-0.863968575731168
"ATP5PF",-0.710474308300395,-1.38618923049102
"ATP5PO",-0.304347826086957,-0.394046909668135
"ATP6",0.589078347610485,1.07788571470313
"ATP6AP1",-0.758893280632411,-1.70004933957076
"ATP6AP1-DT",0.468842959318453,0.0598612413944558
"ATP6AP1L",0.337944664031621,0.342927666369766
"ATP6AP2",-0.506916996047431,-0.493236836198166
"ATP6V0A1",-0.526679841897233,-1.2758088120795
"ATP6V0A2",0.144268774703557,0.192931839996882
"ATP6V0A4",0.574110671936759,0.828701070749217
"ATP6V0B",-0.75098814229249,-1.75241890318388
"ATP6V0C",-0.441699604743083,-0.431920548325757
"ATP6V0D1",-0.744071146245059,-1.84170261698702
"ATP6V0D1-DT",0.5800395256917,0.417931779414395
"ATP6V0D2",0.478260869565217,0.325027067860121
"ATP6V0E1",0.423029417411556,0.820050030896958
"ATP6V0E2",-0.283596837944664,-1.10602312584127
"ATP6V0E2-AS1",0.0454545454545455,-0.0307225036927526
"ATP6V1A",-0.603754940711463,-1.01332491201845
"ATP6V1B1",0.256916996047431,0.0673956912283574
"ATP6V1B2",-0.776679841897233,-1.86146030452478
"ATP6V1C1",-0.893280632411067,-2.63718307714505
"ATP6V1C2",0.260439839925105,0.581919309106122
"ATP6V1D",-0.766798418972332,-2.38864818904203
"ATP6V1E1",-0.772727272727273,-2.34426872883385
"ATP6V1E2",-0.120672660415298,-0.302624956338013
"ATP6V1F",-0.683794466403162,-1.66431356833304
"ATP6V1G1",-0.329051383399209,-0.228443859458624
"ATP6V1G2",-0.728260869565217,-1.60657629693506
"ATP6V1G3",0.587537379399075,1.63252455757623
"ATP6V1H",-0.782608695652174,-2.14539100917676
"ATP7A",-0.540513833992095,-1.82451493920311
"ATP7B",-0.534584980237154,-0.951892029426143
"ATP8A1",-0.601778656126482,-0.919285307295907
"ATP8A2",-0.707509881422925,-1.79313870401183
"ATP8B1",0.716403162055336,1.59280407713668
"ATP8B1-AS1",0.787025692237816,1.87265839375766
"ATP8B2",-0.33201581027668,-0.448331550281368
"ATP8B3",0.351543558863102,-0.215135039206037
"ATP8B4",-0.66501976284585,-1.10111388597008
"ATP8B5P",0.0158141838284694,-0.571408667509291
"ATP9A",-0.796442687747036,-1.46344637282556
"ATP9B",0.431818181818182,1.07680164326226
"ATPAF1",-0.738324707491665,-0.910481853237256
"ATPAF2",0.23869533716096,0.78192037910324
"ATPSCKMT",-0.571146245059289,-1.10301448321952
"ATR",-0.720355731225296,-1.48700762004932
"ATRAID",-0.822134387351779,-2.19291147371061
"ATRIP",-0.402173913043478,-0.866735930196098
"ATRN",-0.840909090909091,-2.39268864144168
"ATRNL1",-0.504571302777102,-0.722087953936695
"ATRX",-0.537549407114625,-0.472590650327078
"ATXN1",-0.539525691699605,-0.819593405882364
"ATXN1-AS1",0.077588339408428,-0.292912879520091
"ATXN10",-0.611660079051383,-1.30415068849432
"ATXN1L",-0.243637269607357,-0.14346556024516
"ATXN2",-0.345849802371542,-0.548894412965056
"ATXN2L",0.496664210862867,0.205680957509819
"ATXN3",-0.469367588932806,-0.666198226091321
"ATXN3L",-0.238142292490119,-1.16335411667953
"ATXN7",0.0741106719367589,0.805860315477927
"ATXN7L1",0.624505928853755,1.37576141457115
"ATXN7L2",0.714426877470356,1.21327745120593
"ATXN7L3",0.118577075098814,-0.140156903488995
"ATXN7L3-AS1",-0.0578206096228413,-0.292458336852344
"ATXN7L3B",-0.733201581027668,-2.57347397135981
"ATXN8OS",0.474542816256506,0.3020144333342
"AUH",-0.74604743083004,-1.39254870408303
"AUNIP",0.548060308305393,0.279248612396037
"AUP1",-0.304347826086957,-1.03792351832547
"AURKA",-0.199604743083004,-0.383899259410596
"AURKAIP1",-0.778656126482213,-3.05769213572773
"AURKB",0.17889795455956,-0.414661537163988
"AURKC",0.41699604743083,0.631957607100538
"AUTS2",-0.29849271976236,-0.268723639694599
"AVEN",-0.348406237470966,-0.686303020432796
"AVIL",0.707509881422925,0.965746672535653
"AVL9",-0.760869565217391,-1.17247369169477
"AVP",0.436866828261467,0.481200589410664
"AVPI1",0.121541501976285,0.309256394783024
"AVPR1A",0.340499145556732,0.320731501126073
"AVPR1B",0.385375494071146,0.203520988289872
"AVPR2",0.276679841897233,0.499122283105319
"AWAT1",0.558438366442826,0.320857948905026
"AXDND1",-0.145256916996047,-1.02236956731983
"AXIN1",0.652173913043478,1.18558639900659
"AXIN2",-0.280632411067194,0.0519352769380857
"AXL",0.731948923830497,0.782755167995244
"AZGP1",0.302371541501976,0.348468704089666
"AZGP1P1",0.307312252964427,0.117934249086175
"AZI2",-0.534222897455482,-0.8670470999042
"AZIN1",-0.705533596837945,-1.16834731552916
"AZIN2",0.232765018225284,0.747749513467623
"AZU1",0.011860637871352,-0.248886431756477
"B2M",-0.280632411067194,-0.218568717160476
"B3GALNT1",-0.681818181818182,-1.07509776198069
"B3GALNT2",-0.386363636363636,-0.449530041245648
"B3GALT1",0.425889328063241,0.915904777783707
"B3GALT2",-0.562252964426877,-0.785820177388656
"B3GALT4",0.359683794466403,0.293514883368097
"B3GALT5",-0.314229249011858,-0.931449670722563
"B3GALT5-AS1",0.552371541501976,1.18488473667826
"B3GALT6",0.0474308300395257,0.540523713233012
"B3GAT1",-0.411067193675889,-1.37676610138556
"B3GAT1-DT",0.824110671936759,2.72621186978238
"B3GAT2",-0.16304347826087,-0.0924688656227518
"B3GAT3",-0.0879446640316206,0.250573231212347
"B3GLCT",-0.186310853229155,-0.0405508025226481
"B3GNT2",-0.347826086956522,-0.0608422375802867
"B3GNT3",0.484309379746875,0.191525655403214
"B3GNT4",0.190947462370672,0.273547346479921
"B3GNT5",-0.145256916996047,0.264363505904873
"B3GNT6",0.429065796365258,0.761650121621154
"B3GNT7",0.299407114624506,0.578935927278483
"B3GNT8",0.176877470355731,-0.349809138110141
"B3GNT9",0.288823088862845,0.158884603228926
"B3GNTL1",-0.509881422924901,-0.604358751732123
"B4GALNT1",-0.0938735177865613,-0.6740519143415
"B4GALNT2",0.129478630095593,0.0912137953340234
"B4GALNT3",0.25,0.0220189196069019
"B4GALNT4",0.141304347826087,0.459106303530924
"B4GALT1",-0.0820158102766798,-0.500444344400027
"B4GALT2",0.342885375494071,-0.0456064739938731
"B4GALT3",-0.394366209222456,-0.57074708441952
"B4GALT4",-0.241106719367589,-0.458623968854628
"B4GALT5",-0.657114624505929,-1.21783673969655
"B4GALT6",-0.50197628458498,-0.74992765834073
"B4GALT7",-0.389328063241107,-1.11437667782099
"B4GAT1",-0.619565217391304,-1.20590838959411
"B4GAT1-DT",0.285573122529644,0.0814952422596539
"B9D1",-0.171936758893281,-0.363316133438837
"B9D2",0.107814098239898,-0.273672077704959
"BAALC",-0.50197628458498,-1.31787816433052
"BAALC-AS2",-0.0988142292490119,-0.107531980055132
"BAAT",-0.22436373306641,-0.683246546747854
"BABAM1",-0.771739130434783,-1.79571147985731
"BABAM2",-0.656126482213439,-1.16491831935173
"BABAM2-AS1",0.62614284095846,1.04109020298973
"BACE1",-0.707509881422925,-2.11286980509999
"BACE2",0.645256916996047,2.0733580071015
"BACH1",0.522727272727273,1.20148477213305
"BACH2",0.409192006561646,0.785720224120292
"BAD",-0.185770750988142,0.0169615862031321
"BAG1",-0.736166007905138,-1.59927498747774
"BAG2",0.284584980237154,0.45100839732767
"BAG3",0.275691699604743,0.589793758026346
"BAG4",-0.786561264822134,-1.44261497851039
"BAG5",-0.872529644268775,-2.2163381886337
"BAG6",-0.771739130434783,-1.59998570322662
"BAGE",0.1195947652028,-0.713782802150675
"BAGE2",0.523715415019763,1.0434887924592
"BAHCC1",0.408203620072366,0.189674678836869
"BAHD1",-0.62713122744774,-1.69251076134497
"BAIAP2",-0.648221343873518,-1.45717381835179
"BAIAP2-DT",-0.403162055335968,-0.991134772056267
"BAIAP2L1",0.0543612569103636,-0.458797689274602
"BAIAP2L2",-0.0079070919142347,-0.728305945485868
"BAIAP3",0.220355731225296,0.488139074995372
"BAK1",0.123640020917314,-0.127606871410081
"BALR6",-0.259708336125914,-0.984047749517224
"BAMBI",-0.00989120167338509,-0.285811411466289
"BANCR",0.386459117308221,-0.0975869454376755
"BANF1",0.113636363636364,0.790495101157776
"BANF2",0.482690641661193,0.669427358781607
"BANK1",0.580613538227705,0.761924747645589
"BANP",0.259451453435826,-0.206080747344816
"BAP1",-0.239130434782609,-1.061691682349
"BARD1",0.760869565217391,2.36954634408708
"BARHL1",0.188781819452353,0.00361366456528919
"BARX1",0.431818181818182,0.346509695930627
"BARX1-DT",0.565217391304348,1.02546034362282
"BARX2",0.67111442622067,0.636260607268725
"BASP1",-0.639980251808371,-1.25879429446433
"BASP1-AS1",0.685770750988142,1.48372918215209
"BATF",0.651496911767294,0.82831697425132
"BATF2",0.578010687754268,0.853436431018919
"BATF3",-0.216403162055336,-0.702708765486171
"BAX",-0.415430470282174,-0.895305821016775
"BAZ1A",0.0948616600790514,0.601033430199254
"BAZ1B",-0.816407240144733,-4.59540645547248
"BAZ2A",-0.117588932806324,-0.741861218887317
"BAZ2B",-0.272727272727273,-0.138046082509655
"BAZ2B-AS1",-0.104743083003953,-0.275535900055312
"BBC3",0.506053882511021,0.219637303168215
"BBIP1",-0.0671936758893281,-0.122874140141443
"BBLN",0.286561264822134,0.454943760540449
"BBOF1",-0.00494560083669255,-0.617380992861766
"BBOX1",-0.477272727272727,-1.34852743333025
"BBOX1-AS1",-0.1592483469415,-0.917420179480003
"BBS1",-0.423913043478261,-0.0264715193728499
"BBS10",-0.510386006346671,-0.623628384098857
"BBS12",-0.613636363636364,-0.985077924781727
"BBS2",-0.708498023715415,-1.53407753360139
"BBS4",0.203758754471733,1.05101337937187
"BBS5",0.102298001640411,-0.292759297205002
"BBS7",-0.0691699604743083,0.436595409110053
"BBS9",-0.408102766798419,-0.389471921010137
"BBX",0.621541501976285,3.95344888980742
"BCAM",0.699604743083004,1.17905617823702
"BCAN",0.675889328063241,0.983448975050771
"BCAN-AS1",0.43125639295959,0.40683328410632
"BCAP29",-0.213438735177866,0.291106760096069
"BCAP31",-0.758893280632411,-1.62914766057749
"BCAR1",0.123517786561265,-0.445235605569898
"BCAR3",0.186758893280632,0.491452206809321
"BCAR4",-0.226508518320519,-0.71553398042624
"BCAS1",-0.0934025232368974,0.337404911237904
"BCAS2",-0.810276679841897,-1.46506655126527
"BCAS3",-0.322134387351779,-0.867875461986239
"BCAS4",0.111660079051383,0.178349104642307
"BCAT1",-0.849802371541502,-2.67455483950276
"BCAT2",0.421052644432998,0.569561772278948
"BCCIP",-0.845849802371541,-3.02432444603042
"BCDIN3D",-0.402173913043478,-0.801375992235398
"BCDIN3D-AS1",0.148221343873518,0.0665016525719538
"BCHE",-0.126482213438735,0.0743544888417239
"BCKDHA",0.355731225296443,0.909363576961818
"BCKDHB",-0.513960974425256,-1.1258998625924
"BCKDK",-0.494071146245059,-0.913615550066454
"BCL10",0.181818181818182,0.860677743272522
"BCL10-AS1",0.563241106719368,0.539547236131996
"BCL11A",0.389328063241107,1.04932371193699
"BCL11B",0.244071146245059,0.945365055610598
"BCL2",0.488142292490119,0.8586428548368
"BCL2A1",0.0444664031620553,-0.508718675562063
"BCL2L1",0.486599841364181,1.51463402548271
"BCL2L10",0.448616600790514,0.186419393169698
"BCL2L11",0.504940711462451,0.800014357928323
"BCL2L12",0.612265383582537,0.406487175240891
"BCL2L13",-0.125494071146245,-0.660180789675987
"BCL2L14",0.482213438735178,0.895978204977858
"BCL2L15",0.328063241106719,0.764894127602709
"BCL2L2",-0.626482213438735,-0.858259376417331
"BCL3",0.551025467773231,0.88430737490186
"BCL6",0.229249011857707,0.753966088122003
"BCL6B",0.0839920948616601,-0.327604630331608
"BCL7A",0.633399209486166,2.00498667132673
"BCL7B",-0.521739130434783,-0.378847657929372
"BCL7C",-0.234189723320158,-0.0162840936926462
"BCL9",0.179886341048839,0.115420544942439
"BCL9L",0.826086956521739,2.24492273493068
"BCLAF1",-0.843873517786561,-1.61663470335529
"BCLAF3",-0.240118577075099,-0.465820429485878
"BCO1",0.211072690147425,0.461514015227709
"BCO2",0.118577075098814,0.447815404861183
"BCOR",0.283596837944664,0.754930967881814
"BCORL1",0.739130434782609,1.40032659191934
"BCORP1",0.153162055335968,-0.24696662294325
"BCR",-0.639328063241107,-1.60820462643304
"BCRP3",0.08300395256917,-0.339517026936006
"BCS1L",-0.768774703557312,-1.60089208276073
"BDH1",-0.570158102766798,-1.06296782505832
"BDH2",-0.610671936758893,-1.21887839210898
"BDKRB1",0.21266083597778,0.216684287761083
"BDKRB2",-0.237388840161242,-1.06301064494457
"BDNF",-0.197628458498024,-0.377677191306912
"BDNF-AS",-0.224308300395257,-0.392170917974078
"BDP1",-0.554979013730348,-0.554085010933276
"BEAN1",0.000988386489279338,0.183225286072926
"BECN1",-0.534584980237154,-0.8549173312444
"BEGAIN",0.399209486166008,0.335646667501569
"BEND2",0.13946594359473,-0.367661936482986
"BEND3",-0.450049676139022,-1.01766576769041
"BEND4",-0.0642292490118577,-0.157199334973745
"BEND5",-0.614624505928854,-2.19766358206205
"BEND6",-0.6699604743083,-1.2154780519161
"BEND7",0.104743083003953,0.272287887046358
"BEST1",0.774703557312253,1.88132811276711
"BEST2",0.585124801653368,0.399029498812547
"BEST3",0.208055355993301,0.219024326428969
"BEST4",-0.0380528798372545,-0.233944806614488
"BET1",-0.512845849802371,-1.00600933487143
"BET1L",-0.294044980560603,-1.00061733100991
"BEX1",-0.645256916996047,-0.836312295881194
"BEX2",-0.534584980237154,-0.53905446826621
"BEX3",-0.638339920948617,-1.522454390378
"BEX4",-0.793478260869565,-1.54118524302743
"BEX5",-0.670948616600791,-0.718825500127884
"BFAR",0.450592885375494,1.61708647420085
"BFSP1",-0.341897233201581,-0.392505684073008
"BFSP2",0.321146245059289,0.0478901216199552
"BFSP2-AS1",0.490603602999901,0.809981166025019
"BGLAP",0.137385722009828,0.277224054197223
"BGLT3",0.58596837944664,1.45728219873653
"BGN",0.433794466403162,0.967447058194958
"BHLHA15",0.504211551100124,0.365518632981037
"BHLHE22",-0.437747035573123,-0.174666940505245
"BHLHE22-AS1",0.58399209486166,1.03851332085102
"BHLHE23",0.175889328063241,0.418881757625946
"BHLHE40",-0.0474308300395257,0.0854052760913712
"BHLHE41",-0.412055335968379,-0.561362336832942
"BHMT",0.211462450592885,-0.0247516946574954
"BHMT2",0.178041630120932,0.414700746898262
"BICC1",0.385964924063581,0.578727874187918
"BICD1",-0.291079821092765,-0.287645632911043
"BICD2",0.0760869565217391,0.912310093082591
"BICDL1",0.534584980237154,1.01973469503384
"BICDL2",0.352766798418972,0.617060954186209
"BICRA",0.709486166007905,1.7736452173177
"BICRAL",0.58300395256917,2.14909139376772
"BID",-0.711462450592885,-1.02802459495007
"BIK",-0.120553359683794,-1.02253576497018
"BIN1",-0.509881422924901,-1.74669817385835
"BIN2",0.690387962761617,1.30515921667372
"BIN3",-0.58201581027668,-1.3917534617505
"BIN3-IT1",0.283453098285998,0.0863549553844689
"BIRC2",-0.50197628458498,-0.371700960070477
"BIRC3",-0.541501976284585,-1.41038692466069
"BIRC5",0.607707509881423,1.30697870169411
"BIRC6",-0.505440405509978,-0.697778113608347
"BIRC7",0.41501976284585,0.394838820650787
"BISPR",0.259945646680466,0.516819645897611
"BIVM",-0.608695652173913,-1.63284605678072
"BLACAT1",0.476025762557308,0.978147514034978
"BLCAP",-0.736166007905138,-2.02448775477929
"BLID",0.322134387351779,0.742074664722445
"BLK",-0.0968379446640316,-0.69361213720248
"BLM",0.493083003952569,0.840086181906396
"BLMH",-0.664195720795715,-1.42640480989398
"BLNK",-0.574110671936759,-1.21748632139179
"BLOC1S1",-0.740118577075099,-1.44347687634468
"BLOC1S2",-0.597826086956522,-0.728112717037199
"BLOC1S3",0.00494193244639669,0.210179268709531
"BLOC1S4",-0.446256499909621,-0.374860600886525
"BLOC1S5",0.256486293967988,0.408328175559493
"BLOC1S6",-0.33300395256917,-0.162891500964445
"BLTP1",-0.459486166007905,-0.34516031334952
"BLTP2",-0.763833992094862,-1.58072340239995
"BLTP3A",-0.576086956521739,-0.738688144285103
"BLTP3B",-0.531751931232284,-0.503063698546167
"BLVRA",-0.5,-0.269109227148571
"BLVRB",-0.594861660079051,-1.49455826275121
"BLZF1",-0.396245059288538,-0.235332024258204
"BMAL1",-0.325673348217542,0.283293037583795
"BMAL2",-0.608502298762249,-1.08509573259986
"BMAL2-AS1",0.320158102766798,-0.152057998113098
"BMERB1",-0.713438735177866,-1.99137655022862
"BMF",0.633399209486166,1.0687111882349
"BMI1",-0.16897233201581,0.535230963092161
"BMP1",0.613636363636364,0.478357845426722
"BMP10",0.438735177865613,0.697721015725618
"BMP15",0.49901185770751,0.103919297020549
"BMP2",0.174901185770751,-0.0424477690026223
"BMP2K",0.5800395256917,2.18050268949713
"BMP3",0.461044131941623,-0.0618371198363629
"BMP4",0.442687747035573,1.51890664559864
"BMP5",0.343873517786561,0.400671794595309
"BMP6",0.294539173805243,0.207070938618913
"BMP7",-0.212450592885376,-0.578573144235865
"BMP8A",0.331109473908578,0.136756231887265
"BMP8B",-0.275691699604743,-0.4619206894396
"BMPER",-0.181998110790286,-0.266709177522593
"BMPR1A",0.100790513833992,0.979514729432011
"BMPR1B",-0.269762845849802,-0.222150891159044
"BMPR2",-0.75395256916996,-1.39020497840915
"BMS1",-0.727272727272727,-1.93118624612667
"BMS1P1",-0.340004952312092,-0.36840993826568
"BMS1P18",-0.331355256058401,-0.779898363199745
"BMS1P2",0.600790513833992,1.72137554558801
"BMS1P20",0.148257973391901,-0.240849588182067
"BMT2",-0.504940711462451,-0.490407517362339
"BMX",0.656126482213439,1.02627722511607
"BNC1",0.743083003952569,1.91569678235933
"BNC2",0.388930083531419,0.638863339030875
"BNIP1",-0.377470355731225,-1.34178109782551
"BNIP2",-0.326086956521739,-0.43694041541041
"BNIP3",-0.178853754940711,0.0670782294759014
"BNIP3L",-0.556324110671937,-0.952128968694388
"BNIPL",0.153162055335968,-0.0656369637089552
"BOC",0.0187747035573123,0.0120234914998754
"BOD1",-0.801383399209486,-1.37403720712269
"BOD1L1",-0.716403162055336,-2.89667260877822
"BOD1L2",-0.243083003952569,-1.11761466251915
"BOK",0.0281690149444611,0.340780404550786
"BOLA1",-0.647233201581028,-1.19514619453634
"BOLA2",-0.24802371541502,-0.286606159729799
"BOLA2-SMG1P6",-0.382011378106464,-0.719632975466211
"BOLA3",-0.542490118577075,-0.721342458558288
"BOLA3-DT",0.296682435274041,0.644220378886708
"BOLL",0.568816424580259,0.617145440276025
"BOP1",-0.579051383399209,-0.997139361308086
"BORA",-0.176921181581001,-0.757160223541989
"BORCS5",-0.211514708705778,-0.216557037023732
"BORCS6",-0.297010140028441,-1.19095186799975
"BORCS7",-0.603754940711463,-0.901943771271864
"BORCS8",-0.672763305130318,-1.53909730445872
"BORCS8-MEF2B",0.522255448354733,0.997836199226269
"BPESC1",-0.367185580767274,-1.14853120005774
"BPGM",-0.729249011857708,-1.65873508421585
"BPHL",-0.319169960474308,-0.713987080557857
"BPI",0.429841897233202,0.507218416391219
"BPIFA1",0.757905138339921,1.26999741486569
"BPIFA2",0.448727466132819,0.358599597519378
"BPIFA3",0.624166067979902,1.02442970721098
"BPIFA4P",0.499505684505947,1.08095657936022
"BPIFB1",0.535573122529644,0.65798158116298
"BPIFB2",0.453175205334576,0.430377722932328
"BPIFB4",0.123640020917314,0.000708697774755657
"BPIFB6",0.353754940711462,0.349796902402024
"BPIFC",0.40227330113669,0.680554770277243
"BPNT1",-0.0810276679841897,0.52878223604544
"BPNT2",-0.737154150197628,-1.57815440834495
"BPTF",0.182806324110672,0.644797273150848
"BPY2",0.642097943412261,1.40741823474383
"BRAF",-0.839920948616601,-2.12259331667038
"BRAP",0.287549407114625,1.03644023633128
"BRAT1",-0.0494560083669255,-0.674665909699709
"BRCA1",0.297430830039526,0.316644892114938
"BRCA2",0.0430054427232459,-0.344330699629308
"BRCC3",-0.418397830784189,-0.646310608710467
"BRD1",-0.237154150197628,-0.721513694707365
"BRD2",0.477272727272727,1.54698267573855
"BRD3",-0.626482213438735,-2.01290493744139
"BRD3OS",-0.410079051383399,-0.992052666618016
"BRD4",0.220355731225296,-0.511672662883366
"BRD7",0.71658020472752,2.90488031503046
"BRD7P3",0.502100336553904,0.527831507472433
"BRD8",-0.432806324110672,-0.737723683104937
"BRD9",-0.731225296442688,-3.5758594710043
"BRDT",0.156126482213439,0.325332736304415
"BRF1",0.313241106719368,0.275926621416224
"BRF2",-0.769762845849802,-2.08462978978685
"BRI3",-0.075098814229249,0.413838381298944
"BRI3BP",-0.729249011857708,-0.73098645635215
"BRICD5",-0.158259226774161,-0.484247730961304
"BRINP1",0.320158102766798,0.872644888622162
"BRINP2",-0.276679841897233,-0.533597115361671
"BRINP3",-0.344452691513849,-0.241459669699441
"BRINP3-DT",-0.16304347826087,-0.331013687028378
"BRIP1",-0.365208807788715,-0.644185162694781
"BRIX1",-0.505928853754941,-0.606907802605894
"BRK1",-0.864624505928854,-2.11999669147679
"BRME1",0.514949360914535,0.555264661020882
"BRMS1",-0.10427477461897,-0.438663407959795
"BRMS1L",-0.742094861660079,-1.44988670312622
"BROX",-0.560276679841897,-0.828616569098893
"BRPF1",0.537092250864811,1.26443320435471
"BRPF3",-0.624505928853755,-0.684065872532122
"BRPF3-AS1",0.566205533596838,1.12258854635365
"BRS3",0.366600790513834,0.303835699209372
"BRSK1",0.689723320158103,0.81277868173603
"BRSK2",0.504571302777102,0.75463212881901
"BRWD1",-0.514822134387352,-1.04029007841955
"BRWD1-AS2",-0.0291574014337405,0.16295881509745
"BRWD3",0.0237154150197628,-0.0550218705033728
"BSCL2",-0.788537549407115,-1.94466752299046
"BSDC1",-0.481225296442688,-1.24818558859424
"BSG",-0.469367588932806,-0.533582700574595
"BSN",-0.626482213438735,-1.52239620097383
"BSN-DT",0.474777680322484,0.814962821643329
"BSND",0.172924901185771,-0.284381322793243
"BSPRY",0.5800395256917,1.2970782441364
"BST1",0.0904373637690594,-0.4227367088472
"BST2",-0.275759830508935,-0.55068529322195
"BTAF1",-0.327075098814229,-0.0105801692552222
"BTBD1",-0.642292490118577,-0.998966627442361
"BTBD10",-0.719367588932806,-1.70629635910881
"BTBD16",0.0988142292490119,0.115335940882142
"BTBD17",-0.083518658344104,0.138993495505075
"BTBD18",0.372529644268775,0.514503610777519
"BTBD19",0.479249011857708,0.699582655816896
"BTBD2",0.181818181818182,0.227277596518346
"BTBD3",-0.542490118577075,-1.0646268233177
"BTBD6",-0.0592885375494071,-0.174969407632414
"BTBD7",-0.348814229249012,-0.649191228663763
"BTBD8",-0.601778656126482,-0.814823867415301
"BTBD9",0.272727272727273,0.526667612598783
"BTC",-0.272300477796458,-0.70420045711486
"BTD",0.00395256916996047,-0.117800295541705
"BTF3",-0.743083003952569,-1.46093964125335
"BTF3L4",-0.494071146245059,-0.320311102155292
"BTF3P11",0.231225296442688,0.259862599923849
"BTG1",-0.397233201581028,-0.49241257386621
"BTG1-DT",0.499135177086065,0.472853461319583
"BTG2",-0.068692861004914,-0.0433588759870569
"BTG2-DT",0.575240936760574,0.91968881057362
"BTG3",-0.571146245059289,-0.81643286059948
"BTG3-AS1",0.0380528798372545,0.0277209418295513
"BTG4",0.509396886179332,1.00959489876544
"BTK",0.0172967635623884,-0.219897408736892
"BTLA",0.193675889328063,0.320009558572948
"BTN1A1",-0.0949085632513012,-0.404360370381488
"BTN2A1",-0.722332015810277,-1.58241568243399
"BTN2A2",-0.499629370330705,-1.13074485437019
"BTN2A3P",0.481225296442688,0.66897789068405
"BTN3A1",-0.0528786771764446,0.0053218213859889
"BTN3A2",-0.371541501976285,-0.714215793100189
"BTN3A3",-0.0266798418972332,-0.202839182911282
"BTNL2",0.568816424580259,0.982046579521807
"BTNL3",0.538537549407115,0.941220624954555
"BTNL8",0.738324707491665,1.24495774735934
"BTNL9",-0.371139126724391,-0.804969924174662
"BTRC",-0.758893280632411,-1.80949638145219
"BUB1",0.323122529644269,0.022770022731322
"BUB1B",-0.0553496433996429,-0.483527597955135
"BUB3",-0.775691699604743,-1.36083961057396
"BUD13",-0.732213438735178,-2.51698278572069
"BUD23",-0.737154150197628,-1.89519023094173
"BUD31",-0.754940711462451,-1.82399008677425
"BVES",0.0445104075302329,0.180646988399437
"BVES-AS1",0.0988386489279338,0.0177728195908528
"BYSL",-0.315217391304348,-0.327307471103755
"BZW1",-0.779644268774704,-1.56320088199975
"BZW2",-0.532608695652174,-0.919591662413384
"C10orf126",0.567754976052304,0.359800144639244
"C10orf143",0.0138339920948617,-0.0977351482159919
"C10orf53",0.638991865319092,0.601560503413064
"C10orf55",-0.220410187109292,-1.02467537871194
"C10orf62",0.246108235830555,-0.0970602947547037
"C10orf67",0.706202146590087,1.38412126227103
"C10orf71",0.620706715267424,1.0022019955945
"C10orf71-AS1",0.605251979807811,1.05576370903368
"C10orf88",-0.671936758893281,-1.08618691203249
"C10orf90",0.396245059288538,0.619588600634199
"C10orf95",0.677538938400986,1.39416641675969
"C10orf95-AS1",-0.454545454545455,-1.42827295300837
"C11orf16",0.630590580160217,0.726447733724603
"C11orf21",0.486286152725434,0.117838559722348
"C11orf24",0.0266798418972332,0.202635144042406
"C11orf40",0.207561162748661,-0.205947637411034
"C11orf42",0.712132465525763,1.181126814983
"C11orf52",0.352853976672724,0.273913437727946
"C11orf54",-0.206521739130435,0.438044119469891
"C11orf58",-0.795454545454546,-2.29204508339223
"C11orf65",0.241660496628798,-0.0214863039656016
"C11orf68",0.170381899389433,0.303474878090986
"C11orf71",-0.58102766798419,-1.21204855810751
"C11orf86",0.286492151365485,0.185128393660178
"C11orf87",0.240118577075099,1.13313597888041
"C11orf96",0.625494071146245,1.68528355955279
"C11orf97",-0.0711462450592885,-0.176641058721117
"C12orf4",-0.575667937391012,-1.76091416722072
"C12orf40",0.701581027667984,1.5817092211038
"C12orf42",0.188287626207714,0.212031119014741
"C12orf43",-0.402173913043478,-0.632159415312016
"C12orf50",-0.155523012814773,-0.942221123188131
"C12orf54",0.594861660079051,1.37360070686995
"C12orf56",0.451198432356018,0.720255377818822
"C12orf57",-0.66501976284585,-0.971616051993795
"C12orf60",-0.409686199806285,-0.916052422224335
"C12orf75",-0.114737939411267,0.0613859164879345
"C12orf76",-0.719367588932806,-2.15455901019904
"C14orf119",-0.769762845849802,-2.03910877423731
"C14orf132",-0.268774703557312,-0.672059683652599
"C14orf178",0.424901185770751,0.189800297147697
"C14orf180",0.672924901185771,1.62621715455736
"C14orf28",0.0158102766798419,0.207509562952202
"C14orf39",-0.261857707509881,-1.10813959874706
"C14orf93",-0.365612648221344,-0.565319717497655
"C15orf32",0.341839267510852,0.60034754549603
"C15orf39",-0.15094525691297,-0.753248871601798
"C15orf40",-0.520750988142292,-0.948271033831236
"C15orf48",0.160118611263253,0.148287340460976
"C15orf61",0.0642292490118577,0.630044514901073
"C15orf62",0.640316205533597,0.645084063832536
"C16orf46",-0.557312252964427,-0.275439347918643
"C16orf54",0.0217391304347826,-0.412896545790291
"C16orf74",0.429841897233202,0.443585113269996
"C16orf78",0.571146245059289,0.658233481222189
"C16orf82",0.512845849802371,1.09575373230728
"C16orf86",0.453557312252964,0.322588626538528
"C16orf87",0.182851500516677,0.857237434576919
"C16orf89",-0.196688911366588,-0.330305139543404
"C16orf92",0.323737853642292,0.389748523024404
"C16orf95",0.539070491199488,0.399191507155465
"C17orf100",-0.0948616600790514,-0.0263799671532224
"C17orf49",-0.692687747035573,-0.894698307036967
"C17orf50",0.661724754572517,0.970938406261272
"C17orf58",-0.599802371541502,-1.13069045963723
"C17orf67",0.775691699604743,1.4953507955285
"C17orf75",-0.739861885169205,-1.11748419700538
"C17orf78",0.128458498023715,0.138963900833419
"C17orf80",-0.75296442687747,-3.22575844854177
"C17orf99",0.51411747548323,0.428236819088844
"C18orf15",0.169508282911406,0.258064514350455
"C18orf21",-0.388339920948617,-0.764004542937637
"C18orf32",-0.771929848127163,-1.45706465674737
"C18orf54",-0.38843589028678,-0.929598008421475
"C18orf61",-0.0528786771764446,-0.111495612371696
"C19orf12",-0.372529644268775,-0.187532866503391
"C19orf18",0.523844839318049,0.725657222002462
"C19orf25",0.564229249011858,1.10177009264041
"C19orf33",0.220904380353932,0.079957483434427
"C19orf44",0.472332015810277,0.83888578728384
"C19orf47",0.343958498269209,0.313519587859419
"C19orf48P",0.246602429075195,0.202776806359994
"C19orf53",-0.842885375494071,-2.66711309019485
"C19orf73",0.186758893280632,0.665187817917628
"C19orf81",0.508156265741342,0.78532299961488
"C19orf84",0.83498023715415,1.70012777693358
"C1D",-0.609683794466403,-0.487020790553845
"C1GALT1",0.190758592430912,0.591817352283294
"C1GALT1C1",-0.49901185770751,-0.953137495058231
"C1GALT1C1L",0.187747035573123,-0.344120122759224
"C1orf105",0.739130434782609,1.25568043098934
"C1orf115",-0.75395256916996,-2.1838261471988
"C1orf116",0.510007428468138,0.760924025456774
"C1orf122",-0.309288537549407,-0.212235473332897
"C1orf127",0.677865612648221,1.27862916650098
"C1orf131",-0.656126482213439,-1.10200442773229
"C1orf159",0.472332015810277,0.297676591002235
"C1orf162",-0.373517786561265,-1.09435402050696
"C1orf167",0.491106719367589,0.352793095404553
"C1orf174",-0.579051383399209,-0.437983265206559
"C1orf198",0.0731225296442688,0.175992200302091
"C1orf21",-0.436758893280632,-0.719870772415351
"C1orf210",0.310583732544292,-0.0512751617745972
"C1orf216",-0.808300395256917,-2.5404920170261
"C1orf220",0.524703557312253,1.34445657861073
"C1orf226",0.0128458498023715,0.259584567876718
"C1orf35",0.0133432176052711,-0.222805050155829
"C1orf43",-0.74802371541502,-1.65650769417832
"C1orf50",-0.613636363636364,-0.619581139238881
"C1orf52",-0.509881422924901,-0.966066572423355
"C1orf53",-0.0523715415019763,0.460542228011722
"C1orf54",-0.613636363636364,-1.14138521621572
"C1orf56",-0.204596003280823,-0.549222583850087
"C1orf74",-0.0247648109577664,-0.50204333953705
"C1orf87",0.399802334913492,0.927850776420437
"C1orf94",0.549407114624506,0.610367495991107
"C1QA",-0.00988142292490119,-0.0719213673667098
"C1QB",-0.016798418972332,-0.156319852205679
"C1QBP",-0.597826086956522,-0.655461731076569
"C1QC",0.213438735177866,0.0495100259555138
"C1QL1",0.624505928853755,1.20360010391742
"C1QTNF1",0.531751931232284,0.862564034286056
"C1QTNF1-AS1",0.513833992094862,0.739536748117935
"C1QTNF12",0.0583580898729721,-0.416091621302212
"C1QTNF2",0.344213818233801,0.628044658034456
"C1QTNF3",0.0208024412045238,-0.359250455565143
"C1QTNF4",-0.651185770750988,-1.15327467834894
"C1QTNF5",0.50296442687747,0.975931403554199
"C1QTNF6",0.203113423546904,-0.257473418332102
"C1QTNF7",-0.0706871070048754,0.0789321749579686
"C1QTNF9",-0.192687747035573,-0.680074793257868
"C1R",0.332179971379554,0.0713337381532885
"C1RL",0.793180157646668,1.75248946203674
"C1RL-AS1",0.804347826086957,0.890677752683613
"C1S",-0.517786561264822,-1.36171549759098
"C2",0.374598479436869,0.41737086070461
"C20orf141",0.281899247691475,0.273377553345501
"C20orf144",0.49802371541502,0.76257513026929
"C20orf173",0.342885375494071,-0.0659172837463291
"C20orf181",0.392680706433388,0.533692581911141
"C20orf202",0.373887423253957,0.700545932033674
"C20orf203",0.542490118577075,0.612522108298103
"C20orf204",0.429841897233202,0.563517725181223
"C20orf96",0.24604743083004,0.118880919638726
"C21orf58",0.31157285271163,0.675536892000182
"C21orf62",0.460093910759532,0.465048543507867
"C21orf62-AS1",0.778656126482213,1.24244516709711
"C21orf91",0.00988142292490119,0.389023404574628
"C21orf91-OT1",0.595450340737783,0.560262859262229
"C22orf15",0.509881422924901,0.997769853009906
"C22orf23",-0.0276953646854783,0.349252280849982
"C22orf31",0.292562400826684,-0.220548714385237
"C22orf39",-0.13392636929735,-0.108965430966508
"C22orf42",-0.0168150428447547,-0.377955286232563
"C22orf46P",0.291729473082488,0.621183271203299
"C2CD2",-0.534584980237154,-0.92853868344209
"C2CD2L",-0.363007101413233,-0.766142772937691
"C2CD3",0.197628458498024,0.52073216975363
"C2CD4A",0.22337534657713,0.366971108728193
"C2CD4B",0.617247362554946,1.40271158567993
"C2CD4C",0.474425514854082,1.20264514186541
"C2CD5",-0.690711462450593,-1.65659363057942
"C2CD6",0.545454545454545,0.956945621487165
"C2orf15",-0.160237467108839,-0.355234969360607
"C2orf27A",0.679841897233202,1.45788917551018
"C2orf42",-0.565217391304348,-1.1374211026484
"C2orf49",-0.33695652173913,-0.0971444574130752
"C2orf49-DT",0.205090196525463,0.231566772392143
"C2orf50",0.719367588932806,0.832431453647239
"C2orf68",-0.363547424860011,-0.74995816983981
"C2orf69",-0.695329895208014,-1.10422958960588
"C2orf72",0.44823327288818,0.795245102949675
"C2orf73",0.633036907096646,1.4814691030373
"C2orf74",-0.820158102766798,-1.47326934555721
"C2orf74-DT",0.41699604743083,0.680603271939005
"C2orf76",-0.740118577075099,-1.74772784878274
"C2orf80",-0.383399209486166,-0.482353834154704
"C2orf81",0.646898957233326,0.969575428904164
"C2orf83",0.285573122529644,0.00189628726592529
"C2orf88",-0.354336556406643,-0.724205425160909
"C2orf92",-0.070175440738833,-0.104904946992951
"C3",-0.341897233201581,-0.504596867779428
"C3AR1",0.33596837944664,0.745961830225925
"C3orf18",-0.365612648221344,-0.69792566909476
"C3orf20",0.498640983841426,1.18632241451542
"C3orf22",0.470471968896965,1.11306221522765
"C3orf33",-0.033596837944664,-0.0855453178085745
"C3orf36",0.350469642422774,0.373368290379704
"C3orf38",0.636363636363636,2.77091382369154
"C3orf49",0.100790513833992,0.0581244625539292
"C3orf52",0.716403162055336,0.971782256038776
"C3orf62",-0.566205533596838,-1.5699246818172
"C3orf70",-0.41600790513834,-0.715550768509401
"C3orf80",-0.109683794466403,0.278904399061796
"C3orf85",-0.290585627848125,-1.15845531077045
"C3P1",0.295527560294522,-0.223601971599246
"C4A",0.209486166007905,0.601710777539059
"C4BPA",0.160158200486571,-0.45221616839979
"C4BPB",0.67111442622067,1.03115971752323
"C4orf17",0.798418972332016,1.67110052470093
"C4orf19",-0.180019870455609,-0.623291477328225
"C4orf3",-0.222332015810277,0.0771045442089656
"C4orf33",-0.698318838140988,-1.25350322488608
"C4orf36",0.0593472100403106,0.00148426974537006
"C4orf46",-0.257905138339921,-0.361003855127751
"C4orf54",0.0973199682728362,-0.139928843993943
"C5",-0.16501976284585,-0.951748422129444
"C5AR1",0.445652173913043,0.961862562579349
"C5AR2",0.399209486166008,0.403291864885949
"C5orf15",-0.660079051383399,-1.49377699445751
"C5orf22",-0.769762845849802,-1.82308892505066
"C5orf24",-0.587944664031621,-0.812281460194782
"C5orf34",-0.10476896786361,0.31378238470469
"C5orf46",0.291574014337405,0.434119314765863
"C5orf47",-0.150728939615099,-1.0099462619296
"C5orf58",0.41699604743083,0.525933201343865
"C5orf63",-0.058940250079484,-0.530919980104611
"C5orf64",-0.145292813924063,-0.495727108213229
"C5orf64-AS1",0.58102766798419,1.25593293285147
"C6",0.169508282911406,-0.0158250895492391
"C6orf118",0.551929053374888,0.889629166627866
"C6orf120",-0.795454545454546,-1.95869559104429
"C6orf132",-0.133531222590699,-1.26494673203083
"C6orf136",-0.315217391304348,-0.672523496484325
"C6orf141",0.457622944536333,0.478063504380404
"C6orf15",0.698789247920492,0.858091417690644
"C6orf163",0.33695652173913,0.37052793611782
"C6orf226",0.339920948616601,1.53668176063577
"C6orf47",-0.265381772371502,-0.946782329339974
"C6orf52",0.471954548630884,0.756129740963774
"C6orf58",0.21266083597778,0.216054361510834
"C6orf62",-0.862648221343873,-2.57916857518917
"C6orf89",-0.709486166007905,-1.62216319600951
"C7",-0.108722513820727,-0.290368333910743
"C7orf25",-0.552371541501976,-1.4218173035315
"C7orf33",0.276254023753575,0.241208503991132
"C7orf50",0.101778656126482,-0.382746060340728
"C7orf57",-0.351778656126482,-0.789989206042822
"C8A",0.258893280632411,0.0230789716447392
"C8B",0.603420620040896,0.935505389025238
"C8G",0.510007428468138,0.0962046178306774
"C8orf17",0.27885177138445,0.105614667915948
"C8orf33",-0.724308300395257,-1.80668240412209
"C8orf34",-0.24901185770751,-0.438524697214298
"C8orf34-AS1",-0.0410180393050925,-0.135180788162945
"C8orf44",-0.112787620260397,-0.24445811992987
"C8orf48",-0.527667984189723,-1.19958497742767
"C8orf58",0.451581027667984,0.2001797841371
"C8orf74",0.412651359274123,0.248725636278092
"C8orf76",-0.770750988142292,-1.04537403994548
"C8orf82",0.130434782608696,0.738968062188549
"C8orf88",-0.651185770750988,-0.817974781470867
"C9",-0.332344376225739,-1.19875650649372
"C9orf152",0.592857357743706,1.01912710777291
"C9orf163",0.730959803663158,1.29608374470877
"C9orf40",-0.41600790513834,-0.71238511270227
"C9orf43",0.232213438735178,-0.00788270428422523
"C9orf50",0.480968916893313,0.448956022580936
"C9orf57",0.468495195918406,0.14557467673168
"C9orf72",-0.698616600790514,-1.06571674274074
"C9orf78",-0.449604743083004,-0.49530974793186
"C9orf85",-0.0904373637690594,-0.152567458109706
"CA1",0.452569169960474,0.127427192820611
"CA10",-0.623517786561265,-1.2823119432056
"CA11",-0.568181818181818,-0.881271913640055
"CA12",0.187747035573123,0.367002873243881
"CA13",-0.509881422924901,-0.664685688789249
"CA14",0.41897233201581,0.44682605147858
"CA2",-0.325098814229249,-0.135747062767038
"CA3",-0.279782535417898,-0.747378812863776
"CA4",-0.646245059288537,-1.76328922178749
"CA5A",0.389328063241107,0.446127663532034
"CA5B",0.224091192885789,0.0395550999778218
"CA5BP1",0.696812474941933,0.77792869144429
"CA6",0.542264030659778,0.195048398267057
"CA7",0.536103130697472,1.00452420848809
"CA8",0.456521739130435,0.653762553578613
"CA9",0.805335968379447,1.6119844906129
"CAAP1",-0.409090909090909,-0.462811457269673
"CAB39",-0.789525691699605,-1.55453964161968
"CAB39L",-0.398221343873518,-0.726344918854101
"CABCOCO1",0.0879446640316206,0.353709165963491
"CABIN1",0.362737841565517,0.553952210796499
"CABLES1",0.108695652173913,-0.0575834228612224
"CABLES2",-0.00790513833992095,0.439026188543047
"CABP1",0.199604743083004,-0.089435975319643
"CABP2",0.324431414887031,0.486211955735156
"CABP4",0.77588339408428,1.49918873950899
"CABP5",-0.0677044745156346,-0.266218581232879
"CABP7",0.329051383399209,0.634541039676871
"CABS1",0.275691699604743,0.048124914180997
"CABYR",-0.50197628458498,-1.22480958722743
"CACFD1",0.796442687747036,1.89078771864659
"CACHD1",-0.639328063241107,-1.37100674722597
"CACNA1A",0.638339920948617,1.22636842167411
"CACNA1B",-0.265810276679842,-0.283583904864696
"CACNA1C",0.530632411067194,1.34873851344989
"CACNA1D",-0.118577075098814,-0.489360614911729
"CACNA1E",-0.492094861660079,-0.987984625794306
"CACNA1F",0.74740199470539,1.53301826844609
"CACNA1G",0.557312252964427,1.39776795992401
"CACNA1G-AS1",0.725296442687747,1.01526303286001
"CACNA1H",0.409090909090909,0.566507975848354
"CACNA1I",0.235177865612648,-0.104053091282274
"CACNA1S",0.314229249011858,0.102714054109522
"CACNA2D1",-0.184828273495236,-0.0697082760662804
"CACNA2D2",0.171117788949562,0.573993797059831
"CACNA2D3",-0.478260869565217,-0.948628256713605
"CACNA2D4",-0.314540213213646,-1.16115890318655
"CACNB1",0.744071146245059,2.08706362122071
"CACNB2",0.695652173913043,1.82281682323556
"CACNB3",0.187747035573123,0.533678951141253
"CACNB4",0.350790513833992,1.15811247735558
"CACNG1",0.391304347826087,0.795677445216671
"CACNG2",-0.536561264822134,-2.09583769181088
"CACNG3",-0.550395256916996,-0.723011538046675
"CACNG4",0.729249011857708,0.99238898932899
"CACNG5",0.609683794466403,0.728913706117118
"CACNG6",0.627625420692379,0.553155063007921
"CACNG7",-0.0355819136140562,-0.859154338289038
"CACNG8",-0.325098814229249,-1.27685587003499
"CACTIN",0.726284584980237,1.68849315344617
"CACUL1",-0.629446640316205,-1.47877913509734
"CACYBP",-0.49703557312253,-0.508852202871423
"CAD",-0.0731225296442688,-0.0248501780525249
"CADM1",0.391401049754618,0.937764299079279
"CADM1-AS1",0.565851265112421,1.03097266229736
"CADM2",-0.50098814229249,-0.641847458216926
"CADM2-AS1",0.470355731225296,0.662628407731836
"CADM3",-0.355731225296443,-0.743182714281846
"CADM3-AS1",0.760869565217391,1.41440506658705
"CADM4",0.0820158102766798,-0.0890359959182512
"CADPS",-0.773715415019763,-1.74188601928563
"CADPS2",-0.0474308300395257,0.259052375076206
"CAGE1",0.332592053642497,0.799044744470163
"CAHM",-0.0938735177865613,-0.253060655787418
"CALB1",-0.450592885375494,-0.606323536799025
"CALB2",0.0979228965665124,0.201382864347481
"CALCA",0.46256487698273,0.925436047084911
"CALCB",0.357707509881423,0.144078233152033
"CALCOCO1",0.361660079051383,0.191308687322532
"CALCOCO2",-0.514822134387352,-1.10459376855245
"CALCR",0.469367588932806,0.484983102471487
"CALCRL",0.446757189678106,0.835148830498903
"CALD1",-0.212450592885376,-0.0870168748664593
"CALHM1",0.626482213438735,0.845245404176622
"CALHM2",0.309288537549407,0.580408187220299
"CALHM3",0.0702275318810342,-0.223658324426101
"CALHM4",0.513833992094862,0.939376203406253
"CALHM5",-0.329051383399209,-1.34277531529053
"CALHM6",0.0711638272281123,0.593888653118191
"CALM1",-0.795454545454546,-2.13417068581601
"CALM2",-0.792490118577075,-1.48093627585809
"CALM3",-0.66304347826087,-1.65904649562773
"CALML3",0.259881422924901,0.750055265404427
"CALML4",-0.0197628458498024,-0.252784080130343
"CALML5",0.515937747403814,0.477457595295861
"CALML6",0.426488770124034,0.910649774468872
"CALN1",-0.649209486166008,-0.873741186353452
"CALR",-0.202569169960474,-0.863249081371526
"CALR3",0.475908094588001,0.528621201355481
"CALU",-0.737154150197628,-2.01190018830985
"CALY",-0.763833992094862,-2.06370187369534
"CAMK1",-0.594861660079051,-1.31555443006188
"CAMK1D",-0.285573122529644,-0.775461974164759
"CAMK1G",-0.356719367588933,-0.279104766683881
"CAMK2A",-0.224308300395257,-1.24163008532959
"CAMK2B",-0.604743083003953,-1.65400024216083
"CAMK2D",-0.288537549407115,-0.214191465851189
"CAMK2G",-0.74802371541502,-1.37458129417946
"CAMK2N1",-0.616600790513834,-1.13828269486194
"CAMK2N2",0.0143316040945504,0.51355595474011
"CAMK4",-0.707509881422925,-1.44857089023961
"CAMKK1",-0.777667984189723,-2.29517102203063
"CAMKK2",-0.237154150197628,0.300008670761781
"CAMKMT",0.050395256916996,0.229794129895143
"CAMKV",-0.58300395256917,-1.3932274726411
"CAMLG",0.0138476823427391,0.679989014029513
"CAMP",0.176426988336362,-0.17914237140631
"CAMSAP1",-0.550395256916996,-0.821649216052592
"CAMSAP2",-0.881422924901186,-2.70192002374236
"CAMSAP3",0.303240400086068,0.261359887115158
"CAMTA1",-0.49802371541502,-0.267968351629458
"CAMTA2",0.637351778656126,1.26731657368332
"CAND1",-0.677865612648221,-1.38362002992507
"CAND1.11",0.148221343873518,0.488649657306443
"CAND2",-0.290513833992095,-0.390083380590806
"CANT1",-0.0514342487016025,-0.259165830616219
"CANX",-0.726284584980237,-3.08486524699506
"CAP1",-0.787249838710992,-1.7956460010211
"CAP2",-0.50296442687747,-0.549903811415353
"CAPG",-0.050395256916996,0.471265700631906
"CAPN1",0.357707509881423,0.700771871623444
"CAPN10",0.509881422924901,0.702655960896157
"CAPN10-DT",0.391304347826087,0.516374876355615
"CAPN11",-0.0916298005437357,-0.703875155130998
"CAPN12",0.566205533596838,0.76879907951693
"CAPN13",0.482332606768317,0.779314324790884
"CAPN14",0.515108067921541,1.29200209424715
"CAPN15",0.625494071146245,0.740561397538731
"CAPN2",-0.407114624505929,-0.603434599204627
"CAPN3",0.155138339920949,0.256978266718041
"CAPN5",-0.235177865612648,-0.955462674849891
"CAPN6",0.225296442687747,0.229513350922234
"CAPN7",-0.50197628458498,-0.585936559005392
"CAPN8",0.237154150197628,-0.319776474517503
"CAPN9",0.405138339920949,0.150266781513451
"CAPNS1",-0.726284584980237,-1.42136481217468
"CAPNS2",0.519762845849802,1.02195811105695
"CAPRIN1",-0.705533596837945,-2.12959049851688
"CAPRIN2",-0.862648221343873,-3.0393562211621
"CAPS",0.456521739130435,0.698091219447881
"CAPS2",-0.289525691699605,0.0679249119106206
"CAPSL",0.520277208020056,0.896459319857727
"CAPSL-DT",0.713438735177866,0.845864740772369
"CAPZA1",-0.8300395256917,-2.05526400979324
"CAPZA2",-0.540513833992095,-0.558349327263036
"CAPZA3",-0.365570400756287,-0.695688867372285
"CAPZB",0.16403162055336,0.440736415121019
"CARD10",0.381422924901186,0.301191668665903
"CARD11",0.457509881422925,0.447026179011827
"CARD11-AS1",0.264095084679382,-0.0757351086429954
"CARD14",0.467391304347826,0.899484447379664
"CARD16",0.49802371541502,0.894567021781819
"CARD18",-0.122529644268775,-0.781200484915862
"CARD19",0.196640316205534,0.149137057572224
"CARD6",-0.258957260191186,-0.259512626624929
"CARD8",-0.320158102766798,-0.186571345724926
"CARD8-AS1",0.33399209486166,0.377936735731659
"CARD9",0.384482344329662,1.00597118021701
"CARF",-0.320158102766798,-0.946922375461571
"CARHSP1",0.273783057530377,-0.117472401578039
"CARM1",0.776679841897233,1.95477884516628
"CARMIL1",-0.767786561264822,-2.4452167362992
"CARMIL2",0.0301457879230198,0.0432155351752327
"CARMIL3",0.315217391304348,0.0726050839210932
"CARMN",-0.175334861580986,-0.845618234187058
"CARNMT1",-0.16798418972332,0.0480545378560217
"CARNMT1-AS1",0.611660079051383,0.796869819141893
"CARNS1",-0.0306324110671937,-0.30167215902592
"CARS1",-0.227272727272727,-0.25650592052756
"CARS1-AS1",0.396837175445654,0.591278751454157
"CARS2",-0.693675889328063,-2.27138773011373
"CARTPT",-0.50197628458498,-1.01074071959329
"CASC11",0.276748216998215,0.184009301295669
"CASC15",-0.0395256916996047,-0.42081472858331
"CASC16",0.122529644268775,0.00891521914681228
"CASC17",0.694362357471634,1.31611156065196
"CASC18",0.311046025629546,0.368299525074906
"CASC2",0.287126275135648,0.357087103006483
"CASC22",0.286561264822134,-0.0408184513413971
"CASC23",0.640316205533597,0.482673644912984
"CASC3",-0.49703557312253,-1.42437453053457
"CASC6",-0.197672272082362,-1.0262109274545
"CASD1",-0.812252964426878,-2.48685192647264
"CASK",-0.577075098814229,-0.882531139438862
"CASKIN1",0.721343873517787,1.7427646744078
"CASKIN2",0.486166007905138,1.12635079880053
"CASP1",0.117734445710415,-0.199745744181402
"CASP10",0.542624182614356,0.37381735400162
"CASP12",0.0988142292490119,-0.533579756012006
"CASP14",0.525821612296608,0.472745371416308
"CASP16P",0.486166007905138,0.903075958152309
"CASP2",-0.218379446640316,-0.645509745602027
"CASP3",-0.411067193675889,-0.709730210640779
"CASP4",0.0948616600790514,0.00249720415082058
"CASP4LP",0.325098814229249,-0.0632328189762499
"CASP5",0.345935271247768,-0.0383775733213398
"CASP6",-0.00691699604743083,0.45059268917166
"CASP7",0.196640316205534,0.427061991135357
"CASP8",0.341897233201581,0.759738729323122
"CASP8AP2",-0.554979013730348,-0.672746886124513
"CASP9",0.0345849802371542,-0.344160456889895
"CASQ1",-0.0197824033467702,-0.191080459784814
"CASQ2",0.5618371752774,0.879351184393995
"CASR",-0.0316205533596838,-0.446589356233464
"CASS4",0.492581843334578,0.886179570513592
"CAST",-0.762845849802372,-2.03745886203865
"CASTOR1",0.0340993338801371,-0.044993753446294
"CASTOR2",0.083518658344104,0.362363993212616
"CASTOR3P",-0.768774703557312,-3.68173962320326
"CASZ1",0.205584389770102,0.0673542518262718
"CAT",-0.146245059288538,0.517212621291495
"CATIP-AS1",0.527667984189723,0.749873654857968
"CATSPER1",0.58265383543017,1.20355165270997
"CATSPER2",0.345849802371542,0.216423791804695
"CATSPER3",0.409090909090909,0.658605772295409
"CATSPERB",0.33201581027668,0.321594690069882
"CATSPERD",0.114737939411267,-0.0828671119716121
"CATSPERE",-0.516098660359852,-0.870465239373203
"CATSPERG",0.613254503749876,0.376339984942525
"CAV1",0.262845849802372,0.754192434560729
"CAV2",0.370553359683794,1.20293617766364
"CAV3",0.0647393150477966,-0.856628564315995
"CAVIN1",0.0652173913043478,-0.0418686829102834
"CAVIN2",0.153694099082937,-0.167209399332294
"CAVIN3",0.511616473776546,0.947954998276601
"CAVIN4",0.0632411067193676,0.11512213554694
"CBARP",0.877470355731225,2.50432552955627
"CBFA2T2",0.682806324110672,1.48923135812214
"CBFA2T3",0.156126482213439,0.436742746531666
"CBFB",-0.185770750988142,0.0348367688268424
"CBL",0.740118577075099,3.5405686176581
"CBLB",-0.288114661624927,0.000385186272244749
"CBLC",0.24530180149995,-0.0367063381726679
"CBLIF",0.291501976284585,0.471043953295611
"CBLL1",-0.821146245059289,-1.57225955919045
"CBLL1-AS1",-0.0845070448333834,-0.445453598886344
"CBLL2",0.310276679841897,-0.38791212173229
"CBLN1",0.494071146245059,0.825720994003095
"CBLN2",-0.364624505928854,-1.03265747230359
"CBLN3",0.482332606768317,0.746941056091969
"CBLN4",-0.0820158102766798,-0.28622532187416
"CBR1",-0.541501976284585,-1.03289327748358
"CBR3",-0.136363636363636,-0.510225943025788
"CBR3-AS1",0.571146245059289,0.909875139346537
"CBR4",-0.40227330113669,-0.916641748062016
"CBS",0.738142292490119,1.20798159359009
"CBX1",-0.785573122529644,-1.79831745422412
"CBX2",0.382505571351104,0.529910755730655
"CBX3",-0.66501976284585,-0.726141526919603
"CBX3P2",-0.0711814224384759,-0.409509836548861
"CBX4",0.523715415019763,2.40803417837708
"CBX5",0.316205533596838,1.7606606452817
"CBX6",-0.347912044226327,-0.928129396404205
"CBX7",-0.83399209486166,-2.06468342576412
"CBX8",0.618235749044226,1.01393256327427
"CBY1",-0.608846077396072,-1.56905731791631
"CBY2",0.341981725290651,0.512188002866151
"CBY3",0.530957546934512,0.632291983187126
"CC2D1A",0.193165525470578,0.385828558062018
"CC2D1B",-0.141339267966945,-0.246470878750631
"CC2D2A",-0.0434890055282909,0.0145141043410947
"CC2D2B",0.74672599265054,1.53662740652125
"CCAR1",0.33300395256917,0.689445690210496
"CCAR2",-0.823122529644269,-1.87202658841592
"CCBE1",-0.146245059288538,-0.366619251662639
"CCDC102A",0.303434652208757,0.259643491257508
"CCDC102B",0.436758893280632,0.55146182224758
"CCDC103",-0.184965471292301,-0.702341395228655
"CCDC106",0.560276679841897,0.960110609318241
"CCDC107",-0.585618994898008,-1.8975719325171
"CCDC110",-0.303434652208757,-0.288352273450079
"CCDC112",0.130467016584873,0.698750381996652
"CCDC113",-0.66304347826087,-1.15309316656541
"CCDC115",-0.760869565217391,-2.61238208074137
"CCDC116",0.380434782608696,0.360815831180591
"CCDC117",-0.41897233201581,-1.01168582355495
"CCDC12",-0.327075098814229,-0.433370614243503
"CCDC120",0.363996221580571,0.737997736611293
"CCDC121",-0.33498023715415,-0.774581309827938
"CCDC122",0.29179044936486,0.662888928917835
"CCDC124",-0.538081371032149,-0.751321953085271
"CCDC125",0.580613538227705,1.13389272392813
"CCDC126",-0.617588932806324,-1.03902909045497
"CCDC127",-0.680514675128895,-1.82884519059388
"CCDC13",0.735177865612648,1.27711554783656
"CCDC13-AS1",0.283596837944664,0.19310005847128
"CCDC13-AS2",-0.175074269618916,-0.577849696605136
"CCDC134",0.130961209829512,0.0760408691101191
"CCDC136",-0.851494960514149,-1.80258922137944
"CCDC137",-0.431818181818182,-1.89915537434124
"CCDC138",0.0849802371541502,0.216145760264666
"CCDC14",-0.507905138339921,-0.828423624742355
"CCDC140",0.493083003952569,0.482825281831849
"CCDC141",-0.568181818181818,-1.70967489806944
"CCDC142",-0.800395256916996,-2.16158909316625
"CCDC144A",0.255193003173335,-0.00929857352404412
"CCDC144BP",0.428853754940711,0.611623715935392
"CCDC144CP",0.271379173046689,-0.241341395512829
"CCDC144NL-AS1",0.0543612569103636,0.761609038140159
"CCDC146",0.105731225296443,0.505885405023485
"CCDC148",-0.271739130434783,-0.448336269686667
"CCDC148-AS1",0.000988142292490119,-0.0939550512775252
"CCDC149",0.339268217397109,0.50427877251524
"CCDC15",0.704545454545454,1.21683298639142
"CCDC150",-0.16600790513834,-0.722933889145385
"CCDC152",0.77538920083964,1.97243539048588
"CCDC153",0.15916956961937,0.281989364114202
"CCDC154",0.339920948616601,0.703773525754565
"CCDC157",-0.00988386489279338,-0.503366220903184
"CCDC158",-0.156280986439484,-0.784900450866644
"CCDC159",0.24530180149995,0.556574464262637
"CCDC160",0.606375111172874,1.43311396248052
"CCDC162P",-0.00296442687747036,-0.149917944435025
"CCDC163",0.75098814229249,1.53379746034399
"CCDC167",0.0800791002432854,-0.274547689835622
"CCDC168",-0.236399719993904,-1.07338274493386
"CCDC169",-0.0879663975458611,-0.536466328640782
"CCDC17",0.425500383634755,0.385245157564681
"CCDC170",0.473320158102767,0.158322991868514
"CCDC171",-0.207509881422925,-0.53728106588748
"CCDC172",0.398615427437419,0.556956377095863
"CCDC174",-0.0652173913043478,-0.439821892759933
"CCDC177",0.231225296442688,0.80614304207139
"CCDC178",0.375865663588634,0.496315595090879
"CCDC18",0.739130434782609,1.1667074365976
"CCDC18-AS1",0.450592885375494,0.692586830765998
"CCDC181",0.734189723320158,2.18914567288295
"CCDC182",0.565357071867781,0.664201242385223
"CCDC183",-0.353754940711462,-1.1187325117554
"CCDC184",-0.515937747403814,-0.494840661304697
"CCDC185",0.248579202053753,0.00520848123460515
"CCDC186",-0.0108695652173913,0.694141806536187
"CCDC187",0.410079051383399,0.348709351592416
"CCDC190",0.401784994132321,0.313685140987819
"CCDC191",-0.396245059288538,-1.18018038153627
"CCDC196",-0.131422924901186,-0.569589951787358
"CCDC197",0.305411425187315,-0.039315390397221
"CCDC198",0.51730984751804,0.751040665511404
"CCDC22",0.311835937367631,0.476793444721503
"CCDC24",0.436758893280632,0.894523991788191
"CCDC25",-0.776679841897233,-2.21783081403429
"CCDC26",0.0484189723320158,-0.0887754698743112
"CCDC27",-0.0395256916996047,-0.173276665209469
"CCDC28A",-0.627470355731225,-1.48850054684344
"CCDC28A-AS1",-0.00197628458498024,-0.10264831379906
"CCDC28B",0.192878432631009,-0.264277562267312
"CCDC3",-0.720355731225296,-1.84609456086696
"CCDC30",-0.464047456716649,-0.802717610511331
"CCDC32",-0.679841897233202,-2.10688744374432
"CCDC33",0.797627896848425,1.13588872714308
"CCDC34",-0.50197628458498,-0.557311221531021
"CCDC38",0.524703557312253,0.790165128077894
"CCDC39",-0.204747874639071,-0.145261315682847
"CCDC40",0.230294052002086,-0.0533353575163568
"CCDC42",0.357301715874481,0.170140823446723
"CCDC43",0.302446265719477,1.12684646164432
"CCDC47",-0.807312252964427,-1.5543460264223
"CCDC50",-0.592885375494071,-1.38456833589854
"CCDC51",-0.543478260869565,-0.901580365289113
"CCDC54",0.478260869565217,0.386983174616461
"CCDC57",0.555335968379447,0.705097261066717
"CCDC59",-0.214426877470356,-0.012418263560847
"CCDC6",-0.845849802371541,-1.96397661555806
"CCDC60",0.488142292490119,0.36706425151521
"CCDC61",0.186758893280632,-0.213637928476034
"CCDC62",0.229799858757446,0.237608088873501
"CCDC63",0.441699604743083,0.442605905610603
"CCDC65",0.152173913043478,-0.229364601019126
"CCDC66",-0.745059288537549,-1.46674834409495
"CCDC68",-0.347417850981687,-0.50507307514925
"CCDC69",0.0924141367476181,0.378911984901924
"CCDC7",0.682806324110672,0.876573494143144
"CCDC70",0.389918470020699,0.748787833999611
"CCDC71",0.0365612648221344,-0.708141069215495
"CCDC71L",-0.408102766798419,-0.486022259647215
"CCDC74A",-0.100790513833992,-0.613658019467581
"CCDC74B",0.624505928853755,0.819102872485356
"CCDC77",-0.716403162055336,-1.31014322587905
"CCDC78",0.104743083003953,0.0750095672132861
"CCDC8",0.497652597352147,0.335421026669951
"CCDC80",0.722510523663196,1.72236718743639
"CCDC81",0.00691699604743083,-0.310006490418197
"CCDC82",-0.707220919647034,-1.29255710535455
"CCDC83",-0.262845849802372,-0.722838190745628
"CCDC85A",-0.209486166007905,-0.0785089535713228
"CCDC85B",-0.356719367588933,-0.624751737632273
"CCDC85C",0.394268774703557,0.912475544442489
"CCDC86",0.536561264822134,1.09830079532951
"CCDC87",0.658102766798419,0.920467286135001
"CCDC88A",0.680830039525692,1.80955756667886
"CCDC88B",0.635375494071146,0.851393263716489
"CCDC88C",-0.0612648221343874,-0.499354151578618
"CCDC89",-0.0792454760489132,-0.245484631658772
"CCDC9",0.555335968379447,0.543991630045429
"CCDC90B",-0.839920948616601,-1.74907560914754
"CCDC91",-0.598814229249012,-0.890828624556183
"CCDC92",-0.641304347826087,-0.882384712232744
"CCDC93",-0.610671936758893,-1.45582604178287
"CCDC96",-0.376081059170788,-0.576477745523779
"CCDC97",0.344452691513849,1.24838608154241
"CCDC9B",0.407709426827727,0.604670528386693
"CCEPR",-0.024703557312253,0.243429833856361
"CCER1",-0.106719367588933,-0.291136641899715
"CCHCR1",0.0938735177865613,0.0331810809922723
"CCIN",0.2391895304056,0.0844312801808157
"CCK",-0.540513833992095,-1.16813967880275
"CCKAR",0.207715235141087,-0.366108924841801
"CCKBR",-0.427477156613314,-0.853881856024665
"CCL1",0.113748819243929,0.770593474367434
"CCL11",0.354743083003953,0.280195398210532
"CCL13",0.66699604743083,0.920276266887283
"CCL14",0.382411067193676,0.443377179107729
"CCL15",0.132077099798849,0.47724614418803
"CCL16",0.565217391304348,0.692046969026248
"CCL17",0.659090909090909,0.693860993386937
"CCL18",-0.0450719559431349,-0.447702366461965
"CCL19",0.633399209486166,0.750414066459955
"CCL2",0.293478260869565,0.0911789651043654
"CCL20",0.363636363636364,0.363532090755512
"CCL21",0.576086956521739,0.677011761801786
"CCL22",0.591493860068429,0.828519411657612
"CCL23",0.148221343873518,0.118261853685191
"CCL24",0.0696812474941933,-0.202972314255346
"CCL25",0.630434782608696,0.999805950641605
"CCL26",0.230788245246725,0.54880391020615
"CCL27",0.33596837944664,0.801812829806452
"CCL28",-0.156126482213439,-0.954846122270835
"CCL3",-0.192878432631009,-0.992308655372594
"CCL4",0.339773206340555,0.901759129148914
"CCL5",0.772918234616442,1.26017567645803
"CCL7",0.0948851029708164,-0.171853545081715
"CCL8",0.257058737741615,-0.293324083078389
"CCM2",-0.693675889328063,-1.41088852564595
"CCM2L",0.664689914040354,1.19697301330083
"CCN1",0.0177865612648221,0.51425790316924
"CCN2",-0.294466403162055,-0.075701162362814
"CCN3",0.267786561264822,1.06279902246681
"CCN4",0.788537549407115,1.40293262732339
"CCN5",0.325098814229249,0.658666835292179
"CCN6",0.304521923684817,0.619126805563124
"CCNA1",-0.510869565217391,-0.642429148620422
"CCNA2",-0.268774703557312,-0.589484709821457
"CCNB1",-0.19421794514339,-0.18810827160312
"CCNB1IP1",-0.400197628458498,-1.09586995885101
"CCNB2",-0.16798418972332,-0.781291610563483
"CCNB3",0.153199905838297,-0.145460063018571
"CCNC",-0.618577075098814,-1.21055574665387
"CCND1",0.0385375494071146,0.040766606823118
"CCND2",-0.846837944664032,-2.93653442184884
"CCND3",-0.571711456721658,-1.57786101977998
"CCNDBP1",-0.762845849802372,-1.4581019779855
"CCNE1",-0.221343873517787,-0.54354402781739
"CCNE2",0.128984436850954,0.203441541071534
"CCNF",-0.273783057530377,-0.829997994635814
"CCNG1",-0.768774703557312,-0.945146126956778
"CCNG2",0.207509881422925,0.828507191806535
"CCNH",-0.726284584980237,-1.31433593073108
"CCNI",-0.429841897233202,-0.669519225872838
"CCNJ",-0.307312252964427,-1.06198868405611
"CCNJL",-0.337944664031621,-1.3877717156047
"CCNK",-0.0523715415019763,-0.352137717380907
"CCNL1",-0.757598244032612,-1.88503469752244
"CCNL2",-0.262845849802372,-0.501724444830282
"CCNO",-0.151754838115362,-0.66807032711962
"CCNP",0.749691152118378,1.08570537928578
"CCNQ",-0.494071146245059,-0.72243151892084
"CCNT1",0.480237154150198,1.2941960707433
"CCNT2",-0.453557312252964,-0.236509420871063
"CCNT2-AS1",-0.102399286815361,-0.478709403844221
"CCNY",0.557312252964427,2.15598634624145
"CCNYL1",-0.139328063241107,0.161278387335291
"CCNYL2",-0.489847960744619,-1.14492305406127
"CCP110",-0.636363636363636,-1.06332118975247
"CCPG1",-0.611660079051383,-2.10971875094286
"CCR1",-0.0671936758893281,-0.192327263788089
"CCR10",0.327155927951461,0.363245622917878
"CCR2",-0.0850643343911118,-0.654763110287813
"CCR3",0.688411189783059,1.49570373721099
"CCR4",0.556324110671937,1.60903403515488
"CCR5",0.696318281697293,1.33657120361062
"CCR6",-0.232789223003004,-1.16769573162168
"CCR7",0.736166007905138,0.98918227311863
"CCR8",0.297725170368891,0.492566426597872
"CCR9",-0.347181178735817,-0.680976369098346
"CCRL2",0.104012206022619,0.133621604461441
"CCS",-0.462450592885375,-1.26344883280176
"CCSAP",-0.74901185770751,-1.28019358664188
"CCSER1",0.121571538181359,-0.00082741602624771
"CCSER2",-0.767786561264822,-1.2476423751122
"CCT2",-0.75197628458498,-1.64722579950561
"CCT3",-0.874505928853755,-2.23830422316487
"CCT4",-0.792490118577075,-1.95552957602431
"CCT5",-0.703557312252964,-1.87348864263937
"CCT6A",-0.776679841897233,-1.32876248615857
"CCT6B",-0.422924901185771,-1.14836286694932
"CCT6P3",-0.452569169960474,-1.11163502791039
"CCT7",-0.807312252964427,-1.94388699760617
"CCT8",-0.812252964426878,-1.61875023734376
"CCT8L2",0.298986913007,-0.35953551385451
"CCZ1",-0.83300395256917,-2.06485404285205
"CCZ1B",0.323442294719693,0.699104117480401
"CD101",0.646245059288537,0.924704382025166
"CD109",-0.459486166007905,-0.738037476100889
"CD14",-0.240118577075099,-0.133856097335785
"CD151",0.0721522137173917,-0.169748889036133
"CD160",0.24604743083004,0.3089106668488
"CD163",0.447870466235195,0.243408357060519
"CD163L1",-0.322213995505064,-0.889353222310362
"CD164",-0.427865612648221,-0.199796420570158
"CD177",0.448616600790514,1.0269417676441
"CD180",0.104846737737882,0.0819422021129339
"CD19",0.351137659405171,0.268770683239179
"CD1A",0.52423368868941,0.571887662971843
"CD1B",0.804052409028741,1.13622058583088
"CD1C",0.392389436243897,0.313015314605809
"CD1D",0.0637509285585173,-0.406116701021939
"CD1E",0.188735177865613,-0.286488480130949
"CD2",0.606330662578506,1.23329489296239
"CD200",-0.840909090909091,-1.56257539421669
"CD200R1",0.349888817204886,-0.0356484264221327
"CD207",0.400593667772096,-0.0410182744846892
"CD209",0.574110671936759,0.469498851414099
"CD22",0.303359683794466,0.235762508738442
"CD226",0.50098814229249,0.230088259059236
"CD24",-0.545454545454545,-0.670431220092314
"CD244",0.553359683794466,0.78648726478764
"CD247",0.024703557312253,-0.074564925391478
"CD248",0.462450592885375,0.532605940949427
"CD27",0.243143076362717,0.218882014415191
"CD274",-0.434997581568464,-1.32009865956163
"CD276",-0.0597973826013999,-0.824528449159918
"CD28",0.0494193244639669,-0.443567683726148
"CD2AP",0.0187747035573123,-0.167833464748203
"CD2BP2",-0.679841897233202,-2.283884467309
"CD2BP2-DT",0.117617992224241,-0.196662273758352
"CD300A",0.236282777261052,0.510378858145249
"CD300C",0.732213438735178,1.65606111254242
"CD300LB",0.797627896848425,1.75593767809253
"CD300LD-AS1",0.549407114624506,0.652949706440481
"CD300LF",0.532740317721563,1.15658503877522
"CD300LG",0.879446640316205,1.87417938072237
"CD302",-0.384387351778656,-0.271516669494499
"CD320",-0.256916996047431,-0.667578552495267
"CD33",0.400197628458498,1.04614230957592
"CD34",0.6699604743083,1.54606047086379
"CD36",-0.290163159523509,-1.12538110968664
"CD37",-0.0543478260869565,-0.35425546449535
"CD38",0.727272727272727,1.48747887927837
"CD3D",0.425889328063241,0.659285990315261
"CD3E",0.450161115951585,0.541864294071808
"CD3G",0.0177865612648221,-0.331313023043564
"CD4",0.682806324110672,0.732420706074356
"CD40",0.619565217391304,0.379693740428615
"CD40LG",0.337944664031621,0.00752023152238864
"CD44",0.0177865612648221,0.0284085692687983
"CD46",-0.665184107284994,-1.02204857531839
"CD47",-0.853754940711463,-2.29049624780069
"CD48",0.41304347826087,-0.0609622622880958
"CD5",0.480237154150198,0.719612086410557
"CD52",0.602374181909152,0.782303081775141
"CD53",-0.0839920948616601,0.178188766058406
"CD55",-0.651185770750988,-0.944281914998163
"CD58",0.139328063241107,0.15987640793728
"CD59",-0.745059288537549,-1.5745716275266
"CD5L",0.377470355731225,0.403655433311777
"CD6",0.141304347826087,-0.34233141210447
"CD63",-0.612648221343874,-1.1250316865016
"CD63-AS1",0.192735365409471,-0.196851366821117
"CD68",0.533596837944664,0.585064488987838
"CD69",-0.378458498023715,-1.42798060117243
"CD7",0.492324441840396,0.515375402462992
"CD70",0.472448741875523,0.798181680824131
"CD72",0.242648883118077,0.662235907544807
"CD74",-0.0276679841897233,-0.153464534569303
"CD79A",0.307312252964427,0.320926812503268
"CD79B",0.628613807181659,0.985982089706076
"CD80",0.592537700322963,0.926691546880288
"CD81",-0.346837944664032,-0.709446262636202
"CD81-AS1",-0.29179044936486,-0.743273705138009
"CD82",0.250619886892596,-0.259564234773442
"CD83",-0.561264822134387,-1.02138879958732
"CD84",0.393280632411067,0.716875499025927
"CD86",0.464426877470356,0.29488488207108
"CD8A",-0.339510759067452,-0.861205864384519
"CD8B",0.0890208150604658,-0.336186419765146
"CD9",-0.83596837944664,-2.42685125117231
"CD93",-0.0168025703177487,-0.151198643766835
"CD96",0.363636363636364,0.50711460204129
"CD99",-0.0217391304347826,-0.448846875920366
"CD99L2",-0.773715415019763,-2.92332300204644
"CD99P1",0.305335968379447,0.640299829623051
"CDA",0.698616600790514,1.51640026885205
"CDADC1",-0.545454545454545,-0.902943605117698
"CDAN1",0.779644268774704,2.04432023502744
"CDC123",-0.847826086956522,-2.57657118922153
"CDC14A",0.503952569169961,1.31392981117614
"CDC14B",0.329051383399209,0.827461499344472
"CDC14C",-0.447687703226576,-0.699376526806898
"CDC16",-0.678853754940711,-3.87305368409104
"CDC20",-0.376575252415428,-0.580445559333136
"CDC20B",0.187747035573123,0.0115524655968572
"CDC23",-0.587944664031621,-1.15422877406521
"CDC25A",0.324110671936759,0.159096552487831
"CDC25B",-0.560276679841897,-1.24385461521491
"CDC25C",0.147233201581028,-0.27101744378669
"CDC26",-0.504940711462451,-0.421093257825926
"CDC27",-0.616258976065667,-1.0753405725268
"CDC34",-0.451581027667984,-0.658804730468106
"CDC37",-0.760869565217391,-1.94757602053597
"CDC37L1",-0.451581027667984,-0.811925961669896
"CDC37P1",0.228811472268167,0.321183988767146
"CDC40",-0.66699604743083,-1.44746995893116
"CDC42",-0.709486166007905,-0.919573369234039
"CDC42-IT1",0.759575017011171,0.626896849212217
"CDC42BPA",0.66600790513834,1.82432226874311
"CDC42BPB",-0.558300395256917,-1.18889347099206
"CDC42BPG",0.447628458498024,0.177903786002787
"CDC42EP1",0.506548075755661,0.0967367714349178
"CDC42EP2",0.379446640316206,0.151176093840713
"CDC42EP3",-0.186758893280632,-0.125725386754319
"CDC42EP4",0.187299239718434,0.607783858225155
"CDC42EP5",0.323122529644269,0.119055076585729
"CDC42SE1",-0.58300395256917,-3.33241489237899
"CDC42SE2",-0.83596837944664,-2.22720882179428
"CDC45",0.502473045007963,0.508915023590599
"CDC5L",-0.531620553359684,-0.359838357312519
"CDC6",-0.256055394605073,-0.886359362409433
"CDC7",-0.403162055335968,-0.290560094780344
"CDC73",-0.549283507043259,-0.711597096435927
"CDCA2",0.534584980237154,0.312842614672535
"CDCA3",0.551383399209486,1.06942279239813
"CDCA4",0.220355731225296,0.434728717827774
"CDCA5",0.0177865612648221,-0.101930292422232
"CDCA7",-0.276679841897233,-0.511219562989577
"CDCA7L",-0.371541501976285,-0.344358640644787
"CDCA8",0.0118577075098814,-0.344335022966636
"CDCP1",-0.0884605907905007,-0.521532476784953
"CDH1",-0.206521739130435,-0.342832960431975
"CDH10",-0.638339920948617,-1.76315791041294
"CDH11",-0.563241106719368,-0.991286458500109
"CDH12",-0.621200908512064,-0.569121783824536
"CDH13",-0.364624505928854,-0.491259445647988
"CDH15",0.270750988142292,0.414638982275943
"CDH16",0.0257171243508012,-0.230813309286224
"CDH17",-0.0978502624386544,-0.656363976973057
"CDH18",-0.498146790596786,-0.638345253372843
"CDH19",-0.397233201581028,-0.382807018575589
"CDH2",0.396245059288538,0.655280121120217
"CDH20",-0.0929772957298199,-0.37526443192699
"CDH22",-0.297725170368891,-0.537393592033807
"CDH23",0.396837175445654,0.326379826232813
"CDH24",0.345441078003129,0.422596617191498
"CDH26",-0.0854954313226627,-0.45461051101501
"CDH3",0.485791959480794,0.99429688521084
"CDH4",0.33102766798419,0.788043894181645
"CDH5",0.0405138339920949,-0.258676149429076
"CDH6",0.202569169960474,0.201588282379928
"CDH7",0.175889328063241,0.566257014736244
"CDH8",0.0859683794466403,0.847631925487075
"CDH9",-0.557312252964427,-1.18524636070035
"CDHR1",-0.261857707509881,-0.521072621152774
"CDHR2",-0.129097917096619,-0.878414546272902
"CDHR3",-0.219367588932806,-0.37059963516348
"CDHR5",0.130563862088683,-0.260302472900684
"CDIN1",-0.325098814229249,-0.172528506994008
"CDIP1",-0.436758893280632,-0.915182187235325
"CDIPT",0.234189723320158,0.41911292283233
"CDIPTOSP",0.592885375494071,0.723481427045434
"CDK1",0.278724989976773,0.032080330169316
"CDK10",0.635375494071146,1.34615796613321
"CDK11A",0.00494560083669255,-0.4195088078865
"CDK11B",-0.438735177865613,-1.128262628883
"CDK12",-0.558300395256917,-0.55770171079276
"CDK13",0.731225296442688,1.60963187919138
"CDK14",-0.370553359683794,-1.01211021047643
"CDK15",0.570793197558818,0.862192339342518
"CDK16",0.486166007905138,0.126331385953125
"CDK17",-0.557312252964427,-0.755200957670276
"CDK18",0.187299239718434,0.559710517283426
"CDK19",-0.00790513833992095,0.167900336637057
"CDK2",0.240713962509489,-0.257881591385349
"CDK20",-0.532608695652174,-1.67035859393025
"CDK2AP1",-0.261857707509881,-0.116108694837988
"CDK2AP2",0.319169960474308,0.805371874872586
"CDK3",0.551383399209486,0.955851635046434
"CDK4",0.0711462450592885,0.104120674999987
"CDK5",-0.660079051383399,-1.40656064031939
"CDK5R1",0.141304347826087,0.884213071907179
"CDK5R2",0.268774703557312,0.527495418891376
"CDK5RAP1",-0.579051383399209,-1.7995753680424
"CDK5RAP2",-0.0128458498023715,0.0929893214148595
"CDK5RAP3",-0.427865612648221,-1.13835178441366
"CDK6",-0.264822134387352,-0.434618570567979
"CDK7",-0.685770750988142,-1.76253422040995
"CDK8",-0.398221343873518,-0.432040278653336
"CDK9",0.461462450592885,1.98680447359978
"CDKAL1",-0.193229558654111,-0.467246550464086
"CDKL1",-0.458611331025613,-0.73217732036165
"CDKL2",-0.636363636363636,-1.1544347932938
"CDKL3",-0.236166007905138,-0.13537095447106
"CDKL5",-0.478260869565217,-0.0717517689719659
"CDKN1A",0.208498023715415,0.151817604819764
"CDKN1B",-0.488142292490119,-0.227627780035369
"CDKN1C",-0.0484189723320158,0.0408265870592114
"CDKN2A",0.534222897455482,1.26350620609638
"CDKN2A-AS1",0.508893280632411,0.523969459162738
"CDKN2AIP",-0.201630843812985,0.40810836563002
"CDKN2AIPNL",0.205090196525463,0.132407390462455
"CDKN2B",-0.011372067404512,-0.331390707241295
"CDKN2B-AS1",-0.297725170368891,-1.32433584900187
"CDKN2C",0.397233201581028,0.252359714262572
"CDKN2D",-0.652173913043478,-1.42299130916803
"CDKN3",-0.272727272727273,-0.844181144878606
"CDNF",0.0444664031620553,-0.303558542433482
"CDO1",-0.58498023715415,-0.511600158150772
"CDON",-0.504940711462451,-1.26335189917679
"CDPF1",0.131949596318792,0.124473281621155
"CDR1",-0.356719367588933,-1.10244865928332
"CDR2",-0.277667984189723,-0.0166335688697139
"CDR2-DT",-0.206726114973748,-1.01481499071031
"CDR2L",0.449221659377459,0.0847607511932123
"CDRT15",0.31331851710155,0.51727217011594
"CDRT15L2",-0.262845849802372,-1.02936697172852
"CDRT4",-0.735177865612648,-1.79708836031529
"CDS1",-0.807312252964427,-1.24848244738585
"CDS2",-0.786561264822134,-1.88724306276433
"CDSN",0.520750988142292,0.704009717762118
"CDT1",0.775691699604743,1.91957794436487
"CDV3",-0.702569169960474,-1.03760914765093
"CDX1",0.0879446640316206,-0.0815975727315124
"CDX2",0.271312091307178,0.453719645873219
"CDX4",0.598814229249012,0.879788017899167
"CDY1",0.408506629110804,0.267976396953245
"CDYL",-0.5800395256917,-0.710733206773174
"CDYL2",-0.655138339920949,-0.653134796117361
"CEACAM1",-0.00296442687747036,-0.0578364662895338
"CEACAM19",0.612648221343874,0.845767609103036
"CEACAM21",0.503481876676816,0.370920024689193
"CEACAM3",0.518042574413352,0.682204509818649
"CEACAM4",0.34346430502457,0.189147762454138
"CEACAM5",0.638991865319092,1.10925492803019
"CEACAM6",-0.121661780582637,-0.479227920205162
"CEACAM7",0.20854954923794,-0.0899849356730783
"CEACAM8",-0.0900099352278044,-0.728625457176695
"CEBPA",-0.224308300395257,-0.873923690865428
"CEBPA-DT",0.691394996969618,1.33610091324144
"CEBPB",-0.241106719367589,-0.725573626009831
"CEBPD",0.762845849802372,1.69068812754718
"CEBPE",0.603754940711463,0.904379995903057
"CEBPG",-0.545454545454545,-1.03305299338958
"CEBPZ",-0.220904380353932,0.318528495260338
"CEBPZOS",-0.550395256916996,-1.37223712790118
"CECR2",0.33827909722977,1.08479895965735
"CECR3",0.844861660079052,0.9285497959196
"CECR7",0.131422924901186,0.181102521863158
"CECR9",0.426877470355731,0.688906417867386
"CEL",0.785573122529644,1.2008338002587
"CELA1",0.735177865612648,1.30189774571518
"CELA2B",0.522727272727273,0.22618678034799
"CELA3A",0.417099098475881,0.815179445712
"CELA3B",0.116135412490322,-0.326217916414251
"CELF1",0.368577075098814,1.11644567078913
"CELF2",-0.368941822417264,-0.209320975024802
"CELF2-AS1",0.434890055282909,0.57815380714442
"CELF3",0.755928853754941,1.27695735196553
"CELF4",0.646245059288537,1.88386784627706
"CELF5",-0.106719367588933,0.0367504692483651
"CELF6",-0.410079051383399,-1.15010002829734
"CELP",0.525821612296608,0.996576652794757
"CELSR1",0.190689044374801,-0.33335352905331
"CELSR2",-0.024703557312253,-0.270694130692353
"CELSR3",0.239130434782609,-0.0187345455232724
"CEMIP",-0.511857707509881,-0.317660382400414
"CEMIP2",-0.600790513833992,-2.28631124168496
"CEMP1",0.704545454545454,0.855683175043374
"CENATAC",0.08944897727978,-0.201838999961764
"CEND1",0.0810276679841897,-0.284623938951313
"CENPA",0.553741173015657,0.182837209140218
"CENPB",0.61028714324786,1.64305667589744
"CENPBD1P",-0.75,-0.721131465899412
"CENPBD2P",0.0711462450592885,0.0215268618651782
"CENPC",-0.596837944664032,-1.02156474397848
"CENPE",0.152211519349018,-0.373085053646705
"CENPF",0.124505928853755,0.522928252738753
"CENPH",-0.312561972878969,-1.25680757348022
"CENPI",0.108722513820727,-0.482728014221144
"CENPJ",-0.599802371541502,-1.20185644893361
"CENPK",-0.378552025393986,-0.748904546498636
"CENPL",0.550395256916996,0.869461875425474
"CENPM",0.152173913043478,0.362699474861441
"CENPN",-0.192174933032267,-0.229833703558238
"CENPO",-0.08300395256917,-0.107201994070572
"CENPP",0.41501976284585,0.557534969453503
"CENPQ",-0.431818181818182,-0.872483346190457
"CENPS",0.0296442687747036,0.41441071984008
"CENPT",0.530632411067194,1.61802684322923
"CENPU",-0.526679841897233,-1.35970893624931
"CENPV",0.271739130434783,0.609778056859214
"CENPVL2",-0.576086956521739,-0.962122705359468
"CENPW",-0.515810276679842,-1.53394581209648
"CENPX",-0.234741791203843,-0.807815615066364
"CEP104",0.424901185770751,1.54135510729184
"CEP112",0.0597973826013999,0.146304952065667
"CEP120",-0.695652173913043,-0.98173116442164
"CEP126",0.724308300395257,1.69820852785801
"CEP128",0.260439839925105,-0.0319526455048341
"CEP131",-0.324110671936759,-0.51337970516121
"CEP135",-0.189276012696993,-0.332506344273108
"CEP15",-0.66600790513834,-1.29285333158041
"CEP152",0.0331109473908578,-0.174292292857786
"CEP162",-0.536561264822134,-1.01734430680532
"CEP164",0.532608695652174,1.31329930920994
"CEP170",-0.123517786561265,0.523610294612699
"CEP170B",0.635375494071146,1.61897128618614
"CEP170P1",0.536199670434041,0.927800806369515
"CEP19",0.0731225296442688,0.464921125432468
"CEP192",-0.715415019762846,-1.04686987979098
"CEP192P1",0.155176678816856,-0.2732773723986
"CEP20",-0.597973826013999,-0.793465640229074
"CEP250",-0.0187747035573123,-0.224337519163126
"CEP290",-0.379446640316206,-0.847010460678475
"CEP295",0.683963450581302,1.68297106317469
"CEP350",-0.520750988142292,-0.885811030907069
"CEP41",-0.532608695652174,-0.70182213369712
"CEP43",0.458498023715415,0.948685563380066
"CEP44",-0.675889328063241,-1.17942040650452
"CEP55",-0.3300395256917,-1.22794382519461
"CEP57",-0.449604743083004,-1.08262894263959
"CEP57L1",-0.3300395256917,-0.715947543648616
"CEP63",-0.343873517786561,-0.366002625786628
"CEP68",-0.255928853754941,-0.310378339932069
"CEP70",-0.403162055335968,-0.513576036434261
"CEP72",0.658102766798419,0.864878664356341
"CEP72-DT",-0.250555975032312,-0.129062895049217
"CEP76",-0.47689648107728,-0.842414179493788
"CEP78",-0.448616600790514,-0.937680217870519
"CEP83",-0.427865612648221,-1.20998983339523
"CEP83-DT",0.358695652173913,0.254054357667628
"CEP85",0.651185770750988,0.848502735984323
"CEP85L",0.5800395256917,2.57243062396007
"CEP89",0.347826086956522,0.659850575724177
"CEP95",-0.241660496628798,-0.375721971561921
"CEP97",0.490118577075099,1.87207248881612
"CEPT1",-0.757905138339921,-3.09581633976094
"CER1",0.692687747035573,1.59194277743928
"CERCAM",0.308870777899793,-0.00566189175803675
"CERK",-0.721343873517787,-1.66731336019231
"CERNA1",-0.492094861660079,-0.499275127635125
"CEROX1",0.291501976284585,0.455843530639252
"CERS2",-0.451581027667984,-0.671925940015796
"CERS3",0.442687747035573,0.474242302214953
"CERS4",0.173504717193785,0.349751759795104
"CERS5",-0.381422924901186,-1.52538092161677
"CERS6",-0.479861640545118,-0.259085814184513
"CERT1",-0.782608695652174,-2.0442266271804
"CES1",0.122529644268775,0.0995267443738553
"CES1P1",0.18595459145964,0.373150712001302
"CES2",-0.0424901185770751,-0.658907614703086
"CES3",0.125494071146245,0.644478121863449
"CES4A",0.538537549407115,0.66261806347672
"CES5A",0.555335968379447,1.66126558105272
"CETN1",0.62713122744774,1.30090326043422
"CETN2",-0.782608695652174,-2.10305353080482
"CETN3",-0.528656126482213,-0.611770073229165
"CETP",0.592885375494071,0.889983857195901
"CFAP100",0.143810234190144,0.254057131380717
"CFAP100-DT",-0.103754940711462,-0.857256590332338
"CFAP107",-0.00395354595711735,-0.0747522693856127
"CFAP119",-0.0370644933479752,-0.167949664762665
"CFAP126",0.716403162055336,1.38086884877803
"CFAP157",0.412651359274123,0.370465876756811
"CFAP161",0.265875965616142,0.310532373710144
"CFAP20",-0.798418972332016,-1.52067357635009
"CFAP206",0.181413764131394,0.358884259557438
"CFAP20DC",0.0770750988142292,-0.471303516691864
"CFAP210",0.00494071146245059,0.0173140441401232
"CFAP221",-0.210474308300395,-0.764259519444687
"CFAP251",-0.0592885375494071,-0.314589248033394
"CFAP276",0.718556977706079,1.74356859516125
"CFAP298",-0.588584154365846,-1.16509801662529
"CFAP299",-0.337944664031621,-0.603787738983155
"CFAP300",0.089153319447959,-0.368713771547169
"CFAP36",-0.849802371541502,-1.90950157643905
"CFAP410",0.261922419659024,0.215137535286325
"CFAP418",0.33102766798419,0.872914133779145
"CFAP43",0.159624418018613,0.0534604338790711
"CFAP44",0.0326086956521739,0.0796856411598961
"CFAP45",0.114624505928854,0.267288283597179
"CFAP46",0.49703557312253,1.44679740033233
"CFAP47",0.0859683794466403,0.184798703492103
"CFAP52",-0.50296442687747,-0.838906238661945
"CFAP53",0.325098814229249,0.799049652734243
"CFAP54",0.114737939411267,-0.0638609865450145
"CFAP57",0.770750988142292,1.6506276066893
"CFAP58",0.114624505928854,0.0828334885177772
"CFAP61",0.195652173913043,-0.353277885039301
"CFAP65",0.484189723320158,1.2446372074169
"CFAP68",-0.474308300395257,-0.720216503648772
"CFAP69",0.0484189723320158,-0.271546989091759
"CFAP70",-0.0839920948616601,-0.446877611991705
"CFAP73",0.529644268774703,0.259334579491957
"CFAP74",0.653817662658282,1.09869879936116
"CFAP90",0.28416111566781,0.718738318378743
"CFAP91",-0.535573122529644,-0.89406487068206
"CFAP92",-0.194664031620553,-0.702656408088896
"CFAP95",0.438735177865613,0.704629495093665
"CFAP95-DT",0.487154150197628,0.921116968450548
"CFAP96",-0.0197677297855868,-0.296847726978281
"CFAP97",-0.263833992094862,-0.692990350377099
"CFAP97D1",0.385964924063581,0.230350325692821
"CFAP99",0.677865612648221,1.05022069986412
"CFB",0.607707509881423,0.503271735201284
"CFC1",0.0642292490118577,0.134255745616114
"CFC1B",0.368264998032393,0.499893102806298
"CFD",0.287833968695506,0.523885143041122
"CFDP1",-0.892018806574602,-2.12070409860594
"CFH",0.0405138339920949,-0.269194945370075
"CFHR1",-0.181818181818182,-0.0212443412538961
"CFHR2",-0.0172967635623884,-0.612961984513169
"CFHR3",-0.052423368868941,-0.606384690909776
"CFHR4",0.540513833992095,0.627995803161677
"CFHR5",0.138339920948617,-0.312950922220538
"CFI",0.289103048114206,0.560821697343076
"CFL1",0.329626894174659,0.499022749423347
"CFL2",-0.74703557312253,-1.32731686477882
"CFLAR",0.0642292490118577,-0.549103916992678
"CFLAR-AS1",0.041501976284585,-0.758919866239723
"CFP",0.503952569169961,0.686866005772347
"CFTR",-0.263404999392943,-1.07463026021907
"CGA",0.781620553359684,1.93893796697549
"CGAS",0.797426912840078,1.56452661992698
"CGB3",0.0187932831794317,-0.428221659139581
"CGGBP1",-0.783596837944664,-1.37657905280297
"CGN",0.268774703557312,0.192627845365322
"CGNL1",-0.523715415019763,-0.765500149928746
"CGREF1",-0.628458498023715,-1.52138904307
"CGRRF1",-0.725296442687747,-1.3761859621101
"CH25H",-0.00791296133870808,0.0845601162893753
"CH507-9B2.8",-0.0380528798372545,-0.398574275100044
"CHAC1",0.568816424580259,1.49160013454184
"CHAC2",-0.545454545454545,-0.915278946269611
"CHAD",0.66897233201581,1.15487691688739
"CHADL",0.204545454545455,0.125788006840179
"CHAF1A",0.0395648066935404,-0.184724990017738
"CHAF1B",-0.15027189181456,-0.26191624593825
"CHAMP1",-0.261127724177366,-0.831471452810666
"CHASERR",-0.238142292490119,-0.354276376165934
"CHAT",0.458117137780973,0.826221635526405
"CHCHD1",-0.761857707509881,-1.18690446453288
"CHCHD10",-0.5,-0.870739745228005
"CHCHD2",-0.762845849802372,-1.805208216588
"CHCHD3",-0.50197628458498,-0.794126797388679
"CHCHD4",-0.732213438735178,-1.45236026668438
"CHCHD5",0.229249011857707,-0.16299404253525
"CHCHD6",-0.655300242392201,-1.64309656249055
"CHCHD7",-0.684951837070581,-1.52681374572889
"CHCT1",0.613636363636364,0.593476961048499
"CHD1",0.127596501586668,0.574545554174488
"CHD1L",-0.667160880263553,-0.973552244822596
"CHD2",-0.432806324110672,-0.481086942865925
"CHD3",-0.119565217391304,-0.211512518411039
"CHD4",0.31381271034619,0.569795542170325
"CHD5",0.162055335968379,-0.487653505237144
"CHD6",-0.737154150197628,-1.60028931392133
"CHD7",0.226284584980237,0.540566162821948
"CHD8",0.378552025393986,0.586121356559832
"CHD9",0.0474308300395257,0.715816877546072
"CHD9NB",0.508893280632411,1.0078594181986
"CHDH",0.233201581027668,0.19340950573625
"CHEK1",-0.257905138339921,-0.526392934658223
"CHEK2",-0.323122529644269,-0.747074174002981
"CHERP",0.628458498023715,1.92094592485408
"CHFR",-0.527667984189723,-0.929794085589061
"CHGA",0.129446640316206,0.571352167602997
"CHGB",-0.652173913043478,-1.80162220587439
"CHI3L1",0.207509881422925,0.887280605675039
"CHI3L2",0.50098814229249,0.327999588868118
"CHIA",0.50753646224494,0.717888524438397
"CHIAP2",0.609683794466403,1.15941966061622
"CHIC1",-0.869565217391304,-1.78721205675622
"CHIC2",-0.58265383543017,-1.94497319932447
"CHID1",-0.568181818181818,-1.47073933551511
"CHIT1",0.513960974425256,1.16956238039081
"CHKA",-0.715415019762846,-1.99789711165621
"CHKB",0.16897233201581,-0.0766466369386664
"CHKB-DT",-0.218595556981811,-0.308057526351669
"CHL1",-0.741106719367589,-0.879269433099043
"CHL1-AS1",0.62000863021917,0.91540512514562
"CHM",-0.661067193675889,-1.00719354595775
"CHML",-0.0928853754940711,0.172114124588262
"CHMP1A",-0.0810276679841897,-0.553071009620251
"CHMP1B",-0.0731948923830497,-0.510282074751497
"CHMP2A",-0.930830039525692,-2.99581705458047
"CHMP2B",-0.815217391304348,-1.45856780303224
"CHMP3",-0.58695652173913,-0.88964694189661
"CHMP4A",-0.598814229249012,-1.65540173979289
"CHMP4B",-0.809288537549407,-1.76554072255134
"CHMP4C",-0.000494193244639669,-0.501916762010072
"CHMP5",-0.133399209486166,0.263836519950533
"CHMP6",-0.310276679841897,-0.527032309593215
"CHMP7",-0.66798418972332,-1.97646649918635
"CHN1",-0.74802371541502,-1.54353091824767
"CHN2",-0.619224135533505,-1.04735478070102
"CHODL",0.137385722009828,0.283467646421386
"CHORDC1",0.319169960474308,0.797281698887528
"CHP1",-0.824110671936759,-1.95097146721193
"CHP2",-0.0928853754940711,-0.488067035138527
"CHPF",0.583148028674809,0.528213605417021
"CHPF2",-0.443675889328063,-0.356211485056486
"CHPT1",-0.476284584980237,-0.920287195304195
"CHRAC1",-0.287833968695506,-0.246348599208624
"CHRD",0.0444664031620553,0.0630300700996241
"CHRDL1",-0.203557312252964,-0.36135809736152
"CHRDL2",0.696640316205534,1.44260942703147
"CHRM1",-0.687747035573123,-1.39535396169608
"CHRM2",0.606330662578506,1.69847446236718
"CHRM3",-0.411067193675889,-0.660652976342901
"CHRM3-AS2",0.24802371541502,0.165796513827951
"CHRM4",0.605880917928234,1.0384612452909
"CHRM5",0.439337794484666,0.716666330909344
"CHRNA1",-0.489251312193272,-1.09486277054367
"CHRNA10",0.680504097868824,1.43489689119602
"CHRNA2",0.230788245246725,-0.257185170056436
"CHRNA3",0.568181818181818,1.49426388043032
"CHRNA4",0.428959736347233,0.366961900694747
"CHRNA5",0.618577075098814,0.80329490143039
"CHRNA6",-0.235177865612648,-1.12518753977803
"CHRNA7",-0.446256499909621,-0.56489985517631
"CHRNA9",0.380811264425326,0.653496295236241
"CHRNB1",0.428959736347233,0.382313322450075
"CHRNB2",0.385470730818942,0.179747414212944
"CHRNB3",0.310276679841897,-0.192268334554863
"CHRNB4",0.573689697056335,1.29299394007568
"CHRND",0.369656546990472,0.32605102795781
"CHRNE",0.460093910759532,1.13920102498842
"CHRNG",0.521997097882157,1.03109639555607
"CHROMR",0.41897233201581,1.12947217986663
"CHST1",-0.378458498023715,-0.811916685084154
"CHST10",-0.688735177865613,-2.19337449704036
"CHST11",-0.470355731225296,-0.836674139180302
"CHST12",0.477272727272727,0.550324197048214
"CHST13",0.303359683794466,0.214933491123904
"CHST14",0.675889328063241,0.938096284489609
"CHST15",-0.132443789563431,0.284136279378231
"CHST2",-0.247590815564474,-0.421151900526222
"CHST3",0.327075098814229,0.298800053039597
"CHST4",0.472799439987807,0.47815641769685
"CHST5",-0.58596837944664,-1.02670743420086
"CHST6",-0.827075098814229,-2.39816055874675
"CHST7",-0.412055335968379,-0.314665187307197
"CHST8",0.411662972784844,0.446763189581139
"CHST9",-0.0207509881422925,0.0480088659285592
"CHSY1",0,0.0418341456886359
"CHSY3",-0.0474308300395257,-0.0502476868739538
"CHTF18",0.322134387351779,0.160148577352264
"CHTF8",-0.284584980237154,-0.766636064542384
"CHTOP",-0.826086956521739,-1.49494497587398
"CHUK",-0.66897233201581,-1.03204141931222
"CHURC1",-0.521739130434783,-0.799466923859495
"CIAO1",-0.532608695652174,-0.739898156979087
"CIAO2A",-0.318181818181818,-0.00679803609309744
"CIAO2B",-0.654150197628458,-1.24155409472165
"CIAO3",0.483201581027668,0.543363536461588
"CIAPIN1",-0.661067193675889,-1.32206686860693
"CIART",-0.0592885375494071,0.148807661754369
"CIB1",-0.656126482213439,-1.6172590049364
"CIB2",0.115147026001043,-0.189583600788292
"CIB3",0.291501976284585,0.175573642081378
"CIB4",0.482826800012956,0.511766904263551
"CIBAR1",-0.644268774703557,-1.45515779088524
"CIBAR1-DT",-0.377069445660067,-0.982241567103707
"CIC",0.672924901185771,0.936331731692263
"CIDEA",0.455533596837945,0.644310388966685
"CIDEB",0.357707509881423,0.143468976582076
"CIDEC",-0.0563380298889222,-0.437418157276868
"CIDECP1",0.639980251808371,0.930323002250327
"CIITA",0.561897719155303,0.522138488580133
"CILK1",-0.33102766798419,-0.22204263203637
"CILP",0.498516564338609,0.73171372670986
"CILP2",0.665678300529634,0.650996936200283
"CIMAP1A",0.75296442687747,1.19909605194557
"CIMAP1B",0.241106719367589,-0.376643993774684
"CIMAP1C",0.494071146245059,0.66576852122824
"CIMAP1D",0.0988142292490119,-0.116048228637048
"CIMAP2",0.555473206974988,0.458290349342552
"CIMAP3",0.177865612648221,0.23438878775422
"CIMIP1",0.259881422924901,0.363427924198957
"CIMIP2A",0.600444792237198,0.605776610394228
"CIMIP2B",0.130499274470539,0.338787767048852
"CIMIP2C",0.20573699480641,-0.0194181920128451
"CIMIP4",0.318475468916876,0.834793489122872
"CINP",-0.632411067193676,-1.90244911554675
"CIP2A",-0.480237154150198,-0.863188587546413
"CIPC",-0.713438735177866,-1.26335712164626
"CIR1",-0.595849802371542,-1.09459015576199
"CIRBP",-0.828063241106719,-1.60742727631004
"CIRBP-AS1",0.341246457731786,0.580901273366966
"CISD1",-0.562886105644583,-1.27673743044165
"CISD2",-0.628458498023715,-0.841298819915102
"CISD3",-0.0662055335968379,-0.229823630480324
"CISH",0.314801096835469,0.086894897158147
"CIT",-0.195652173913043,-0.0446068205417314
"CITED1",-0.354743083003953,-0.876808298338216
"CITED2",0.241106719367589,-0.21351549068165
"CITED4",0.437191113963621,0.737618252422089
"CIZ1",0.347912044226327,0.96779227976842
"CKAP2",-0.66699604743083,-1.03913341157608
"CKAP2L",0.489745505437912,0.300088811804409
"CKAP4",-0.122529644268775,0.157208685328447
"CKAP5",-0.717391304347826,-1.69310702952746
"CKB",-0.826086956521739,-1.99275399414331
"CKLF",-0.287549407114625,-0.00847131260823888
"CKM",0.532740317721563,1.19177095799754
"CKMT1B",-0.83596837944664,-2.94029067226933
"CKMT2",-0.228260869565217,-0.423892897922237
"CKMT2-AS1",-0.262845849802372,-0.58513451509495
"CKS1B",-0.636363636363636,-0.765343078973565
"CKS2",0.162589577486451,0.816756195055606
"CLASP1",-0.721343873517787,-2.67399817848704
"CLASP2",-0.882411067193676,-1.9997528507234
"CLASRP",0.630434782608696,0.816784935420958
"CLBA1",-0.520750988142292,-1.25727890904538
"CLC",0.000989120167338509,-0.286310325481661
"CLCA1",0.510995814957418,0.741563398122718
"CLCA2",-0.26884112508398,-0.793285713044827
"CLCA3P",0.092125096762891,-0.104332168395123
"CLCA4",-0.118112185468881,-0.149004616279608
"CLCA4-AS1",-0.345849802371542,-0.477552268737284
"CLCC1",-0.14875216663654,0.309104451247135
"CLCF1",0.380434782608696,-0.0787291578899688
"CLCN1",0.486166007905138,0.822890744232312
"CLCN2",0.774703557312253,1.33286543479065
"CLCN3",-0.702569169960474,-1.15862901941676
"CLCN4",-0.815217391304348,-1.81599427218777
"CLCN5",-0.187299239718434,-0.100215704256873
"CLCN6",-0.58596837944664,-1.28722911825103
"CLCN7",0.793478260869565,1.18597547079319
"CLCNKA",0.683794466403162,1.47261588303143
"CLCNKB",0.364624505928854,0.997714792216866
"CLDN1",0.0632411067193676,-0.697893080338888
"CLDN10",-0.442687747035573,-0.994610165706677
"CLDN10-AS1",0.467853839151115,0.673679533855616
"CLDN11",0.0444664031620553,0.271027750472979
"CLDN12",-0.622529644268775,-1.13043365040929
"CLDN14",0.052632227739391,-0.135014781371012
"CLDN15",0.58596837944664,0.884163810161763
"CLDN16",0.369162353745833,0.912256975649216
"CLDN17",0.720039557439997,1.22126216469117
"CLDN18",0.612456822231053,0.660750384346219
"CLDN19",0.41897233201581,0.02940703584031
"CLDN2",-0.00148257973391901,-0.42262074325256
"CLDN20",0.445766597239795,0.506975971425845
"CLDN23",0.571146245059289,0.718396169894071
"CLDN3",0.604743083003953,1.35286233552266
"CLDN4",0.630096386915578,1.17641158804127
"CLDN5",0.236166007905138,0.479431292183143
"CLDN6",-0.341981725290651,-1.312459674559
"CLDN7",0.721343873517787,1.24195682535221
"CLDN8",-0.240118577075099,-1.05608978018179
"CLDN9",0.227272727272727,0.323097095699329
"CLDND1",-0.441699604743083,-0.596982839896592
"CLDND2",0.175830157800141,-0.318510495773165
"CLEC10A",0.339920948616601,0.648906710061628
"CLEC11A",0.227272727272727,0.487873222174524
"CLEC12A",0.38843589028678,-0.184538729966049
"CLEC12B",0.467853839151115,0.0710320261943441
"CLEC14A",0.703731180366888,0.885205437324385
"CLEC16A",-0.204545454545455,-0.163957468601681
"CLEC18C",0.453557312252964,0.315315832442513
"CLEC1A",0.75098814229249,1.4212683450741
"CLEC1B",0.444664031620553,0.673841931989569
"CLEC2B",-0.133399209486166,0.0148650345519868
"CLEC2D",0.0355731225296443,-0.195768596312403
"CLEC2L",-0.52285645282877,-1.26599765786276
"CLEC3A",0.507905138339921,0.492998889453203
"CLEC3B",-0.210084059280224,-0.898446363097588
"CLEC4A",-0.350790513833992,-0.270297193668101
"CLEC4C",-0.133399209486166,-0.704648398578449
"CLEC4D",0.391304347826087,0.400324626555252
"CLEC4E",0.100321228661853,-0.388091067924707
"CLEC4F",-0.0754726284564852,-0.576953759321609
"CLEC4G",0.0113664446267124,0.27648402376257
"CLEC4GP1",0.371541501976285,0.64670422739046
"CLEC4M",-0.0578206096228413,-0.739822507358938
"CLEC5A",0.47788486756656,0.666070916745242
"CLEC7A",0.295454545454545,0.323395886458045
"CLECL1P",-0.182764304868316,-0.823854793384885
"CLGN",-0.772727272727273,-1.35415580093557
"CLHC1",0.00889328063241107,-0.388822224713539
"CLIC1",-0.221343873517787,-0.366677494269335
"CLIC2",0.107250577280268,0.529347509724049
"CLIC3",0.144268774703557,0.00117390505794743
"CLIC4",-0.437747035573123,-0.709788493717228
"CLIC5",0.440711462450593,0.991921613005305
"CLIC6",0.118112185468881,0.694076935362121
"CLINT1",-0.50197628458498,-0.264200581815601
"CLIP1",0.086483817811942,0.372104194391192
"CLIP1-AS1",0.299728633107342,0.101962552499967
"CLIP2",-0.203557312252964,-0.43838364160632
"CLIP3",-0.531620553359684,-1.50860848291159
"CLIP4",-0.452569169960474,-0.283833345536533
"CLK1",-0.642292490118577,-1.12040164304349
"CLK2",-0.673913043478261,-1.09698800532198
"CLK3",-0.125494071146245,-0.483492491568831
"CLK4",-0.0622683488245983,0.21588101600302
"CLMAT3",0.557312252964427,0.984605996558583
"CLMN",0.0148257973391901,0.553154664525071
"CLMP",0.225846312800329,0.767141712204236
"CLN3",-0.365123971239852,-0.949663765082681
"CLN5",-0.179841897233202,0.0622486177474004
"CLN6",0.608695652173913,0.831979182598996
"CLN8",0.408102766798419,1.38383770331568
"CLN8-AS1",-0.507905138339921,-0.81702434374487
"CLNK",0.814924660410814,1.74755957350048
"CLNS1A",-0.83399209486166,-2.45747849366612
"CLOCK",-0.603754940711463,-0.441018752200662
"CLP1",-0.233259211469924,0.0509717872495997
"CLPB",0.212008901950418,0.3827539245998
"CLPP",-0.510501621712778,-1.28808554058241
"CLPS",0.257968873701907,0.0615827666741276
"CLPTM1",0.627470355731225,0.90420516264021
"CLPTM1L",-0.449604743083004,-0.876072874530452
"CLPX",-0.450704239111378,-0.927638932032555
"CLRN1",0.572996139728842,0.739930832668827
"CLRN1-AS1",-0.0528786771764446,-0.216350793005177
"CLRN3",0.25,0.460748457419145
"CLSPN",-0.041501976284585,-0.345926526457461
"CLSTN1",-0.662055335968379,-2.11753853193499
"CLSTN2",-0.491106719367589,-1.31187694354874
"CLSTN2-AS1",-0.0667160880263553,-0.250636553101102
"CLSTN3",-0.0968379446640316,-0.798402043372221
"CLTA",-0.737154150197628,-2.94105888995893
"CLTB",0.0751173731852297,0.389426363204892
"CLTC",-0.779644268774704,-1.83634011876856
"CLTCL1",0.16798418972332,0.212805022975144
"CLTRN",0.145400664598761,0.0358395558728041
"CLU",-0.50197628458498,-1.16146774514112
"CLUAP1",-0.617588932806324,-1.68594104205842
"CLUH",0.594861660079051,0.601928991672583
"CLUHP3",0.674901185770751,1.76512559388014
"CLUL1",-0.133399209486166,-0.473301237112582
"CLVS1",-0.612648221343874,-1.34966092081178
"CLVS2",0.525222808856749,0.474808672489445
"CLXN",-0.162055335968379,-0.367794523416454
"CLYBL",0.381378088749603,0.574254568512193
"CLYBL-AS1",0.5800395256917,1.10823184673723
"CLYBL-AS2",0.603754940711463,1.24273773678338
"CMA1",0.0227272727272727,-0.338248731676666
"CMAHP",-0.360671936758893,-0.433869395149832
"CMAS",-0.75197628458498,-1.24394060101105
"CMBL",0.772727272727273,1.78004987402056
"CMC1",-0.445762306664981,-0.314702272431597
"CMC2",-0.704545454545454,-1.82098231470739
"CMC4",-0.44773907964354,-1.42467714918175
"CMIP",0.766798418972332,2.94486690730004
"CMKLR1",0.438457789603668,0.408818117780526
"CMKLR2",0.6699604743083,1.28460406742911
"CMKLR2-AS",0.296682435274041,-0.235095307909497
"CMPK1",-0.781620553359684,-1.74366375572958
"CMPK2",-0.099802371541502,0.404480318843099
"CMSS1",-0.58498023715415,-1.26927318230258
"CMTM1",-0.332344376225739,-0.566637163398292
"CMTM2",-0.162055335968379,-0.307225386642807
"CMTM3",-0.0108722513820727,-0.237786643876148
"CMTM4",-0.292490118577075,-0.139576793030508
"CMTM5",0.25098814229249,-0.16661979296953
"CMTM6",0.0197628458498024,0.790610991189086
"CMTM7",0.682492915463571,1.14502004497831
"CMTM8",0.465530036450568,1.43482591847662
"CMTR1",-0.118577075098814,-0.534135149005949
"CMTR2",-0.482213438735178,-0.391046448637288
"CMYA5",-0.623517786561265,-1.50789364561213
"CNBD1",-0.145400664598761,-0.76046133925033
"CNBD2",-0.266798418972332,-0.395739581525923
"CNBP",-0.75296442687747,-1.74829840569761
"CNDP1",-0.104743083003953,-0.0869011385113058
"CNDP2",-0.33102766798419,-0.0646328466812898
"CNEP1R1",-0.381022991617185,-0.13062016917548
"CNFN",0.534717090700122,1.42967806133386
"CNGA1",0.564862878623141,0.883794012170397
"CNGA3",0.199802273802379,0.288874166548594
"CNGA4",0.601778656126482,1.50566598068177
"CNGB1",0.788238225200272,1.63348076360086
"CNGB3",0.698616600790514,0.94951671466557
"CNIH1",-0.758893280632411,-1.65946567968316
"CNIH2",0.464426877470356,0.7074346355091
"CNIH3",-0.708498023715415,-1.47235485427513
"CNIH4",-0.562252964426877,-0.654441337664535
"CNKSR1",0.720039557439997,1.26843869710879
"CNKSR2",0.225296442687747,0.845170844426907
"CNKSR3",-0.0509523021351794,-0.0145705827809827
"CNMD",0.486647122330547,0.665860729847865
"CNN1",0.490118577075099,1.14245698742086
"CNN2",0.219367588932806,0.129112978093259
"CNN3",-0.697628458498024,-1.68123736829433
"CNN3-DT",-0.117705299913283,-0.475290080927443
"CNNM1",0.380434782608696,0.992282350920036
"CNNM2",-0.464426877470356,-1.11671856940648
"CNNM3",0.180830039525692,0.388925081196961
"CNNM4",0.0464426877470356,-0.0796862256282719
"CNOT1",-0.790513833992095,-2.19958234144948
"CNOT10",-0.710474308300395,-1.91589842975336
"CNOT11",-0.795454545454546,-2.95904807209767
"CNOT2",0.355731225296443,1.05918245024783
"CNOT3",0.577075098814229,1.03917840241533
"CNOT4",-0.68692861004914,-1.85476568173189
"CNOT6",-0.327075098814229,-0.610568301598462
"CNOT6L",-0.135375494071146,0.282436098538785
"CNOT7",-0.721343873517787,-1.3896581594578
"CNOT8",-0.459105524270252,-0.579155190590961
"CNOT9",-0.757905138339921,-2.07870479497617
"CNP",-0.25,-0.391863968892324
"CNPPD1",0.269762845849802,1.04895145290654
"CNPY1",0.578700289473052,0.896342995489351
"CNPY2",-0.767786561264822,-2.39381983128667
"CNPY3",0.10476896786361,0.171321970003333
"CNPY4",-0.394268774703557,-0.838027336317509
"CNR1",-0.390316205533597,-0.628307481798534
"CNR2",0.305638131707599,0.830182096085333
"CNRIP1",-0.614624505928854,-1.47947721506297
"CNST",-0.705533596837945,-1.00259828319684
"CNTD1",0.448071435804345,0.491375977293166
"CNTF",0.361474167870534,0.1236946700274
"CNTFR",0.0177909568070281,0.115051066934734
"CNTFR-AS1",0.560276679841897,0.968121021636385
"CNTLN",0.168519896422127,-0.0039566233577128
"CNTN1",-0.398221343873518,-0.41260644792255
"CNTN2",-0.352766798418972,-0.644611789786097
"CNTN3",-0.024703557312253,0.228113465334896
"CNTN4",-0.0988142292490119,0.336408541525152
"CNTN5",-0.190711462450593,0.147376031577943
"CNTN6",-0.392292490118577,-0.581428087316003
"CNTNAP1",-0.139328063241107,-0.0534746363341978
"CNTNAP2",-0.761857707509881,-0.637527758354648
"CNTNAP2-AS1",-0.350469642422774,-1.13748330716913
"CNTNAP3",-0.0889328063241107,-0.1088836420009
"CNTNAP3P2",-0.160079051383399,-0.408876310652805
"CNTNAP4",-0.427865612648221,-0.575803791855883
"CNTNAP5",-0.410079051383399,-0.00100397587126039
"CNTRL",0.797430830039526,2.66354068920316
"CNTROB",0.303359683794466,0.0446089985106788
"COA1",-0.708498023715415,-1.74435696556556
"COA3",-0.771739130434783,-2.11313815372622
"COA4",-0.529644268774703,-1.15137454348092
"COA5",-0.852483347003429,-2.60936173480632
"COA6",-0.451692625600657,-0.998876206234438
"COA7",-0.521739130434783,-0.425917399030233
"COA8",0.757905138339921,1.87345028050229
"COASY",-0.304347826086957,-1.07687321267853
"COBL",-0.0252038554766231,0.203027953881921
"COBLL1",0.682480870847383,1.54094554430122
"COCH",0.0237154150197628,0.386572789348421
"COG1",-0.609683794466403,-1.31710750924267
"COG2",-0.702569169960474,-1.44378624255031
"COG3",-0.909090909090909,-2.9530166808879
"COG4",-0.311264822134387,-0.947713306638273
"COG5",-0.0632411067193676,0.275479270189344
"COG6",-0.439723320158103,-0.0129934918740373
"COG7",-0.281620553359684,-0.668441092702351
"COG8",0.166048930198929,-0.0485057870647683
"COIL",-0.770750988142292,-1.78175002413661
"COL10A1",0.547430830039526,0.789266637720386
"COL11A1",0.218379446640316,0.581148348628778
"COL11A2",0.681818181818182,1.34581431774962
"COL12A1",-0.546442687747036,-0.680093713418166
"COL13A1",0.588932806324111,0.355351323515597
"COL14A1",0.630590580160217,0.728502773059292
"COL15A1",-0.162055335968379,-0.510495020269098
"COL16A1",0.0158102766798419,-0.255564351425552
"COL17A1",0.304347826086957,0.495873347000578
"COL18A1",0.109683794466403,0.0797493086155439
"COL18A1-AS1",0.420064257943718,0.342455930327764
"COL19A1",0.251236522503981,0.0213400109212645
"COL1A1",0.280771166285099,0.605384614981034
"COL1A2",0.409090909090909,1.03245137792078
"COL20A1",0.616600790513834,1.13799258897378
"COL21A1",-0.339920948616601,-0.0447304354454781
"COL22A1",0.169014089666767,0.322543921311103
"COL23A1",0.0197628458498024,-0.200351221498001
"COL24A1",0.391304347826087,1.08668615338171
"COL25A1",0.450049676139022,1.20858218292079
"COL26A1",0.322293662707544,0.166178060882614
"COL27A1",0.644922184254768,2.19319707287196
"COL28A1",-0.181773712430005,-0.764911312789926
"COL2A1",0.288537549407115,0.255180134280329
"COL3A1",0.0345849802371542,-0.516406962169377
"COL4A1",-0.00790513833992095,-0.112936268791514
"COL4A2",0.460474308300395,1.06552980673269
"COL4A3",-0.0365974461915249,0.139566046502644
"COL4A4",0.365703001033355,-0.0602664513347701
"COL4A5",-0.24604743083004,-0.411642929866191
"COL4A6",0.0410180393050925,-0.401291351404628
"COL5A1",0.786561264822134,1.28943851925307
"COL5A2",0.033596837944664,0.116508591828641
"COL5A3",0.421936758893281,1.16835830071947
"COL6A1",0.531620553359684,1.30955046353736
"COL6A2",-0.0958498023715415,-0.61729370838808
"COL6A3",-0.024703557312253,-0.238216144699452
"COL6A5",0.393669826600727,0.395377471162335
"COL6A6",0.379822144257988,0.62160678110731
"COL7A1",0.146245059288538,0.022229196255645
"COL8A1",0.0128585621754006,0.467214205244221
"COL8A2",0.133399209486166,-0.415920509475843
"COL9A1",0.180380534293479,0.618306345248474
"COL9A2",0.737154150197628,1.79538012657604
"COL9A3",0.0261922419659024,-0.0505115454123961
"COLCA1",0.49901185770751,0.0295386462005612
"COLEC10",0.26933531832862,-0.236878547487529
"COLEC11",-0.00790513833992095,0.0314717922629122
"COLEC12",-0.196640316205534,-0.0894524941012785
"COLGALT1",-0.219915993864653,-0.992180107622104
"COLGALT2",-0.401185770750988,-0.648637033239209
"COLQ",-0.553359683794466,-1.55920940803491
"COMMD1",-0.700592885375494,-1.45441378136201
"COMMD10",-0.49172227841647,-0.709433894174002
"COMMD2",-0.565851265112421,-0.558859779238257
"COMMD3",-0.843093675355275,-2.58608584473869
"COMMD4",-0.688735177865613,-2.19382658992105
"COMMD5",-0.645416377499408,-1.15162012885391
"COMMD6",-0.58498023715415,-0.840382155098727
"COMMD7",-0.659090909090909,-1.4934465973632
"COMMD8",-0.576229323249854,-0.304810432270282
"COMMD9",-0.717391304347826,-2.11767393856834
"COMP",0.526995177181269,1.00764642122535
"COMT",-0.147233201581028,-0.0527870015040416
"COMTD1",0.526809998785887,0.747693614175856
"COP1",-0.58596837944664,-1.21143661589982
"COPA",-0.643280632411067,-0.953611815543327
"COPB1",0.286561264822134,0.47243901150421
"COPB2",-0.579051383399209,-0.922162139742822
"COPB2-DT",0.172473442379244,-0.424494717832966
"COPE",-0.595502859790801,-1.00633842281194
"COPG1",-0.777667984189723,-3.23311360581567
"COPG2",-0.101778656126482,-0.183399893238609
"COPG2IT1",-0.803359683794466,-2.83582376142202
"COPRS",-0.779644268774704,-1.84599556363025
"COPS2",-0.770447268393244,-1.25588625795478
"COPS3",-0.768774703557312,-1.97960090597198
"COPS4",-0.730237154150198,-1.50184396205475
"COPS5",-0.74901185770751,-1.93609040313382
"COPS6",-0.861660079051383,-2.40650096063048
"COPS7A",-0.733201581027668,-1.35512224488877
"COPS7B",-0.40455014844145,-0.899022973946834
"COPS8",-0.673091199199229,-1.18422426271364
"COPS9",-0.272727272727273,-0.212660427578884
"COPZ1",-0.711462450592885,-1.99040182329363
"COPZ2",0.532246124476923,0.971046980659888
"COQ10A",-0.677865612648221,-1.1701639932698
"COQ10B",-0.703557312252964,-1.62427674009259
"COQ2",-0.508893280632411,-1.34367544494105
"COQ3",-0.734189723320158,-2.49786951869645
"COQ4",0.156126482213439,0.248695584279816
"COQ5",-0.610822850374631,-1.41197164229127
"COQ6",-0.755928853754941,-1.75976091870651
"COQ7",-0.385375494071146,-1.18372311729902
"COQ8A",-0.66699604743083,-1.79533453693425
"COQ8B",0.460474308300395,0.0780763715526559
"COQ9",-0.708498023715415,-1.80887915528078
"CORIN",0.527490473400424,0.780656695395715
"CORO1A",-0.429841897233202,-0.770782902212656
"CORO1B",-0.189723320158103,-0.0438401055495538
"CORO1C",-0.328063241106719,-0.340284115531156
"CORO2A",-0.545994332370857,-1.49311940605977
"CORO2B",-0.435770750988142,-0.766519622790861
"CORO6",0.0118577075098814,0.0723240720761432
"CORO7",0.197677297855868,-0.31415214281153
"CORT",0.0148368025100776,0.317066148472403
"COSMOC",0.662710512116801,0.934850134491277
"COTL1",-0.869565217391304,-2.42177978468312
"COX1",0.0795651123869867,-0.0167548636902744
"COX10",-0.372529644268775,-1.0497376222926
"COX10-DT",-0.43291328230435,-0.937535489470795
"COX11",-0.750185345363017,-1.08368623293265
"COX14",-0.620212522022784,-0.818098395647893
"COX15",0.578063241106719,2.81127308515275
"COX16",-0.259881422924901,-0.238652409048452
"COX17",-0.759881422924901,-1.39946644258645
"COX18",-0.714426877470356,-1.10282455646977
"COX19",0.226284584980237,0.641645269106436
"COX2",0.183794466403162,0.125294130601397
"COX20",-0.315217391304348,-0.0279803356357764
"COX3",0.865612648221344,2.36069809874871
"COX4I1",-0.818181818181818,-2.10106659740856
"COX4I2",0.302521045363523,0.180682468737488
"COX5A",-0.710474308300395,-0.966229631652173
"COX5B",-0.780825326530677,-1.70673398256218
"COX6A1",-0.492094861660079,-0.938493107523461
"COX6A2",0.31511278116611,0.157778378226853
"COX6B1",-0.841897233201581,-2.86604521237983
"COX6B2",0.720355731225296,1.72124275932592
"COX6C",-0.709486166007905,-1.51119186795004
"COX7A1",-0.544466403162055,-1.33579159316367
"COX7A2",-0.455533596837945,-0.336724824868035
"COX7A2L",-0.728260869565217,-0.664439623525675
"COX7A2P2",-0.637351778656126,-1.06669966251315
"COX7B",-0.768774703557312,-2.03932201652068
"COX7B2",0.421365191286205,0.66689572017723
"COX7C",-0.551025467773231,-0.844368759367032
"COX8A",-0.769762845849802,-1.92440748077892
"COX8C",-0.0380528798372545,-0.0565360602025712
"CP",0.000494560083669255,0.351345155406616
"CPA1",-0.114652832756403,-0.658017049015772
"CPA2",0.190758592430912,0.238439508453883
"CPA3",0.554347826086957,0.624813513174398
"CPA4",0.428465543102593,0.534150406941754
"CPA5",0.505440405509978,0.286908268404876
"CPA6",-0.312252964426877,-1.13481706041775
"CPAMD8",0.5668396516017,0.867571466787616
"CPB1",0.173461828868524,0.333373176728012
"CPB2",0.0291574014337405,-0.430323004498833
"CPD",-0.686758893280632,-1.05873448081246
"CPE",0.0281690149444611,0.473782548125157
"CPEB1",-0.404150197628458,-0.614739191162564
"CPEB1-AS1",0.682806324110672,0.941248482243562
"CPEB2",-0.0642451218031569,-0.245485466190231
"CPEB2-DT",0.190900192296332,0.0403001581089438
"CPEB3",-0.533596837944664,-0.897013053335875
"CPEB4",0.439723320158103,0.913738383022139
"CPED1",0.617247362554946,1.40670259002249
"CPLANE1",-0.492094861660079,-1.00366388695552
"CPLANE2",0.120553359683794,0.263273966805804
"CPLX1",-0.530632411067194,-0.915593707887272
"CPLX2",0.24703557312253,0.376669723438852
"CPLX3",0.342235577899124,0.674926674729451
"CPM",0.763746769937516,1.10119690456513
"CPN1",0.301140101246439,0.520063566487124
"CPN2",0.714426877470356,1.82933329703542
"CPNE1",-0.629446640316205,-2.2691250756388
"CPNE2",-0.270750988142292,-1.0013309273178
"CPNE3",-0.759881422924901,-1.733855914642
"CPNE4",-0.266798418972332,-0.323594022763291
"CPNE5",0.0919199435029784,-0.172334684694734
"CPNE6",0.0553359683794466,0.00301400682379077
"CPNE7",0.573122529644269,1.30033806219082
"CPNE8",-0.188735177865613,-0.186614010348167
"CPNE9",0.240118577075099,-0.0731926279076998
"CPO",-0.58596837944664,-0.982503717076363
"CPOX",-0.611660079051383,-0.758102319067553
"CPPED1",-0.227272727272727,0.00102493968493405
"CPQ",0.544466403162055,1.02961777030812
"CPS1",-0.291501976284585,-0.288177624929645
"CPS1-IT1",-0.0662055335968379,-1.00452498530158
"CPSF1",0.182806324110672,0.369582414972255
"CPSF2",-0.457509881422925,-1.16639709075051
"CPSF3",-0.75395256916996,-1.77456985914838
"CPSF4",-0.308300395256917,-0.711793825201373
"CPSF6",-0.825098814229249,-1.68765327070718
"CPSF7",0.402173913043478,0.864766868220829
"CPT1A",-0.0721522137173917,-0.685682655634288
"CPT1B",0.313241106719368,0.650043245368769
"CPT1C",-0.269762845849802,-1.15500524212058
"CPT2",-0.285573122529644,-0.576375574638401
"CPTP",0.6699604743083,1.35969235196106
"CPVL",0.00790513833992095,-0.0925762110358659
"CPVL-AS2",0.478260869565217,0.806769501319144
"CPXCR1",0.25098814229249,-0.0494214739711136
"CPXM1",0.138868301743747,0.0499778961750735
"CPXM2",0.303928845453396,0.185883572940789
"CPZ",0.399209486166008,0.770153018142841
"CR1",0.456973517310391,0.374427403258091
"CR1L",0.58695652173913,0.758980388021487
"CR2",0.188781819452353,-0.175308968113347
"CRABP1",0.26834693183934,0.370647390416466
"CRABP2",0.221397409962432,0.084197340376303
"CRACD",-0.0909090909090909,0.365060314696504
"CRACDL",-0.213438735177866,-0.0818545601841902
"CRACR2A",0.3276501211961,0.995649069978568
"CRACR2B",0.398221343873518,0.30144679706048
"CRADD",-0.295454545454545,-0.532633249439562
"CRADD-AS1",0.129972823340233,0.276658659349179
"CRAMP1",0.643280632411067,3.21241340281233
"CRAT",0.425889328063241,0.386817249949745
"CRAT37",-0.317272063058667,-1.00865584185343
"CRB1",-0.25296442687747,-0.39589285634427
"CRB2",0.591695574019831,1.1687956306565
"CRB3",0.631084773404857,0.307736545517349
"CRBN",-0.777667984189723,-1.57876834873677
"CRCP",0.674901185770751,2.20651672520768
"CRCT1",0.208519708264393,0.359589646609512
"CREB1",-0.0143316040945504,0.440931838493111
"CREB3",-0.490733891927191,-1.0762843160857
"CREB3L1",0.815217391304348,1.4541505894365
"CREB3L2",0.16600790513834,0.426139707553265
"CREB3L3",0.333086246887137,0.239836100992719
"CREB3L4",0.281620553359684,0.0857389014738641
"CREB5",-0.236166007905138,-0.121589608738858
"CREBBP",0.646245059288537,2.45611370203683
"CREBL2",-0.451581027667984,-0.406217862000257
"CREBRF",0.225296442687747,1.20142881547549
"CREBZF",-0.685770750988142,-1.16047441360723
"CREG1",-0.66501976284585,-1.36406897051397
"CREG2",-0.456521739130435,-0.396847670927612
"CRELD1",-0.674901185770751,-1.80316736526336
"CRELD2",-0.670948616600791,-2.01615409948411
"CREM",-0.426877470355731,-0.391697403285903
"CRH",0.758893280632411,1.50558082909368
"CRHBP",-0.241106719367589,-0.267310493761252
"CRHR1",-0.360671936758893,-1.27462937136226
"CRHR2",0.420948616600791,0.544787418757302
"CRIM1",0.024703557312253,0.76341049570347
"CRIM1-DT",-0.138339920948617,-0.195017280773016
"CRIP1",0.214426877470356,0.603394115422464
"CRIP2",-0.555335968379447,-1.06604655686157
"CRIP3",0.1699604743083,-0.273396937659695
"CRIPT",-0.307312252964427,-0.364628713591566
"CRIPTO",-0.133531222590699,-0.244436275067052
"CRISP1",0.544466403162055,0.5453273711851
"CRISP2",0.423523610656196,0.592264840988875
"CRISP3",0.178041630120932,0.0721369748679769
"CRISPLD1",-0.58695652173913,-0.864891075980305
"CRISPLD2",-0.111687673288565,0.202983170777355
"CRK",-0.649209486166008,-0.976722038692222
"CRKL",-0.755928853754941,-1.49063673681829
"CRLF1",0.0983444556832941,0.129588220423466
"CRLF2",0.417408710616851,0.270790679393884
"CRLF3",0.1195947652028,0.89313249592801
"CRLS1",-0.621541501976285,-2.38143343068537
"CRMA",0.787549407114625,2.09543316115302
"CRMP1",-0.75197628458498,-2.48703198633579
"CRNDE",-0.130434782608696,0.126369386116385
"CRNKL1",-0.544466403162055,-0.688186497509529
"CRNN",0.33695652173913,0.157165716982417
"CROCC",0.220355731225296,0.100605092039484
"CROCCP2",-0.212997288439697,-0.42964401869825
"CROCCP3",-0.149209486166008,-0.485371884903249
"CROT",0.242648883118077,0.787543123299142
"CRP",0.456860447033438,0.912348670451871
"CRPPA-AS1",0.430830039525692,0.68475239266648
"CRTAC1",-0.0108695652173913,0.389875202854055
"CRTAM",0.100815421906492,0.253891120221477
"CRTAP",-0.170990862645325,-0.290327795957165
"CRTC1",0.440326180973945,0.635637509111384
"CRTC2",0.0173353676704365,-0.44779355293465
"CRTC3",-0.269762845849802,-0.790446705398039
"CRX",0.25098814229249,0.157037434757645
"CRY1",-0.122529644268775,0.357778199344799
"CRY2",-0.684782608695652,-2.8610701331453
"CRYAA",0.255992100723348,0.105496482613458
"CRYAB",-0.339920948616601,-0.602320730056866
"CRYBA1",0.558300395256917,0.724982277547182
"CRYBA2",-0.299407114624506,-0.932424583908771
"CRYBA4",0.0721522137173917,0.220763839059154
"CRYBB1",0.689723320158103,1.01669635244619
"CRYBB2",0.0301457879230198,0.193767884912202
"CRYBB2P1",-0.197628458498024,-0.787423489907843
"CRYBB3",0.366963582082587,0.36199137351299
"CRYBG1",-0.226284584980237,-0.620440135064893
"CRYBG2",0.0588089961121206,-0.508195049372234
"CRYBG3",-0.223320158102767,0.0248583190729809
"CRYGA",0.58695652173913,0.743842177278037
"CRYGB",0.285573122529644,0.237322027806163
"CRYGC",0.496047430830039,0.394237168655095
"CRYGD",0.189723320158103,0.124837550495303
"CRYGN",0.543478260869565,0.667885404737299
"CRYGS",-0.719545364195358,-2.13084361908586
"CRYL1",-0.66600790513834,-1.09971134953684
"CRYM",-0.723320158102767,-1.34334547513583
"CRYZ",-0.553359683794466,-0.944801705503662
"CRYZL1",-0.687747035573123,-0.772400606076351
"CRYZL2P",-0.567474117773405,-1.17014648407546
"CS",-0.740795673714864,-1.34474024745408
"CSAD",0.600790513833992,1.76808891175286
"CSAG3",0.153313625937469,0.543197001092569
"CSDC2",0.821146245059289,1.68878028736446
"CSDE1",-0.773715415019763,-2.43896658848793
"CSE1L",-0.514822134387352,-0.51254466191411
"CSF1",0.440711462450593,0.493537161066046
"CSF1R",0.222332015810277,0.320968941863954
"CSF2",0.25352113450015,-0.349705451004852
"CSF2RA",0.489130434782609,0.685167088802545
"CSF2RB",-0.181818181818182,-0.586272883175222
"CSF3",0.308300395256917,-0.252829791929496
"CSF3R",0.634387351778656,1.05229591755336
"CSGALNACT1",-0.344861660079051,-0.182346438342514
"CSGALNACT2",-0.195700524877309,0.132872693039953
"CSH1",0.409686199806285,0.355419577275419
"CSH2",0.395256916996047,0.220225846817541
"CSHL1",0.238142292490119,0.732554577420561
"CSK",0.339920948616601,0.592042313389471
"CSKMT",0.317766256303307,0.0526749100032555
"CSMD1",0.317193675889328,0.748828117632367
"CSMD2",0.723320158102767,1.90720318632306
"CSMD2-AS1",0.683794466403162,0.973271367868026
"CSMD3",-0.431818181818182,-0.819607164053063
"CSN1S1",-0.13392636929735,-0.403603948573324
"CSN1S2AP",0.603363302076491,0.265638457103029
"CSN2",0.266798418972332,0.130634607386505
"CSN3",0.613293816597829,1.36575426307142
"CSNK1A1",-0.75197628458498,-1.95201587511152
"CSNK1A1P1",0.369656546990472,0.00923595477995433
"CSNK1D",-0.686758893280632,-1.70903275683597
"CSNK1E",0.058300395256917,0.389804417809271
"CSNK1G1",-0.534584980237154,-1.10116618080638
"CSNK1G2",0.817193675889328,2.30821917244721
"CSNK1G2-AS1",0.405732653849168,0.368734360561526
"CSNK1G3",-0.191746978920191,0.172554321786517
"CSNK2A1",-0.472332015810277,-0.600325239905403
"CSNK2A2",-0.676877470355731,-1.26517298082281
"CSNK2B",-0.807312252964427,-2.02152991055857
"CSPG4",0.314306903590829,0.752633984530357
"CSPG4P1Y",0.483815186502236,0.285886285027887
"CSPG4P5",0.316283676569388,0.357765346866673
"CSPG5",0.216403162055336,0.84600855982618
"CSPP1",0.0138339920948617,0.199692941870765
"CSRNP1",0.608695652173913,1.76771773811278
"CSRNP2",-0.739130434782609,-1.27104789528225
"CSRNP3",0.116600790513834,0.982436459824093
"CSRP1",-0.16699604743083,-0.249536937216983
"CSRP2",-0.128458498023715,0.0450980219262916
"CSRP3",0.730237154150198,0.906306194054425
"CST1",0.303659891372922,0.453837944183214
"CST11",0.272997166185429,1.05958363836897
"CST13P",-0.377470355731225,-1.13415391788854
"CST2",0.285149502157089,-0.286344850563
"CST3",-0.389328063241107,-0.956446866137436
"CST4",0.121541501976285,-0.0318487736780898
"CST5",0.622156585255922,0.870676358317837
"CST6",-0.411067193675889,-1.13035925773659
"CST7",0.482332606768317,0.659470722798889
"CST8",0.386363636363636,0.540321185484651
"CST9",0.342744983655487,1.06569144241905
"CST9L",0.175830157800141,-0.0247339909204121
"CSTA",0.370553359683794,0.339863957637254
"CSTB",-0.640316205533597,-1.50549281905065
"CSTF1",-0.558300395256917,-0.852504065209796
"CSTF2",-0.14875216663654,-0.598703050380222
"CSTF2T",-0.734189723320158,-1.11571885217735
"CSTF3",-0.710474308300395,-1.32214912509789
"CSTF3-DT",0.173913043478261,-0.293630078086631
"CSTL1",0.196640316205534,-0.0643172741498689
"CSTPP1",-0.514822134387352,-1.26888455733323
"CT45A3",-0.192687747035573,-0.400429295998158
"CT47A11",0.434782608695652,0.613513106088566
"CT55",0.0541353275941707,-0.498214500252713
"CT62",-0.0662710512116801,-0.815118894408891
"CT66",0.299060837328319,0.126889023611435
"CT75",0.0597973826013999,0.381429835179651
"CT83",0.524833225807328,0.981068533276048
"CTAG1B",0.287549407114625,-0.0512195414856676
"CTAG2",0.0790513833992095,-0.405339110245603
"CTAGE1",0.160079051383399,-0.264572726422777
"CTAGE11P",0.16596544147266,-0.115509268747621
"CTAGE15",0.714426877470356,0.77314699882762
"CTAGE9",0.0839920948616601,-0.215893969632521
"CTB-49A3.2",0.275759830508935,0.410814429527604
"CTBP1",-0.593873517786561,-1.95873104695291
"CTBP1-AS",0.568181818181818,1.26488223921753
"CTBP1-DT",0.0909090909090909,-0.274791384709782
"CTBP2",0.436758893280632,0.372924772936873
"CTBS",0.0573122529644269,0.326974965856377
"CTC-338M12.4",-0.16403162055336,-0.238499530387685
"CTC1",-0.193675889328063,-0.165308093438843
"CTCF",-0.661067193675889,-1.37925654680136
"CTCFL",0.210682595643102,-0.255639802682292
"CTD-2194D22.4",-0.0494560083669255,-0.0488841958492317
"CTD-2350J17.1",0.71608601148288,1.4611691711712
"CTDNEP1",0.558300395256917,1.22936516935026
"CTDP1",-0.174901185770751,-0.545555334446054
"CTDSP1",0.257905138339921,0.618417650477282
"CTDSP2",0.198616600790514,0.163661154220279
"CTDSPL",-0.243083003952569,-0.452962734753397
"CTDSPL2",-0.445652173913043,-0.762912367949904
"CTF1",0.412055335968379,0.379247321764846
"CTH",-0.709486166007905,-1.6349759842292
"CTHRC1",-0.58695652173913,-1.23440812999191
"CTIF",0.0928853754940711,-0.0304832210568479
"CTLA4",0.41699604743083,0.956118277151684
"CTNNA1",-0.597826086956522,-1.22140741160562
"CTNNA2",-0.773715415019763,-1.76865394842177
"CTNNA3",-0.370736575200395,-0.0483120327708146
"CTNNAL1",-0.278656126482213,-0.229014914970033
"CTNNB1",-0.786261452221713,-2.77771365417501
"CTNNBIP1",-0.416604905231241,-0.965367837779888
"CTNNBL1",-0.75197628458498,-1.76245553943051
"CTNND1",0.202619230302264,0.610764452405589
"CTNND2",-0.577075098814229,-1.13105201530096
"CTNS",0.363636363636364,0.887487179766344
"CTPS1",-0.552371541501976,-0.928631570750982
"CTPS2",-0.641304347826087,-1.43030218981235
"CTR9",-0.671936758893281,-1.10747506005698
"CTRB1",0.599802371541502,1.07787545185126
"CTRB2",0.129767609418696,-0.0219859809411703
"CTRC",0.364624505928854,0.466047688280109
"CTRL",0.444776004801485,0.645932171446487
"CTSA",-0.629446640316205,-1.74021220964324
"CTSB",0.733201581027668,1.42861615202111
"CTSC",0.470355731225296,1.62675466556511
"CTSD",-0.619565217391304,-1.85607339428929
"CTSE",0.559288537549407,0.660095841449109
"CTSF",-0.607707509881423,-1.55916884889103
"CTSG",0.441808760707864,0.236329459660059
"CTSH",-0.190711462450593,-0.183560915120555
"CTSK",-0.214426877470356,-0.542325294730204
"CTSL",-0.873517786561265,-2.09564268336975
"CTSLP8",0.740118577075099,1.57015455395649
"CTSO",0.142327654456225,0.793237229399254
"CTSS",-0.0128490243606314,0.389134285371004
"CTSV",-0.473437128364803,-1.36132563070915
"CTSW",0.0968379446640316,-0.223362919632665
"CTSZ",0.118694420080621,-0.20975277713033
"CTTN",-0.462450592885375,-0.960454059217118
"CTTNBP2",-0.324110671936759,-0.279583150890213
"CTTNBP2NL",-0.572134387351779,-0.746273241474157
"CTU2",0.196688911366588,0.516620395395115
"CTXN1",0.260998548941078,0.366763695191677
"CTXN3",-0.177865612648221,-0.305847233908817
"CTXND1",-0.00592885375494071,0.0464255481130161
"CUBN",0.551383399209486,0.934458873476513
"CUEDC1",0.749691152118378,1.90120415053694
"CUEDC2",-0.818181818181818,-2.06699892190001
"CUL1",-0.83596837944664,-1.87116752674005
"CUL2",-0.803359683794466,-1.98376897979954
"CUL3",-0.819169960474308,-2.36456958680421
"CUL4A",-0.453557312252964,0.0337461906127199
"CUL4B",-0.657114624505929,-0.867547467033165
"CUL5",-0.723320158102767,-1.65346877093466
"CUL7",0.33596837944664,0.204729809007779
"CUL9",-0.493083003952569,-1.31487338113642
"CUTA",-0.820158102766798,-2.06355863903853
"CUTALP",-0.352766798418972,-0.782193030801995
"CUTC",-0.803359683794466,-1.77281956981792
"CUX1",0.533596837944664,1.42565269714818
"CUX2",0.050395256916996,-0.172940177787226
"CUZD1",0.041501976284585,-0.166538381942223
"CWC15",-0.460474308300395,-0.236185313527727
"CWC22",-0.115612648221344,-0.347314170036589
"CWC25",0.0316205533596838,0.0784480707382847
"CWC27",0.638339920948617,2.31214657433195
"CWF19L1",-0.414441350114835,-0.998308733439841
"CWF19L2",0.644906349104708,1.30053478816335
"CWH43",0.397233201581028,0.31936282136416
"CX3CL1",-0.378458498023715,-0.961252214978104
"CX3CR1",-0.493083003952569,-0.866995277887928
"CXADR",-0.66699604743083,-0.918268496168785
"CXCL1",0.464541649961289,0.77480379347213
"CXCL10",0.181368920782758,-0.0365633901023357
"CXCL11",-0.109710900310006,-0.671357275876833
"CXCL12",-0.0691699604743083,0.0384063651091384
"CXCL13",0.693373237304295,1.41733373066677
"CXCL14",-0.205533596837945,-0.408931996572333
"CXCL16",0.411067193675889,1.18862542144044
"CXCL17",0.421546837677638,1.16099338023189
"CXCL2",0.0909315570136991,0.412224764518017
"CXCL3",-0.0434890055282909,-0.328048576793734
"CXCL5",-0.336801429025623,-0.717556332210356
"CXCL6",-0.441808760707864,-1.58896790431309
"CXCL8",0.208055355993301,0.765190514170172
"CXCL9",0.243637269607357,0.406048079339611
"CXCR1",0.462450592885375,0.178224135159242
"CXCR2",0.41501976284585,0.170583317256433
"CXCR3",-0.0969337763991739,-1.1095545406219
"CXCR4",0.236166007905138,0.855369453829625
"CXCR5",0.470471968896965,0.640981762012993
"CXCR6",0.238732777632868,-0.0154120958253739
"CXorf38",0.484189723320158,0.647528455216438
"CXorf51A",0.754940711462451,1.44171449383153
"CXorf58",0.469977775652325,0.854204721160265
"CXorf65",0.545454545454545,1.00765557239497
"CXXC1",0.723320158102767,1.09203442393268
"CXXC1P1",0.43694679632702,0.0342863410160158
"CXXC4",0.438735177865613,1.21117212023631
"CXXC5",0.0741106719367589,0.710425957880453
"CYB561",0.694835701963374,0.720208394302872
"CYB561A3",-0.184782608695652,-0.491073042273793
"CYB561D1",-0.463438735177866,-1.2382348301256
"CYB561D2",0.234741791203843,0.224289429466204
"CYB5A",-0.422924901185771,-0.380188417094309
"CYB5B",-0.662055335968379,-1.42621983661462
"CYB5D1",-0.615270589576388,-1.69788579467371
"CYB5D2",-0.683794466403162,-1.38577138227482
"CYB5R1",-0.655138339920949,-1.50567946612837
"CYB5R2",-0.0385375494071146,0.071452108248644
"CYB5R3",0.215628196479795,0.653668181154765
"CYB5R4",-0.495675824373588,-0.943975385793045
"CYB5RL",0.0662218947817156,-0.455089742490565
"CYBA",0.271739130434783,0.458153381085008
"CYBB",-0.387351778656126,-1.24746349906513
"CYBC1",0.0731225296442688,0.0923078046121106
"CYBRD1",-0.343873517786561,-0.546410519647736
"CYC1",-0.595849802371542,-0.951434766630188
"CYCS",-0.643280632411067,-0.996429562951582
"CYFIP1",-0.219915993864653,-0.0345585566696311
"CYFIP2",-0.58695652173913,-0.68769521742322
"CYGB",0.689399576272338,1.09096254024763
"CYLC1",0.402571908106773,0.537172669985749
"CYLC2",0.0558438366442826,-0.11153806767156
"CYLD",-0.803359683794466,-1.48845439281408
"CYMP",-0.501483924840624,-1.60846128218257
"CYMP-AS1",0.647233201581028,0.846971017855967
"CYP11A1",0.33201581027668,0.366167563430732
"CYP11B1",0.29179044936486,0.254561002657306
"CYP11B2",0.00889328063241107,-0.446322040469522
"CYP17A1",0.283596837944664,0.33576657233743
"CYP19A1",0.711177400316388,1.19278319150713
"CYP1A1",0.429948122836512,1.27694308096514
"CYP1A2",0.561264822134387,0.517413579100582
"CYP1B1",0.772727272727273,2.41608543163008
"CYP1B1-AS1",0.66501976284585,0.951297436133861
"CYP20A1",-0.593472100403106,-1.32645793594325
"CYP21A2",0.107707509881423,0.18867222102413
"CYP24A1",-0.048466888199587,-0.638441846912723
"CYP26A1",0.173913043478261,-0.0206489177571488
"CYP26B1",-0.230788245246725,-0.269717833037029
"CYP27A1",0.405138339920949,0.6529939243215
"CYP27B1",0.261922419659024,0.0966950271358187
"CYP27C1",-0.11910057195816,-0.323700244568269
"CYP2A13",0.306324110671937,0.174765887719809
"CYP2A6",0.567754976052304,0.361316352549399
"CYP2A7",0.516798418972332,0.327486767327504
"CYP2A7P1",0.1793921478042,-0.0413598373914805
"CYP2B6",-0.126019277383116,-0.153309704144793
"CYP2B7P",-0.304423038698036,-1.02748870723749
"CYP2C18",0.561264822134387,0.281943882325358
"CYP2C19",0.41555352787132,0.379290165032418
"CYP2C8",-0.614624505928854,-1.19784433124825
"CYP2C9",0.520385486605571,0.59398060602196
"CYP2D6",0.158675254185769,0.131579451330399
"CYP2D7",0.553907293709565,0.760314923743
"CYP2E1",-0.145256916996047,0.0473781309256231
"CYP2F1",-0.181368920782758,-0.191936424398886
"CYP2J2",-0.201581027667984,-0.503941223427495
"CYP2R1",-0.459486166007905,-1.29081311431038
"CYP2S1",0.646245059288537,1.03954273871478
"CYP2T1P",0.414133939008042,1.11657027903145
"CYP2U1",-0.227328892534248,0.165308839995198
"CYP2W1",0.532246124476923,1.16985143166038
"CYP39A1",0.639980251808371,1.0046658209078
"CYP3A4",0.587537379399075,0.876507667867306
"CYP3A43",0.20356674607284,-0.247981231041394
"CYP3A5",0.412055335968379,0.669083301406937
"CYP3A7",0.50098814229249,0.73200528766414
"CYP3A7-CYP3A51P",0.536199670434041,0.870102624060374
"CYP46A1",0.598814229249012,1.76648286813336
"CYP4A11",0.745243412916621,1.20208749935539
"CYP4B1",0.256486293967988,0.00674946881556107
"CYP4F11",0.415122325497322,0.47114202395131
"CYP4F12",0.558300395256917,0.888944380816783
"CYP4F2",0.472332015810277,0.980442349068428
"CYP4F22",0.0671936758893281,-0.834317139673533
"CYP4F29P",-0.607319782745845,-1.0981725473598
"CYP4F3",-0.139362494988387,-0.903646740706238
"CYP4F30P",-0.102298001640411,-0.597812629812923
"CYP4F35P",0.407215233583087,0.256405731167472
"CYP4F8",-0.0751731327177267,-0.479991962251257
"CYP4V2",0.392883629488537,0.401466753727627
"CYP4X1",-0.396245059288538,-0.268406543618615
"CYP4Z1",-0.399209486166008,-0.776942203163288
"CYP4Z2P",0.526809998785887,0.836712813377619
"CYP51A1",-0.211462450592885,0.131815070376712
"CYP51A1-AS1",0.225846312800329,0.751224583958793
"CYP7A1",-0.448616600790514,-1.37308310342744
"CYP7B1",-0.167531509932848,-0.526738871819851
"CYP8B1",0.221398573598572,-0.273116928185534
"CYREN",0.0948616600790514,0.152541879858565
"CYRIA",-0.314801096835469,-0.220323986830775
"CYRIB",-0.104743083003953,0.294252094378902
"CYS1",0.10476896786361,-0.364346213559865
"CYSLTR1",0.376668360403602,0.133181218578134
"CYSLTR2",0.392680706433388,0.823195007458579
"CYSRT1",0.693675889328063,0.917845243025738
"CYSTM1",-0.327155927951461,-0.996291281198019
"CYTH1",-0.539525691699605,-1.0990174358639
"CYTH2",-0.670620232976031,-1.3376100097147
"CYTH3",0.1699604743083,0.0344906407983569
"CYTH4",0.532608695652174,0.860542027990746
"CYTIP",0.220904380353932,0.0551288642900645
"CYTL1",0.683963450581302,2.16575866465495
"CYTOR",-0.542490118577075,-1.04247576242168
"CYYR1",0.671936758893281,1.58296733598796
"CZIB",-0.702569169960474,-3.14178795109264
"D21S2088E",0.525821612296608,0.575439591089302
"D2HGDH",0.224857926311049,0.413859092921039
"DAAM1",0.562252964426877,2.29094719431907
"DAAM2",-0.226284584980237,-0.357741317783913
"DAAM2-AS1",0.58596837944664,1.28246595300645
"DAB1",-0.141304347826087,-0.161027448427599
"DAB1-AS1",0.382411067193676,0.417803779919277
"DAB2",0.552371541501976,1.0982479291802
"DAB2IP",0.140350881477666,-0.129453798568379
"DACH1",-0.289668844089909,-0.0875818592724797
"DACH2",-0.534584980237154,-0.674987290871586
"DACT1",-0.107707509881423,-0.349230605828223
"DACT2",-0.0445214290501568,-0.00374351661572163
"DACT3",-0.446640316205534,-0.857725414080775
"DACT3-AS1",0.634387351778656,1.009035994043
"DAD1",-0.778656126482213,-1.83297410535747
"DAG1",-0.401185770750988,-1.17153998821975
"DAGLA",0.0434782608695652,-0.28237325162708
"DAGLB",-0.0558438366442826,0.0555158504641792
"DALRD3",-0.544466403162055,-1.72688164875664
"DANCR",-0.403162055335968,-0.924838530271071
"DAND5",0.545454545454545,0.60348800210662
"DANT2",-0.16357796397573,-0.872152323048949
"DAO",0.464426877470356,0.635161060623436
"DAOA",0.542490118577075,0.662608693497083
"DAOA-AS1",0.130434782608696,-0.164301677524472
"DAP",-0.438457789603668,-0.951382578891056
"DAP3",-0.680830039525692,-1.3056497656004
"DAPK1",-0.764822134387352,-2.62412142473964
"DAPK2",0.326409655221708,0.282639202866317
"DAPK3",-0.110671936758893,-0.0724885970561207
"DAPL1",-0.395848788956375,-0.962125421157881
"DAPP1",0.744807486005898,1.43117826218473
"DARS1",-0.765999529191487,-1.87675378081509
"DARS1-AS1",0.439337794484666,0.0063076686942946
"DARS2",0.538537549407115,0.684516393482216
"DAW1",-0.383399209486166,-0.758153315601384
"DAXX",0.693675889328063,1.2505968321012
"DAZ1",0.356807522629841,0.0271819859233186
"DAZ2",-0.28416111566781,-0.82241576081817
"DAZ3",0.353842363162003,0.27996586967552
"DAZ4",0.261127724177366,0.128496652373609
"DAZAP1",0.380434782608696,0.278178729668326
"DAZAP2",-0.520750988142292,-0.34006044126945
"DAZL",0.356171432401254,-0.025487872088804
"DBF4",-0.433794466403162,-0.436843436354169
"DBF4B",0.466403162055336,0.595093617798987
"DBH",0.635532512606614,0.692211604609367
"DBH-AS1",0.191889312463671,0.00882286627646871
"DBI",-0.458498023715415,-0.799775696138077
"DBIL5P",0.00939199323841002,-0.740976229576669
"DBIL5P2",0.692687747035573,1.86539602865179
"DBN1",0.638339920948617,1.30389695691183
"DBNDD1",0.216617316647134,0.659413166854801
"DBNDD2",-0.369565217391304,-0.380698138870767
"DBNL",-0.439337794484666,-1.46738581456606
"DBP",0.571146245059289,0.688812331226646
"DBR1",-0.148221343873518,0.174475700068381
"DBT",0.768774703557312,1.82364777176114
"DCAF1",-0.716403162055336,-1.58390070620881
"DCAF10",-0.628119613937019,-1.02952245004024
"DCAF11",-0.299407114624506,-0.544644969425422
"DCAF12",0.00444773920175702,0.0777028919643719
"DCAF12L1",0.332426302173597,0.439958227898891
"DCAF12L2",-0.223541157818503,-0.492348384350425
"DCAF13",-0.808300395256917,-2.45431368090536
"DCAF15",0.254509520989429,-0.23151825914406
"DCAF16",-0.49802371541502,-1.22288651560531
"DCAF17",-0.41501976284585,-0.0928790870843109
"DCAF4",-0.576086956521739,-1.26546585655463
"DCAF4L1",0.0400296528158132,-0.416621283233161
"DCAF4L2",0.377470355731225,0.601325624582479
"DCAF5",-0.24530180149995,-0.364787770741572
"DCAF6",-0.757905138339921,-1.31438642577098
"DCAF7",-0.697628458498024,-1.82094862805539
"DCAF8",0.512845849802371,1.58386678524714
"DCAF8L2",0.536561264822134,0.778266492113825
"DCAKD",-0.659090909090909,-3.2138157237586
"DCANP1",0.287066232563584,0.556097761580207
"DCBLD1",-0.486780345970074,-0.77337604095301
"DCBLD2",0.199802273802379,-0.10703442835159
"DCC",-0.394268774703557,-0.683199562293712
"DCD",0.757291244276008,1.36834892460518
"DCDC1",0.0790513833992095,-0.0639381534332218
"DCDC2",-0.225296442687747,-0.411022968208735
"DCDC2B",-0.0642610063680685,-0.484705033899652
"DCHS1",0.769762845849802,2.86260970480193
"DCHS2",0.539070491199488,0.981473662828948
"DCK",-0.260869565217391,0.221685590016052
"DCLK1",-0.433794466403162,-0.153208045416524
"DCLK2",-0.368577075098814,-0.753699146727197
"DCLK3",-0.272727272727273,-0.567596599482559
"DCLRE1A",-0.353842363162003,-0.283396004007702
"DCLRE1B",-0.0326086956521739,0.576931444897128
"DCLRE1C",0.813241106719368,2.38177224188455
"DCN",-0.645256916996047,-1.79113252785462
"DCP1A",-0.621541501976285,-0.6451855339551
"DCP1B",-0.289103048114206,0.115451187963528
"DCP2",-0.719367588932806,-1.38365187504774
"DCPS",-0.806324110671937,-1.65542901981827
"DCST1",0.48739501753012,0.918609856030413
"DCST1-AS1",0.294466403162055,0.357816443816455
"DCST2",0.254940711462451,0.546953400882752
"DCSTAMP",0.319169960474308,-0.196984845902643
"DCT",0.337944664031621,1.08798687995959
"DCTD",-0.848814229249012,-2.0567829095355
"DCTN1",-0.433901668793629,-0.859455693410719
"DCTN1-AS1",-0.0671936758893281,0.328496415214158
"DCTN2",-0.815217391304348,-3.70621884161048
"DCTN3",-0.657114624505929,-1.12104694152821
"DCTN4",-0.66798418972332,-1.28680304823666
"DCTN5",0.0612648221343874,0.325599835632379
"DCTN6",-0.791296133870808,-1.88346785718045
"DCTPP1",0.00197628458498024,0.822671523780723
"DCUN1D1",-0.682806324110672,-1.61314796994796
"DCUN1D2",-0.686758893280632,-1.41380428143973
"DCUN1D3",-0.109683794466403,0.062365350669244
"DCUN1D4",-0.791501976284585,-1.68888689063094
"DCUN1D5",-0.438735177865613,-0.907781029126018
"DCX",0.0469483582407685,0.396348223420194
"DCXR",-0.611660079051383,-1.11756567723944
"DDA1",0.707509881422925,1.2826660033723
"DDAH1",-0.107707509881423,-0.111942124186326
"DDAH2",-0.232765018225284,-0.72143935881684
"DDB1",-0.709486166007905,-2.64878957039589
"DDB2",0.203557312252964,0.705735082220287
"DDC",0.342885375494071,-0.159646914779399
"DDC-AS1",0.213985674928977,0.264683622259132
"DDHD1",-0.732213438735178,-1.25054172315241
"DDHD1-DT",0.516798418972332,1.03657143672486
"DDHD2",-0.701581027667984,-1.0745848395968
"DDI1",-0.206111568363127,-0.817161438466392
"DDI2",-0.798418972332016,-2.39878443919457
"DDIAS",-0.100790513833992,-0.694722137593132
"DDIT3",-0.643280632411067,-1.6378535530362
"DDIT4",-0.221343873517787,-0.203428065829649
"DDIT4L",-0.154682485572216,-0.37735519959609
"DDN",0.436758893280632,0.992630962175586
"DDO",-0.283596837944664,-0.862246221058173
"DDOST",-0.136363636363636,-0.28924213606948
"DDR1",0.328063241106719,0.818718759595913
"DDR1-DT",0.376482213438735,0.376085347582295
"DDR2",-0.265810276679842,-0.383232171524959
"DDRGK1",-0.240672110139519,-0.174196015310608
"DDT",-0.777667984189723,-1.40486746203115
"DDX1",-0.743083003952569,-1.65760878815179
"DDX10",-0.74901185770751,-1.80852837962367
"DDX11",0.669137653242112,2.33096512150838
"DDX11-AS1",0.266930334144285,0.175183387574562
"DDX11L2",0.879446640316205,2.25202293607206
"DDX17",-0.489251312193272,-1.32642875957104
"DDX18",-0.122650900749975,-0.0622248121484882
"DDX19A",0.287620468380287,1.27094451574969
"DDX19A-DT",0.271739130434783,0.501911300900255
"DDX19B",-0.397233201581028,-1.27432627518718
"DDX20",-0.672601713790186,-1.29493569224465
"DDX21",-0.485177865612648,-0.693341659814393
"DDX23",-0.596837944664032,-1.30134667194044
"DDX24",-0.680830039525692,-1.14077668922608
"DDX25",-0.66600790513834,-1.47639538495712
"DDX27",0.25296442687747,0.0384707669440111
"DDX28",-0.760869565217391,-1.76616702674824
"DDX31",0.050395256916996,0.0418269519440217
"DDX39A",-0.49703557312253,-0.745815172763702
"DDX39B",-0.511857707509881,-1.04138807107999
"DDX3X",-0.771739130434783,-1.3615934211531
"DDX3Y",-0.179841897233202,-0.323350565669224
"DDX4",-0.0276679841897233,-0.671138963389503
"DDX41",-0.741106719367589,-1.42253704629709
"DDX42",-0.860671936758893,-2.3651240639532
"DDX43",-0.0197677297855868,-0.533248111220883
"DDX46",-0.75,-1.53564161007948
"DDX47",-0.74703557312253,-1.05134574833134
"DDX49",-0.5,-1.48381240855786
"DDX5",-0.712450592885375,-1.51967908448737
"DDX50",-0.780632411067194,-1.98315258464561
"DDX51",-0.289597241358846,-0.20006046004931
"DDX52",-0.137351778656126,-0.217096416655993
"DDX53",-0.532146650028118,-1.60606502423004
"DDX54",0.262845849802372,-0.303678139162455
"DDX55",-0.34346430502457,-0.674522461820276
"DDX56",-0.711814224384759,-1.74415982817615
"DDX59",0.711638272281123,1.60201209834772
"DDX59-AS1",0.337944664031621,0.264563342237569
"DDX6",-0.572134387351779,-1.09629121504472
"DDX60",0.208704355308425,-0.0165643636855779
"DDX60L",-0.0592885375494071,0.273116583749732
"DEAF1",-0.587944664031621,-1.40913997177797
"DECR1",-0.704545454545454,-1.96046404793594
"DECR2",0.0825302718548247,-0.478286551490553
"DEDD",-0.41403162055336,-0.540553745106213
"DEDD2",0.224530277985842,0.46551854254541
"DEF6",0.513622179264075,0.71575430395789
"DEF8",-0.443125834967652,-1.18841960410665
"DEFA1",-0.00248327190798948,-0.25661334697103
"DEFA4",0.435384248527548,0.576491115581491
"DEFA5",0.571146245059289,0.987863831254478
"DEFA6",0.59742858107246,0.793032020366941
"DEFB1",0.386745985429357,0.339366149876533
"DEFB103B",0.490118577075099,0.753700448596038
"DEFB104A",0.292779569532199,0.115887386612837
"DEFB105A",-0.16600790513834,-0.848004466997603
"DEFB106A",0.269762845849802,-0.0345517797060808
"DEFB107A",-0.134720571610249,-0.809288864192499
"DEFB108B",-0.04805566514283,-0.544474657871308
"DEFB114",-0.587944664031621,-1.53398465893335
"DEFB118",0.445652173913043,0.498339751292414
"DEFB119",0.448616600790514,0.831409735203887
"DEFB121",-0.245666924701043,-1.02701876937736
"DEFB122",-0.368005090832409,-1.01795539152154
"DEFB123",0.58215964218553,0.425386720815884
"DEFB124",0.646898957233326,1.24434532348549
"DEFB125",0.318181818181818,0.479402597562854
"DEFB126",-0.365612648221344,-0.941322760666932
"DEFB127",0.300692530870907,0.222957879651995
"DEFB129",0.351371396938805,0.496148878278998
"DEFB132",0.221343873517787,-0.158608040050287
"DEFB4A",0.411168779540204,0.714101255368983
"DEFT1P",0.324684961728262,-0.0310962411784878
"DEGS1",0.691699604743083,2.03199681501733
"DEGS2",0.0187932831794317,-0.13681327438794
"DEK",-0.33201581027668,-0.104977711288965
"DELE1",-0.287549407114625,-0.548178379595429
"DELEC1",0.0563241106719368,-0.455362701113908
"DENND10",-0.642292490118577,-1.5397600932083
"DENND10P1",-0.288537549407115,-0.858859574387971
"DENND11",-0.389328063241107,-0.830598273999629
"DENND1A",0.237154150197628,0.408730188650603
"DENND1B",-0.703557312252964,-1.05814474436412
"DENND1C",0.609683794466403,1.25417469511514
"DENND2A",0.0711462450592885,0.373509853555702
"DENND2B",0.0553359683794466,0.381445771456544
"DENND2C",-0.288537549407115,-0.757751175922415
"DENND2D",0.242648883118077,0.146177833230709
"DENND3",-0.144268774703557,-0.523916410681527
"DENND4A",-0.346837944664032,-0.48893726506282
"DENND4B",-0.102766798418972,0.171124958287753
"DENND4C",-0.478260869565217,-0.973708001156873
"DENND5A",-0.688411189783059,-1.87129916429662
"DENND5B",-0.610671936758893,-0.455511564660557
"DENND6A",-0.358695652173913,-0.748873143085985
"DENND6B",-0.544466403162055,-1.1154181526982
"DENR",-0.534584980237154,-1.29255920936317
"DEPDC1",0.154150197628458,-0.0490444590583718
"DEPDC1-AS1",0.242334440997935,-0.125626238365819
"DEPDC1B",0.0815418853655454,-0.229679214307045
"DEPDC4",0.280910127524137,0.0888073420951295
"DEPDC5",-0.654311855902922,-1.93763481519567
"DEPDC7",-0.385964924063581,-0.511561361536886
"DEPP1",-0.187747035573123,-0.539119381147604
"DEPTOR",0.0276679841897233,0.664731615549394
"DERA",-0.58695652173913,-1.20246944059481
"DERL1",-0.691699604743083,-0.868426124115286
"DERL2",-0.612648221343874,-0.949709032757764
"DERL3",0.717391304347826,1.18465402389516
"DES",0.180830039525692,0.0341072274281555
"DESI1",-0.41759329172052,-0.777296781209931
"DESI2",-0.614624505928854,-0.692782496110082
"DET1",-0.579051383399209,-0.873332399267381
"DEUP1",0.534717090700122,0.271040162416527
"DEXI",-0.301383399209486,-0.482769590710438
"DFFA",-0.351778656126482,-0.68717111185811
"DFFB",-0.319169960474308,-0.709388962445713
"DGAT1",-0.224308300395257,-0.873084465812802
"DGAT2",-0.326167541462181,-0.900880469406588
"DGAT2-DT",0.0356083260241863,-0.545665906132914
"DGCR11",0.483201581027668,0.699327329640808
"DGCR2",0.503582916287822,0.830423518166097
"DGCR5",-0.622189295001343,-1.55905534190544
"DGCR6",-0.564229249011858,-1.46037342158884
"DGCR6L",0.207561162748661,0.376558680111833
"DGCR8",0.105731225296443,0.0307556133361942
"DGKA",0.225846312800329,0.260941769607477
"DGKB",-0.472448741875523,-0.911551418424392
"DGKD",-0.132411067193676,-0.83542815009221
"DGKE",-0.520750988142292,-1.17623245174518
"DGKG",-0.375434534119739,-0.431332012302437
"DGKH",-0.272300477796458,-0.481374652970437
"DGKI",0.232213438735178,1.25619123376813
"DGKK",0.615612648221344,0.898788896587526
"DGKQ",0.106719367588933,0.022856809591059
"DGKZ",0.151185770750988,-0.141968847356208
"DGLUCY",-0.474308300395257,-1.20910948530757
"DGUOK",-0.660736368083237,-1.48214683293439
"DHCR24",-0.733201581027668,-2.3491358968808
"DHCR7",-0.411067193675889,-0.86274938763101
"DHDDS",-0.424901185770751,-1.3922269264979
"DHDDS-AS1",0.49703557312253,0.717372832696677
"DHDH",0.0785767258977073,0.489649362459388
"DHFR",0.288537549407115,0.95946211599673
"DHFR2",0.786561264822134,1.91097714968646
"DHFRP3",0.217606436814472,0.290153137969982
"DHH",0.223320158102767,-0.0416677778756428
"DHODH",0.0321225609015785,-0.656787940980157
"DHPS",-0.810276679841897,-1.73884472015638
"DHRS1",-0.0968379446640316,-0.37175244231118
"DHRS11",-0.198171491100507,-0.78075230957387
"DHRS12",-0.215962447907535,-1.07814980912095
"DHRS13",-0.24604743083004,-0.67571969976371
"DHRS2",-0.0108695652173913,-0.529423751165745
"DHRS3",0.429841897233202,0.572696120967499
"DHRS4",-0.162055335968379,-0.322634429339283
"DHRS4-AS1",-0.214479868173616,-0.216362502561964
"DHRS7",-0.653162055335968,-1.18263585233223
"DHRS7B",-0.809288537549407,-2.41997425927965
"DHRS7C",0.348814229249012,0.368467067782477
"DHRS9",-0.248579202053753,-0.993372987460745
"DHRSX",-0.263105964512044,-1.01103569196077
"DHTKD1",-0.454545454545455,-0.894388158637745
"DHX15",-0.591897233201581,-0.762081512293503
"DHX16",-0.756916996047431,-1.9034601881553
"DHX29",-0.808300395256917,-1.86150632263795
"DHX30",-0.802371541501976,-2.42973206219481
"DHX32",-0.424901185770751,-0.743658426449916
"DHX33",-0.627470355731225,-1.53910138400225
"DHX34",0.75197628458498,1.46867643125507
"DHX35",-0.635375494071146,-1.29784935989356
"DHX36",-0.33102766798419,-0.0624407284337635
"DHX37",0.181773712430005,-0.215798189244317
"DHX38",-0.356313329385201,-0.227836595970505
"DHX40",-0.602421565215756,-0.784145245936646
"DHX57",-0.528292578519806,-0.955190886985481
"DHX58",-0.00445766597239795,-0.783229719592092
"DHX8",-0.339846908416197,-0.327369479801889
"DHX9",-0.802371541501976,-2.3601347843295
"DHX9-AS1",0.798418972332016,1.81950030209209
"DIABLO",-0.741106719367589,-1.92205193205042
"DIAPH1",0.211514708705778,0.353353403925215
"DIAPH1-AS1",0.199604743083004,0.271916939143475
"DIAPH2",-0.370553359683794,-0.0699183058560966
"DIAPH2-AS1",0.131422924901186,-0.33901839610682
"DIAPH3",-0.350790513833992,-0.610019583229865
"DIAPH3-AS1",0.651840889679723,1.17803800748822
"DICER1",0.569310617824898,2.2544358917697
"DICER1-AS1",-0.206521739130435,-0.381426626753944
"DIDO1",0.244071146245059,0.763641978687659
"DIMT1",-0.33498023715415,-0.434989460760691
"DIO1",0.288114661624927,-0.0143790449029304
"DIO2",-0.268774703557312,-0.263893213820043
"DIO2-AS1",0.700271827654411,1.66085725737428
"DIO3",-0.337944664031621,-1.53119825310987
"DIO3OS",0.757104050787973,1.09046742294776
"DIP2A",0.743083003952569,1.70114072665704
"DIP2B",-0.682806324110672,-1.29679783459525
"DIP2C",-0.866600790513834,-2.5620564487554
"DIP2C-AS1",0.218595556981811,-0.151530610615767
"DIPK1A",-0.781620553359684,-1.11743322758518
"DIPK1B",0.120553359683794,-0.153161683042993
"DIPK1C",-0.0622529644268775,0.0251053446629111
"DIPK2A",-0.467391304347826,-0.763996259758981
"DIPK2B",0.426488770124034,0.594265401401238
"DIRAS1",-0.71658020472752,-1.35699779643547
"DIRAS2",-0.0820158102766798,0.373140028584224
"DIRAS3",-0.439169354298298,-0.685172587655111
"DIRC1",0.451198432356018,0.030386983459096
"DIRC3",0.293768689699537,0.443357841719546
"DIS3",0.0316205533596838,-0.0515697620764212
"DIS3L",-0.768774703557312,-1.85556194775878
"DIS3L2",0.0138339920948617,-0.0281627049353162
"DISC1",0.653162055335968,1.02899819443494
"DISP1",-0.334322616560416,-0.255682686386417
"DISP2",0.421936758893281,0.919682688558072
"DISP3",0.393280632411067,0.297833424948148
"DIXDC1",0.730237154150198,2.12187176267619
"DKC1",-0.83399209486166,-2.1892880646456
"DKFZP434A062",0.266798418972332,-0.0372121301253003
"DKFZp434L192",0.244131462851996,0.382409090683534
"DKFZp451B082",0.378833024090649,0.641683173408007
"DKFZP586I1420",-0.424901185770751,-1.00496361031451
"DKK1",0.0958498023715415,0.395183614001051
"DKK2",-0.0345935271247768,-0.299753080807688
"DKK3",-0.697628458498024,-1.30587667196492
"DKK4",-0.00297177731493197,-0.0093990216941307
"DKKL1",0.556324110671937,0.954118532511511
"DLAT",-0.41304347826087,-0.675145114919811
"DLC1",-0.311264822134387,-0.8507210125856
"DLD",-0.83102766798419,-1.83285639938616
"DLEC1",0.505440405509978,0.683538339815764
"DLEU1",0.225296442687747,0.947477143283861
"DLEU2",0.0622529644268775,0.0625095173477303
"DLEU7",0.505440405509978,0.486765455320791
"DLEU7-AS1",0.211671715810441,-0.0275232648160814
"DLG1",-0.204545454545455,0.063526606237491
"DLG1-AS1",-0.0400296528158132,-0.623181102095698
"DLG2",-0.512845849802371,-1.80632566718815
"DLG3",-0.699283441165131,-1.82941883122191
"DLG3-AS1",0.619670002063773,0.791674374981591
"DLG4",0.0691699604743083,-0.605812469196123
"DLG5",-0.372529644268775,-1.06722194328352
"DLG5-AS1",0.203607616791544,-0.409818005298964
"DLGAP1",0.150346265435453,0.781878048318602
"DLGAP1-AS1",0.506916996047431,1.82867132522632
"DLGAP1-AS2",0.517786561264822,0.720624563391248
"DLGAP1-AS3",0.404150197628458,0.436239375844886
"DLGAP2",-0.572134387351779,-1.30138280602324
"DLGAP2-AS1",0.382411067193676,0.508436527417941
"DLGAP3",0.528656126482213,0.370207912173137
"DLGAP4",0.705707953345447,1.57995975905024
"DLGAP4-AS1",0.580182869206971,1.00967920500262
"DLGAP5",0.236718564182401,0.0441003548698035
"DLK1",0.485658002163208,0.628509335069574
"DLK2",-0.0108803218407236,-0.246828318407104
"DLL1",-0.203557312252964,0.25023577690255
"DLL3",0.484309379746875,0.443831974434665
"DLL4",0.627470355731225,1.24009242023978
"DLSTP1",-0.662055335968379,-1.69807795980341
"DLX1",-0.444664031620553,-0.650504190985956
"DLX2",0.764822134387352,1.42529041313848
"DLX3",0.048466888199587,0.234139653563896
"DLX4",0.481225296442688,0.850256871725678
"DLX5",0.346429464492408,0.982779891841171
"DLX6",0.638339920948617,0.997998479804942
"DLX6-AS1",0.122529644268775,0.597872444113652
"DMAC1",-0.712450592885375,-2.02959429492142
"DMAC2",-0.308300395256917,-0.173019564436782
"DMAC2L",-0.137879915254468,-0.447678761255309
"DMAP1",-0.817889819878652,-2.89998458065367
"DMBT1",0.204747874639071,-0.0905345705578744
"DMBX1",0.705707953345447,1.55284099656152
"DMC1",0.583919809637017,0.623179288254652
"DMD",-0.479249011857708,-0.455296409915877
"DMGDH",0.143422424264084,-0.0856521466567079
"DMKN",0.449221659377459,1.1241094735119
"DMP1",-0.0375494071146245,-0.43965830878249
"DMPK",0.504940711462451,0.786767691642744
"DMRT1",0.0702275318810342,-0.760583401433848
"DMRT2",-0.0513833992094862,-0.148396396034595
"DMRT3",-0.542490118577075,-1.65984866144653
"DMRTA1",0.493083003952569,0.901242807408915
"DMRTA2",0.270323704817899,0.16649800437576
"DMRTB1",0.360671936758893,0.402975695127096
"DMRTC1",-0.41699604743083,-1.13228753002715
"DMRTC2",-0.439169354298298,-1.05814517884228
"DMTF1",-0.564229249011858,-0.728883256451871
"DMTN",0.143316040945504,0.428373699589773
"DMWD",0.871541501976285,1.82210068751337
"DMXL1",-0.519762845849802,-0.387560507802541
"DMXL1-DT",-0.000988386489279338,-0.71887212847782
"DMXL2",-0.657114624505929,-1.32346967577901
"DNA2",-0.297430830039526,-0.943337661457233
"DNAAF1",0.284584980237154,0.274215919514602
"DNAAF10",-0.764822134387352,-1.63376684521835
"DNAAF11",-0.451581027667984,-1.30220685756425
"DNAAF2",-0.739807287225584,-2.12935315576639
"DNAAF3",0.201581027667984,0.198994251466842
"DNAAF4",0.752720447344606,1.4417434053782
"DNAAF5",0.388339920948617,0.830099283615656
"DNAAF6",0.387351778656126,0.248511386464135
"DNAAF8",0.64391722893737,0.888131558802523
"DNAAF9",-0.824110671936759,-2.22092065217687
"DNAH1",0.0360761068586958,0.00270540550214659
"DNAH10",0.605731225296443,0.984319456387068
"DNAH11",0.770941461637883,1.5634302837881
"DNAH12",-0.161067193675889,-0.550837480958704
"DNAH14",0.190264399186272,0.489042623922469
"DNAH17",0.349159419070494,0.185144873087671
"DNAH17-AS1",0.447687703226576,0.80922814597621
"DNAH2",0.125494071146245,0.0361031791894791
"DNAH3",0.138374108499107,-0.768203687054096
"DNAH5",-0.491106719367589,-1.11961941769729
"DNAH6",-0.202569169960474,-0.519871722298981
"DNAH7",-0.635375494071146,-1.21585455395255
"DNAH8",0.0365612648221344,-0.344716486980716
"DNAH9",-0.423913043478261,-0.543033870825063
"DNAI1",0.0395354595711735,-0.134766440721343
"DNAI2",0.780632411067194,1.62156470309245
"DNAI3",0.346429464492408,0.753452838353195
"DNAI4",0.43291328230435,1.01665885215364
"DNAI7",-0.541141602880437,-0.987379351601751
"DNAJA1",-0.606719367588933,-0.62301014735513
"DNAJA2",-0.474308300395257,-0.572403689447191
"DNAJA3",-0.710474308300395,-1.75119919249369
"DNAJA4",-0.75197628458498,-2.20699110495486
"DNAJB1",-0.199604743083004,-0.477593985157374
"DNAJB11",-0.74802371541502,-1.60661565011992
"DNAJB12",0.0523715415019763,-0.148490984064163
"DNAJB13",0.281195956199972,-0.0519804890281799
"DNAJB14",-0.675889328063241,-1.16965708137924
"DNAJB2",-0.227272727272727,-0.530021550821508
"DNAJB4",0.0948616600790514,0.900757436217574
"DNAJB5",-0.384387351778656,-1.03536189825925
"DNAJB6",-0.479249011857708,-0.345678802965319
"DNAJB7",-0.307882391410514,-0.837818766994804
"DNAJB8",0.293783602368022,0.206327793637015
"DNAJB8-AS1",0.34247591853529,0.355885004827187
"DNAJB9",-0.519762845849802,-0.135161843877675
"DNAJC1",0.567193675889328,1.64700305452811
"DNAJC10",-0.761857707509881,-1.22096042277329
"DNAJC11",-0.537549407114625,-0.967912169882262
"DNAJC12",-0.348814229249012,-0.12806345470618
"DNAJC13",-0.289525691699605,-0.297299543248314
"DNAJC14",-0.759881422924901,-2.45361905294489
"DNAJC15",-0.49752744417127,-0.538397432734166
"DNAJC16",-0.298418972332016,0.0882455768102554
"DNAJC17",-0.556461593464267,-0.849166215982195
"DNAJC18",-0.644268774703557,-1.92590010546024
"DNAJC19",-0.655138339920949,-1.47853451486292
"DNAJC2",-0.630096386915578,-1.1975218429667
"DNAJC21",0.0859683794466403,0.405405545972053
"DNAJC22",0.297430830039526,-0.176813661610624
"DNAJC24",-0.563241106719368,-1.10697276987393
"DNAJC25",-0.0899209486166008,0.0536284243553316
"DNAJC25-GNG10",-0.212450592885376,-0.0467344358076139
"DNAJC27",-0.692687747035573,-0.864611302973341
"DNAJC27-AS1",0.0464541649961289,-0.123549845964478
"DNAJC28",0.275691699604743,0.173384765870424
"DNAJC3",-0.770750988142292,-1.7463887298852
"DNAJC3-DT",-0.191699604743083,-0.652275875657117
"DNAJC30",-0.691376349250897,-1.12077669213162
"DNAJC4",-0.193675889328063,-0.482489267242186
"DNAJC5",-0.787549407114625,-2.38937586399098
"DNAJC5B",0.535573122529644,0.817646010571327
"DNAJC5G",0.516926133893094,0.853944081532944
"DNAJC6",-0.634387351778656,-0.978573201124233
"DNAJC7",-0.823122529644269,-3.27541886003513
"DNAJC8",-0.784584980237154,-1.99411561604707
"DNAJC9",-0.808005954985858,-2.05423958564941
"DNAJC9-AS1",0.312252964426877,0.223724243538227
"DNAL1",-0.733201581027668,-2.41849694378582
"DNAL4",0.058300395256917,-0.269764241797552
"DNALI1",-0.306475568832327,-0.457774238839707
"DNASE1",0.201581027667984,0.207093409780285
"DNASE1L1",0.0652173913043478,0.0245380647930327
"DNASE1L2",0.457509881422925,0.685229343162857
"DNASE1L3",0.390316205533597,0.146735920126639
"DNASE2",0.83300395256917,1.7434310919161
"DNASE2B",0.0108749395392116,-0.0149453335627594
"DND1",0.653162055335968,1.52261722604919
"DNER",-0.568181818181818,-0.59989200549003
"DNHD1",0.577217709739133,0.577704282713741
"DNLZ",-0.279713376466053,-0.451299119164521
"DNM1",-0.481225296442688,-1.31565387042923
"DNM1L",-0.577217709739133,-0.913856247107705
"DNM1P35",0.452569169960474,0.604464915617597
"DNM1P41",0.054401609203618,-0.262672421235736
"DNM1P46",0.446640316205534,0.823523478335873
"DNM1P50",0.498146790596786,0.588064320932429
"DNM2",0.650197628458498,1.32887130707023
"DNM3",-0.694835701963374,-1.78205939614662
"DNM3OS",0.585124801653368,0.686517588540539
"DNMBP",-0.176426988336362,-0.367040535531649
"DNMT1",0.115612648221344,0.843545572961051
"DNMT3A",0.473320158102767,1.05444153994049
"DNMT3B",0.514455167669895,0.364771884891023
"DNMT3L",-0.0879446640316206,-0.546933288080201
"DNPEP",-0.261857707509881,-0.345272171342656
"DNPH1",-0.66304347826087,-1.49314839211043
"DNTT",0.134387351778656,0.279549619790541
"DNTTIP1",-0.509881422924901,-1.1241925266553
"DNTTIP2",-0.680830039525692,-0.655321030182193
"DOC2A",-0.276679841897233,-0.425283246285701
"DOC2B",0.761857707509881,1.63940703372785
"DOCK1",-0.220355731225296,-0.387025699207437
"DOCK10",-0.75197628458498,-1.73557944385884
"DOCK11",-0.538537549407115,-0.946367518127203
"DOCK2",0.537549407114625,0.62788977298853
"DOCK3",-0.814229249011858,-1.7503056635865
"DOCK4",-0.183794466403162,-0.120066362941557
"DOCK4-AS1",0.421936758893281,0.526133322414036
"DOCK5",-0.338932806324111,-0.504556639285489
"DOCK6",0.50098814229249,0.925403090536736
"DOCK7",-0.530632411067194,-0.70800874893425
"DOCK8",0.58300395256917,1.4241096613288
"DOCK8-AS1",0.425994576879395,0.500774713107779
"DOCK9",-0.610671936758893,-0.784577608464746
"DOCK9-DT",0.0513833992094862,-0.0239764790915094
"DOHH",-0.391304347826087,-1.11616631748777
"DOK1",0.496047430830039,0.766036338247352
"DOK2",0.603754940711463,0.703786468499079
"DOK3",0.652173913043478,1.73611160920581
"DOK4",-0.50197628458498,-1.34638202439571
"DOK5",-0.513833992094862,-0.619496989482337
"DOK6",0.399209486166008,1.39513330814136
"DOK7",0.0904373637690594,0.310758472007024
"DOLK",-0.450704239111378,-0.780567749527138
"DOLPP1",-0.126019277383116,-0.630937264519803
"DONSON",-0.259881422924901,-0.394375716134953
"DOP1A",-0.74703557312253,-2.02377784825125
"DOP1B",-0.778656126482213,-2.22995765493575
"DOT1L",0.596837944664032,1.76192054833069
"DPAGT1",-0.606719367588933,-1.49990604199723
"DPCD",-0.620553359683795,-1.76225846571998
"DPEP1",0.382411067193676,0.671126829994003
"DPEP2",0.181998110790286,0.0862638885701729
"DPEP2NB",0.818002378388947,1.42413251239553
"DPEP3",0.639960748268016,1.22118836940097
"DPF1",0.628119613937019,0.91743368171519
"DPF2",-0.707509881422925,-1.72123796534293
"DPF3",-0.307312252964427,-0.717944074556579
"DPH1",0.131455403074152,0.052658611353411
"DPH2",-0.27187348848029,-0.833399888459549
"DPH3",-0.762845849802372,-1.42945089777205
"DPH3P1",0.473411195566667,1.05345693021255
"DPH5",-0.304649011540261,-1.4729958275522
"DPH5-DT",-0.494071146245059,-0.962077313638509
"DPH6",-0.319466061355187,-0.768707867953488
"DPH6-DT",-0.368668160501193,-0.852196118210277
"DPH7",-0.486166007905138,-1.12963189512601
"DPM1",-0.643439604520849,-0.710610598631899
"DPM2",-0.632411067193676,-2.35855510314594
"DPM3",-0.657114624505929,-0.822074893787862
"DPP10",-0.0741106719367589,0.540789026502254
"DPP10-AS1",0.133399209486166,0.970146410479826
"DPP10-AS3",0.307388198165874,0.334068688856678
"DPP3",-0.448616600790514,-1.1542945596093
"DPP3-DT",0.570158102766798,1.42601417244309
"DPP4",0.565422148936991,0.301271820967744
"DPP6",-0.699604743083004,-1.6822746968745
"DPP7",-0.287549407114625,-0.557183459739725
"DPP8",-0.646245059288537,-1.13549702400833
"DPP9",0.66304347826087,1.0176811318361
"DPPA2",0.412651359274123,0.176135939140163
"DPPA3",-0.0770750988142292,-0.688282624710442
"DPPA4",0.297430830039526,0.327409466043139
"DPPA5",0.137487703260053,0.210434029913029
"DPT",-0.140316205533597,-0.0511856663914148
"DPY19L1",-0.101778656126482,0.0574649943481055
"DPY19L1P1",-0.115404019063191,0.274520524236436
"DPY19L2",-0.391895242999257,0.0928972531327834
"DPY19L2P2",-0.496047430830039,-0.124666598893353
"DPY19L2P3",-0.264822134387352,-0.781463501749275
"DPY19L2P4",-0.467506809429127,-0.889992835286855
"DPY19L3",-0.624505928853755,-1.19798974478338
"DPY19L3-DT",0.205140904944219,0.146087277284095
"DPY19L4",0.154150197628458,0.723114397804719
"DPY30",-0.736166007905138,-1.31821020632777
"DPYD",-0.426877470355731,-0.194641785905664
"DPYS",0.222386960087851,0.452023672369057
"DPYSL2",-0.75395256916996,-1.39388632727544
"DPYSL3",-0.25395256916996,-0.479937165260981
"DPYSL4",0.243083003952569,0.3633119329222
"DPYSL5",0.280632411067194,0.655927608299111
"DQX1",0.25197628458498,0.290888529940014
"DR1",-0.532608695652174,-0.613367724841388
"DRAIC",0.240356200663258,0.222887264840123
"DRAM1",0.10476896786361,-0.0499794041888672
"DRAM2",-0.728260869565217,-1.86114026742349
"DRAP1",-0.367679774011914,-0.282633877048156
"DRAXIN",0.41501976284585,0.327406953173625
"DRC1",0.0770750988142292,0.156698883162352
"DRC3",0.242334440997935,0.120286052516081
"DRC7",0.400790721402771,0.201252710572607
"DRD1",0.148368025100776,0.168044717389262
"DRD2",0.472332015810277,0.376340835518813
"DRD3",0.424901185770751,0.467501209019524
"DRD4",0.402571908106773,1.09457190271828
"DRD5",0.618729942288865,0.529093057923373
"DRG1",-0.681818181818182,-1.51892608162687
"DRG2",-0.160237467108839,-0.915772314957694
"DRICH1",-0.33498023715415,-1.28315714489401
"DROSHA",-0.759881422924901,-1.20517762261957
"DRP2",0.642451218031569,0.253141796724172
"DSC1",0.3977247661814,0.238503790008519
"DSC2",-0.0227497638487857,-0.42411157745691
"DSC3",0.104012206022619,-0.0443559051606153
"DSCAM",0.788537549407115,1.97675745599352
"DSCAM-AS1",0.233201581027668,0.339159439405435
"DSCAML1",0.0592885375494071,0.103833857977544
"DSCC1",0.0889328063241107,0.098192575933745
"DSCR10",0.604892531438955,0.448258639014011
"DSCR4",0.258544626399081,0.142378938476048
"DSCR8",0.354105019907186,0.169564769966392
"DSCR9",0.609298023080522,0.554551720716007
"DSE",-0.214426877470356,-0.080345418860696
"DSEL",0.158636031529334,0.633703923960234
"DSG1",-0.0375494071146245,-0.609434182835136
"DSG2",0.07462317994059,-0.54307165001364
"DSG2-AS1",0.592482980235767,0.557635134285875
"DSG3",0.0177865612648221,-0.278441474715644
"DSG4",-0.118577075098814,-0.495724660857529
"DSN1",0.00494560083669255,-0.460656853518838
"DSP",-0.235235984448482,-0.224875744201434
"DSP-AS1",-0.0395354595711735,-0.272061938698659
"DSPP",0.385756865262019,0.570110740308262
"DST",-0.466403162055336,-1.18195591882171
"DSTN",-0.770524610356699,-1.89779414245121
"DSTNP2",-0.652173913043478,-1.44559547546129
"DSTYK",-0.766568129687345,-2.33734076554236
"DTD1",-0.75395256916996,-1.73736247765301
"DTD1-AS1",0.686604137271132,1.28858707091186
"DTD2",-0.245059288537549,-0.305676693119892
"DTHD1",0.0232270824980644,-0.319684161425679
"DTL",0.386331050941156,0.616086275769841
"DTNA",0.08300395256917,0.457782210222971
"DTNB",-0.0227272727272727,-0.505999159939773
"DTNB-AS1",0.393377822733176,0.210742063267956
"DTNBP1",-0.557312252964427,-1.24599381166821
"DTWD1",-0.0820158102766798,0.308733578155013
"DTWD2",-0.486166007905138,-1.19673210032204
"DTX1",-0.189723320158103,-0.523115867408674
"DTX2",0.534584980237154,0.891816182082042
"DTX2P1-UPK3BP1-PMS2P11",0.587944664031621,0.571884941979885
"DTX3",0.763833992094862,2.71474266528055
"DTX3L",0.33201581027668,0.997047075147247
"DTX4",-0.233201581027668,-1.03643448276864
"DTYMK",-0.0365612648221344,-0.02083786790975
"DUBR",-0.137351778656126,-0.113504613154337
"DUOX1",0.535573122529644,0.563684026935356
"DUOX2",0.0113918130405725,0.00573020611140009
"DUOXA1",0.79070919142347,1.11856918457496
"DUOXA2",0.465530036450568,0.506271597586229
"DUS1L",0.360671936758893,0.225178557064685
"DUS2",-0.342885375494071,-0.84331273810309
"DUS3L",-0.365612648221344,-0.814292871711996
"DUS4L",-0.751667925096936,-1.37576246505738
"DUSP1",-0.128458498023715,0.319845613260829
"DUSP10",-0.261857707509881,-0.364800623935643
"DUSP11",-0.546442687747036,-1.00631396486078
"DUSP12",-0.796442687747036,-2.14090263240448
"DUSP13B",0.488625362665224,0.44613740163083
"DUSP14",-0.160158200486571,-0.125605801583173
"DUSP15",0.618577075098814,0.875109170798821
"DUSP16",0.58166544894089,0.669842008112032
"DUSP18",0.487154150197628,1.73341717192989
"DUSP19",0.226284584980237,0.982459110612434
"DUSP2",0.216403162055336,0.684920452234194
"DUSP21",0.582591778562382,0.884865186937145
"DUSP22",-0.218379446640316,-0.464654554384045
"DUSP23",-0.242648883118077,-0.731022623683715
"DUSP26",-0.32814431444074,-0.981136398600511
"DUSP28",-0.183794466403162,0.334418144931967
"DUSP3",-0.0711638272281123,-0.0170386148561067
"DUSP4",0.0553359683794466,-0.0128036060846227
"DUSP5",-0.731225296442688,-1.77320049062146
"DUSP5P1",0.175889328063241,0.169935477776021
"DUSP6",0.103754940711462,0.731381317692047
"DUSP7",0.0133432176052711,0.255361335181856
"DUSP8",0.731225296442688,3.51534002901663
"DUSP9",0.429948122836512,0.267603767126424
"DUT",-0.016798418972332,0.497932918677152
"DUX1",0.302371541501976,0.0553019469428965
"DUX3",0.493810330497862,0.947958790525597
"DUX4L1",0.0607857690906793,-0.803764360850547
"DUX4L8",0.399308141668852,0.719315205330284
"DUXAP8",0.0291574014337405,0.0740177389165375
"DVL1",0.692687747035573,2.43646962915903
"DVL2",0.633399209486166,1.77538561853033
"DVL3",0.639486058563731,1.20840658424452
"DXO",0.0632411067193676,0.581840778902168
"DYDC1",-0.278724989976773,-0.997876781408909
"DYDC2",-0.136363636363636,-0.537719822131853
"DYM",-0.598814229249012,-1.04556561323905
"DYNC1H1",-0.811959500942976,-2.00828497716205
"DYNC1I1",-0.670948616600791,-1.56545190178832
"DYNC1I2",-0.75296442687747,-1.29779512185131
"DYNC1LI1",-0.708498023715415,-1.05781165350863
"DYNC1LI2",-0.49901185770751,-0.574650065038728
"DYNC1LI2-DT",0.225424824468712,-0.0249474761712031
"DYNC2H1",-0.764822134387352,-2.16738494232951
"DYNC2I1",-0.558300395256917,-1.08541543620091
"DYNC2I2",-0.0484189723320158,0.0195207221128656
"DYNC2LI1",-0.410079051383399,-0.554938059585225
"DYNLL1",-0.738142292490119,-1.84112562669721
"DYNLL2",-0.603754940711463,-1.18513867063993
"DYNLRB1",-0.822134387351779,-2.73852479575159
"DYNLRB2",-0.175889328063241,-0.527089534969512
"DYNLT1",-0.645256916996047,-1.45197394187406
"DYNLT2",0.726284584980237,1.37854509792629
"DYNLT2B",-0.481225296442688,-0.343699438145633
"DYNLT3",-0.50098814229249,-0.465542141160964
"DYNLT5",-0.091897233201581,0.0591314825329771
"DYRK1A",-0.719367588932806,-0.835567846476453
"DYRK1B",0.461044131941623,0.691541255113389
"DYRK2",-0.102766798418972,-0.219466881077964
"DYRK3",-0.473320158102767,-1.14762318434594
"DYRK3-AS1",0.103754940711462,0.126057026277561
"DYRK4",-0.681818181818182,-3.01119270542405
"DYSF",0.381422924901186,0.656302202083412
"DZANK1",-0.0583580898729721,-0.23006179116306
"DZIP1",-0.33399209486166,-0.997103306042791
"DZIP1L",0.449221659377459,0.669532596704172
"DZIP3",-0.795454545454546,-2.10394958070318
"E2F1",0.472332015810277,0.114595363349437
"E2F2",0.634026027263984,0.727828834074637
"E2F3",-0.016798418972332,0.461258599927692
"E2F4",0.858695652173913,1.71392199099381
"E2F5",-0.41600790513834,-1.30235667988103
"E2F6",-0.0612799623353189,-0.343861953682804
"E2F7",0.620178344921245,0.45774757538994
"E2F8",-0.180830039525692,-0.935799944566256
"E4F1",-0.55201385426251,-1.18825472394307
"EAF1",-0.800395256916996,-1.50537453393299
"EAF2",-0.249567588543033,-0.423799157455609
"EAPP",-0.881422924901186,-3.03665999229392
"EARS2",-0.307882391410514,-0.665978112135316
"EBAG9",-0.324110671936759,-0.0977452327367413
"EBF1",-0.0830244650994644,0.26853849637386
"EBF2",0.0217445027641454,-0.197853398616458
"EBF3",0.144798620679423,-0.147524883416437
"EBF4",0.3587842956084,0.909247596365294
"EBI3",0.510995814957418,0.718939291648857
"EBLN2",0.105731225296443,0.208017778291261
"EBLN3P",-0.603754940711463,-0.1930223935493
"EBNA1BP2",-0.724308300395257,-1.40205288403693
"EBP",-0.508893280632411,-1.37600224854622
"EBPL",-0.691699604743083,-0.983368463874873
"ECD",-0.615612648221344,-1.2063739020396
"ECE1",0.361660079051383,-0.0218069145724826
"ECE2",0.353754940711462,0.521450603342962
"ECEL1",0.274703557312253,-0.0226446681638961
"ECH1",-0.699283441165131,-1.45784312124504
"ECHDC1",-0.703557312252964,-1.03900073267733
"ECHDC2",-0.0879446640316206,-0.314232487651965
"ECHDC3",0.428289032457575,0.598448972271659
"ECHS1",-0.704545454545454,-1.96689883139248
"ECI1",-0.547430830039526,-0.611347107020894
"ECI2",-0.638339920948617,-1.64543085037706
"ECI2-DT",0.503952569169961,0.382205848183634
"ECM1",0.287126275135648,1.11597094648634
"ECM2",-0.0148368025100776,0.49884473237875
"ECPAS",-0.150346265435453,-0.607723868102097
"ECRG4",-0.472332015810277,-0.392319670040694
"ECSCR",0.340909090909091,0.544509622597656
"ECSIT",-0.409090909090909,-0.994005034446137
"ECT2",-0.670948616600791,-1.02886207809865
"EDA",0.579624418060366,0.556153674023504
"EDA2R",0.26834693183934,0.279933481882687
"EDAR",0.328381393299982,0.357508302655087
"EDARADD",0.747714379139819,1.82735475264834
"EDC3",0.0662055335968379,-0.451081768486219
"EDC4",0.122529644268775,0.158980591945311
"EDDM13",0.713120852015042,1.60571793529701
"EDDM3A",0.58300395256917,0.816826568857191
"EDDM3B",0.269762845849802,0.0975977259628283
"EDEM1",-0.789525691699605,-2.86268813242231
"EDEM2",-0.692687747035573,-1.28514661160369
"EDEM3",-0.344861660079051,-0.0357080353236706
"EDF1",-0.740118577075099,-2.63098820724053
"EDIL3",-0.861660079051383,-1.90352720625519
"EDN1",0.652173913043478,0.949325025280991
"EDN2",0.189723320158103,0.00270744053983358
"EDN3",0.180830039525692,0.350179981024969
"EDNRA",-0.058300395256917,-0.376732952085604
"EDNRB",-0.329051383399209,-0.288033259934786
"EDNRB-AS1",0.105498094680085,-0.19163492768377
"EDRF1",-0.620553359683795,-1.16783241573251
"EDRF1-DT",-0.242260002627256,-0.439187129363216
"EEA1",-0.615612648221344,-0.510195418787798
"EED",-0.553359683794466,-0.73719444866809
"EEF1A1",-0.719051170950718,-1.52152100082755
"EEF1A2",-0.763833992094862,-1.24865189403215
"EEF1AKMT1",-0.324110671936759,-0.875628546974658
"EEF1AKMT2",-0.276679841897233,-0.544370065665845
"EEF1AKMT3",0.178041630120932,0.464255578281263
"EEF1AKMT4-ECE2",0.37311589970295,0.563607612247171
"EEF1B2",-0.817193675889328,-1.69738169569418
"EEF1D",0.390316205533597,0.34191032078814
"EEF1E1",-0.694664031620553,-1.06037155843558
"EEF1G",-0.706696339834726,-2.11510916371868
"EEF2",-0.356719367588933,-0.638541862552596
"EEF2K",0.529644268774703,1.12794356522385
"EEF2KMT",0.501730165104535,0.285641764365033
"EEFSEC",0.358695652173913,0.201093551973
"EEIG1",-0.358695652173913,-0.139903206576464
"EEIG2",-0.626482213438735,-1.63310552046536
"EEPD1",0.449604743083004,1.28585509689297
"EFCAB11",-0.315217391304348,-0.657179914024252
"EFCAB12",-0.0123548311159917,0.410787323437106
"EFCAB13",0.369930942584603,0.240668205763042
"EFCAB13-DT",0.687422803293779,1.27257411257365
"EFCAB14",-0.627470355731225,-1.27066181715008
"EFCAB2",-0.445652173913043,-0.161159495743884
"EFCAB3",0.268907595878687,0.683539244830546
"EFCAB5",-0.23869533716096,-0.6238066386987
"EFCAB6",-0.200791393969717,-0.351182044098559
"EFCAB7",-0.609834463885351,-1.34052287053869
"EFCC1",-0.117617992224241,-0.226054417672001
"EFEMP1",-0.534584980237154,-1.16631963157675
"EFEMP2",0.469367588932806,0.912362126163701
"EFHB",-0.388339920948617,-0.942473630054583
"EFHC1",-0.510869565217391,-0.625060820949555
"EFHC2",0.540513833992095,2.43709144774986
"EFHD1",0.124505928853755,0.65159690427311
"EFHD2",-0.428853754940711,-0.909468829564655
"EFL1",-0.732213438735178,-1.60053059575824
"EFNA1",0.0731225296442688,0.282462621673039
"EFNA2",0.352766798418972,0.950815323872385
"EFNA3",0.411067193675889,0.537921896468914
"EFNA4",0.422924901185771,0.567351480725315
"EFNA5",0.368577075098814,0.725600592849727
"EFNB1",0.613636363636364,0.922149833537081
"EFNB2",-0.0523715415019763,0.495963618246063
"EFNB3",-0.50098814229249,-1.03132429013535
"EFR3A",-0.0756115664298693,0.69371918508778
"EFR3B",-0.670948616600791,-2.16019587432619
"EFS",0.00988142292490119,0.139155587294289
"EFTUD2",-0.776679841897233,-1.99641465589129
"EGF",-0.492094861660079,-1.26229005810614
"EGFEM1P",-0.265478773467256,-1.1195683759233
"EGFL6",-0.189723320158103,-0.521633671540016
"EGFL7",0.268774703557312,-0.19499353033521
"EGFL8",0.524833225807328,0.293208733738797
"EGFLAM",0.514088050944548,0.654642813214091
"EGFLAM-AS2",0.643439604520849,0.895045240986105
"EGFLAM-AS4",0.475413901343361,0.596263393590391
"EGFR",0.744071146245059,1.70039636391255
"EGLN1",-0.566205533596838,-0.722334538061106
"EGLN2",0.00197628458498024,-0.712508188352669
"EGLN3",0.41403162055336,0.656623075115996
"EGOT",0.474308300395257,0.340822528571024
"EGR1",-0.5800395256917,-1.83933808194068
"EGR2",0.235177865612648,0.156467773810298
"EGR3",0.0345849802371542,0.329093258246088
"EGR4",0.25197628458498,0.386205104792946
"EHBP1",-0.66600790513834,-1.11834735298104
"EHBP1L1",0.720355731225296,1.45223936485026
"EHD1",0.223320158102767,0.00344470532527943
"EHD2",0.400197628458498,0.527745431490003
"EHD3",-0.657114624505929,-2.12499850692304
"EHD4",0.0602766798418972,-0.273811381982959
"EHF",-0.1699604743083,-0.0315917870098048
"EHHADH",-0.388724225764034,-0.833386861268698
"EHMT1",0.387816939598622,1.3787780702525
"EHMT2",0.430830039525692,0.347833268392714
"EI24",0.0390509192544417,0.399275103970105
"EID1",-0.549407114624506,-0.525126159860661
"EID2",-0.527667984189723,-0.676513731676363
"EID2B",-0.360671936758893,-0.445552252887552
"EID3",-0.182806324110672,-0.386082115242224
"EIF1",-0.66304347826087,-1.13778389496044
"EIF1AD",-0.209486166007905,-0.193915201698089
"EIF1AX",0.405138339920949,1.68655485189461
"EIF1AY",-0.526679841897233,-1.09539764827299
"EIF1B",-0.637351778656126,-0.770862676265677
"EIF1B-AS1",0.654150197628458,0.906046212504209
"EIF2A",-0.681986677602743,-0.727279315546024
"EIF2AK1",-0.807312252964427,-2.06111579050636
"EIF2AK2",-0.616600790513834,-1.17083601473839
"EIF2AK3",-0.473320158102767,-0.614809372789445
"EIF2AK3-DT",0.0625628367468233,-0.183045587168113
"EIF2AK4",-0.24530180149995,0.285242962979802
"EIF2B1",-0.767786561264822,-2.70848497418753
"EIF2B2",-0.597826086956522,-1.01469214361439
"EIF2B3",-0.759881422924901,-1.66260060422654
"EIF2B4",-0.811264822134387,-2.08303266545681
"EIF2B5",-0.648221343873518,-1.41599267843494
"EIF2D",-0.511857707509881,-1.0377051241838
"EIF2S1",-0.707190533079366,-1.6288270187823
"EIF2S2",-0.655138339920949,-0.838595677393404
"EIF2S3",-0.681818181818182,-1.22563801835422
"EIF3A",-0.552371541501976,-0.382480278794697
"EIF3B",-0.58596837944664,-2.09245009882704
"EIF3C",-0.74802371541502,-1.68041420573155
"EIF3D",-0.841897233201581,-2.02735699143254
"EIF3E",-0.636363636363636,-0.901537556258248
"EIF3F",-0.700592885375494,-1.50655223865285
"EIF3G",-0.74802371541502,-2.27840538605273
"EIF3H",-0.759881422924901,-1.93907529338503
"EIF3I",-0.723320158102767,-1.35508457638864
"EIF3J",-0.700592885375494,-1.29672033463384
"EIF3J-DT",-0.631422924901186,-1.4329922087704
"EIF3K",-0.793478260869565,-1.79455939296403
"EIF3L",-0.798418972332016,-1.66812151882832
"EIF3M",-0.713438735177866,-1.62481379147782
"EIF4A1",-0.822337559080409,-1.78734424290011
"EIF4A2",-0.655138339920949,-0.642898551616668
"EIF4A3",-0.799407114624506,-2.47876529030702
"EIF4B",-0.0410180393050925,0.0545186826283404
"EIF4E",-0.297430830039526,-0.358878972968146
"EIF4E2",-0.791501976284585,-2.48202787997935
"EIF4E3",-0.673913043478261,-1.00740421072252
"EIF4EBP1",0.602374181909152,1.05127722314823
"EIF4EBP2",0.185770750988142,0.388608477715688
"EIF4EBP3",0.0286561264822134,0.0440394696028279
"EIF4ENIF1",-0.687747035573123,-1.12327794134913
"EIF4G1",-0.673107561832091,-1.5434236063442
"EIF4G2",-0.838932806324111,-1.67925106906422
"EIF4G3",0.655138339920949,1.90012557117133
"EIF4H",-0.839920948616601,-2.35179483793702
"EIF5",-0.785573122529644,-1.7978008622457
"EIF5-DT",-0.296442687747036,-0.13880508646481
"EIF5A",-0.299481106251639,-1.63958721984831
"EIF5A2",-0.548418972332016,-0.568951310127098
"EIF5B",0.75098814229249,1.93194956818782
"EIF6",-0.726284584980237,-1.27683203802386
"EIPR1",-0.75,-1.76359357331335
"ELAC1",-0.548961692872873,-1.09962201109631
"ELAC2",-0.632411067193676,-1.16264264217893
"ELANE",0.411662972784844,0.415018922630446
"ELAPOR1",-0.561264822134387,-1.24253898016283
"ELAPOR2",-0.777365973818199,-1.80394111277617
"ELAVL1",-0.519762845849802,-0.701627327137905
"ELAVL2",-0.313241106719368,-0.239534386333977
"ELAVL3",0.850790513833992,3.82357935855844
"ELAVL4",-0.205533596837945,0.125185468861012
"ELF1",0.608695652173913,1.49050625132916
"ELF2",0.644922184254768,0.93667087714795
"ELF3",0.43291328230435,0.242834762933981
"ELF4",0.595587068417933,0.762644396040441
"ELF5",0.725969876375673,1.22567651945767
"ELFN1",0.422535224166917,0.619567003675226
"ELFN1-AS1",0.642292490118577,1.18362918452839
"ELFN2",0.767786561264822,2.36922852972745
"ELK1",0.432806324110672,0.892234222506526
"ELK2AP",0.571146245059289,0.856395275704866
"ELK3",0.450592885375494,0.395098226526906
"ELK4",-0.625648647713821,-1.13870447344662
"ELL",0.458117137780973,0.862662744124682
"ELL2",-0.685770750988142,-1.76160867482953
"ELL3",0.459486166007905,0.750613229862029
"ELMO1",-0.83695652173913,-2.64345202647194
"ELMO2",-0.493083003952569,-0.777814715867645
"ELMO3",0.171033140025782,0.352699891859919
"ELMOD1",-0.628458498023715,-0.914690054923258
"ELMOD2",-0.682806324110672,-2.499832761838
"ELMOD3",0.152211519349018,0.0186407845863787
"ELN",0.730417615577431,1.62227544525879
"ELOA",-0.699604743083004,-2.1151303540654
"ELOA-AS1",-0.677865612648221,-1.71320642942091
"ELOA2",0.810971114453697,1.52341162714025
"ELOA3P",0.697306668186573,1.31874840997349
"ELOB",-0.75395256916996,-2.27566679466595
"ELOC",-0.710474308300395,-1.24647341991608
"ELOF1",-0.378057832149347,-0.809375633772757
"ELOVL1",0.0405138339920949,-0.142167546466358
"ELOVL2",-0.554347826086957,-1.10704638215434
"ELOVL2-AS1",-0.334651548547557,-0.468215823894209
"ELOVL3",0.207509881422925,-0.116083226933777
"ELOVL4",-0.612648221343874,-1.23159243497179
"ELOVL5",-0.317193675889328,-0.45595570415381
"ELOVL6",-0.602766798418972,-1.97945819905478
"ELOVL7",-0.287549407114625,-0.183182056234499
"ELP1",-0.813241106719368,-1.74567097941514
"ELP2",-0.596837944664032,-1.16119963605672
"ELP3",0.148221343873518,0.729964221134069
"ELP4",-0.445104075302329,-1.00023603656791
"ELP5",-0.458498023715415,-0.751378295750413
"ELP6",-0.755928853754941,-2.12351563849846
"ELSPBP1",0.173913043478261,0.0264161968899018
"EMB",-0.474308300395257,-1.37954615521915
"EMC1",-0.0652173913043478,-0.690377511480483
"EMC10",0.66501976284585,1.29259164378556
"EMC2",-0.775691699604743,-1.97254180430398
"EMC3",-0.773715415019763,-2.46391646404325
"EMC3-AS1",0.223320158102767,0.235638378363723
"EMC4",-0.723320158102767,-1.52089155725792
"EMC6",-0.346837944664032,-0.6824246261124
"EMC7",-0.779644268774704,-1.60454734685922
"EMC8",-0.449604743083004,-0.705754519369888
"EMC9",-0.690711462450593,-1.62756190498312
"EMCN",0.0163083770731091,0.127962995980672
"EMD",0.234189723320158,-0.379741798579895
"EME1",-0.558438366442826,-1.62068621926759
"EME2",0.429841897233202,0.625324423018875
"EMG1",-0.561264822134387,-1.1737165028546
"EMID1",0.712450592885375,1.32301856251834
"EMILIN1",0.330366135891062,0.311631669462799
"EMILIN2",-0.172924901185771,0.000771911437235957
"EMILIN3",0.691376349250897,0.664586457574078
"EML1",-0.556324110671937,-0.567132363106476
"EML2",-0.00790513833992095,-0.10929532055367
"EML2-AS1",0.449715852622099,0.449525488722265
"EML3",0.732938043997835,1.52570381094918
"EML4",-0.768774703557312,-1.9229627781749
"EML5",-0.405138339920949,-0.15403953480834
"EML6",-0.801383399209486,-1.07623178536028
"EMP1",0.0929083299922577,0.258258197129207
"EMP2",0.181368920782758,0.758323286864362
"EMP3",0.115612648221344,-0.136797610118571
"EMSLR",0.320237222526505,-0.232311228896326
"EMSY",-0.0345849802371542,0.390349385403742
"EMX1",0.233201581027668,0.253190874547649
"EMX2",-0.0711462450592885,0.162387420326603
"EMX2OS",0.099802371541502,0.295612903683785
"EN1",0.572134387351779,0.629429821823391
"EN2",0.408113099626437,0.311633196694364
"ENAH",-0.353754940711462,-0.892250696277442
"ENAM",0.363007101413233,0.428684337260445
"ENC1",-0.794466403162055,-2.3226607229098
"ENDOD1",-0.898221343873518,-2.62802226196574
"ENDOG",-0.677865612648221,-1.24987181218075
"ENDOU",-0.23244323932455,-0.72826261242498
"ENDOV",0.0256916996047431,-0.353351416875731
"ENG",0.291079821092765,0.215072901581395
"ENGASE",0.438735177865613,0.403305128778029
"ENHO",0.24901185770751,0.253456622457061
"ENKD1",-0.228260869565217,-0.604188273790559
"ENKUR",-0.50098814229249,-0.750800723542732
"ENO1",-0.763833992094862,-1.9265995962928
"ENO1-AS1",-0.152705712593658,-0.609369087165414
"ENO2",-0.890316205533597,-3.24913885550004
"ENO3",-0.0158102766798419,-0.234327102429761
"ENOPH1",-0.713438735177866,-0.964439836993661
"ENOSF1",-0.457509881422925,-1.01188667863678
"ENOX1",-0.339016565822813,-0.564001793032043
"ENOX2",-0.631422924901186,-1.66969096361944
"ENPEP",0.00989120167338509,-0.185578029000821
"ENPP1",0.678853754940711,1.08309548800948
"ENPP2",-0.114624505928854,-0.172465668683473
"ENPP3",0.632411067193676,1.43740789831305
"ENPP4",-0.543478260869565,-0.56641550178403
"ENPP5",-0.408102766798419,-0.383099763778343
"ENPP6",-0.499135177086065,-0.961391094261708
"ENPP7",-0.149209486166008,-0.698027689430157
"ENSA",-0.782608695652174,-2.10474303741707
"ENTHD1",-0.213438735177866,-0.918062159807969
"ENTPD1",-0.159130224773973,-0.400139251418182
"ENTPD1-AS1",0.092125096762891,0.11737837486482
"ENTPD2",0.760869565217391,1.97516907865389
"ENTPD3",-0.75,-1.58716261166953
"ENTPD3-AS1",-0.498516564338609,-1.40745492232148
"ENTPD4",-0.637351778656126,-0.995063039016633
"ENTPD5",-0.58596837944664,-1.13883786947644
"ENTPD6",-0.737154150197628,-2.79918486178342
"ENTPD7",-0.131422924901186,0.351742084421275
"ENTR1",0.308870777899793,0.530392448242339
"ENTREP1",-0.0770750988142292,-0.607528159535295
"ENTREP2",0.570158102766798,1.01281228627361
"ENTREP3",0.268774703557312,0.54780065027168
"ENY2",-0.757905138339921,-1.88988177763236
"EOGT",-0.101778656126482,-0.131325055140114
"EOLA1",-0.460474308300395,-1.24347145494148
"EOLA1-DT",0.528656126482213,0.410489233547791
"EOLA2",-0.803359683794466,-2.02994891808204
"EOLA2-DT",0.471954548630884,0.608635244630419
"EOMES",0.257171243508012,0.17266573387528
"EP300",0.66501976284585,2.81802078621076
"EP300-AS1",-0.75296442687747,-1.88577890868062
"EP400",-0.782608695652174,-2.11340234339706
"EP400P1",-0.300692530870907,-1.14521695081495
"EPAS1",-0.221343873517787,-0.391685139171755
"EPB41",-0.165060543709649,-0.0707289458799076
"EPB41L1",-0.786561264822134,-1.6456799539864
"EPB41L2",-0.161067193675889,-0.286432981919329
"EPB41L3",-0.539525691699605,-0.193101609858405
"EPB41L4A",0.161067193675889,0.29938677551569
"EPB41L4A-AS1",-0.729249011857708,-1.00141312970333
"EPB41L4A-DT",0.0904373637690594,-0.279782914843682
"EPB41L4B",-0.725296442687747,-1.51784524738848
"EPB41L5",-0.481225296442688,-0.567424709025549
"EPB42",0.582591778562382,0.917474339724014
"EPC1",0.683794466403162,3.36243621306965
"EPC2",-0.187747035573123,0.304144777754085
"EPCAM",-0.372529644268775,-0.252532488041937
"EPCAM-DT",0.33596837944664,0.455083266640415
"EPDR1",-0.682806324110672,-1.20088779560528
"EPG5",0.509513235223499,1.59592600510486
"EPHA1",0.268051565348736,0.370883116818154
"EPHA1-AS1",0.321225609015785,0.145524123592654
"EPHA10",0.100840348454508,0.2258314292249
"EPHA2",0.549048694794672,0.845056397884432
"EPHA2-AS1",0.382999764595743,0.770610340410196
"EPHA3",0.0889328063241107,-0.325291669848852
"EPHA4",-0.50296442687747,-0.80842256267917
"EPHA5",-0.220355731225296,-0.0405713705811315
"EPHA5-AS1",0.503952569169961,1.04087766758152
"EPHA6",0.601778656126482,0.957493037346992
"EPHA7",-0.058300395256917,-0.0521124828606608
"EPHA8",0.604743083003953,0.972695345469889
"EPHB1",-0.058300395256917,-0.0563058573515623
"EPHB2",0.308376584655153,0.221119680543699
"EPHB3",0.154188292327577,0.0909195749056845
"EPHB4",0.288114661624927,-0.0990760844204871
"EPHB6",-0.774703557312253,-1.55801769388947
"EPHX1",-0.0691699604743083,-0.233273949801127
"EPHX2",-0.545994332370857,-1.34488136055351
"EPHX3",0.547566115060753,0.686383157971636
"EPHX4",-0.238142292490119,-0.140663798590683
"EPIC1",0.370553359683794,0.451743827552199
"EPIST",0.618200104586568,0.941616291462197
"EPM2A",-0.176877470355731,0.178231415687381
"EPM2A-DT",-0.850790513833992,-1.86493594257952
"EPM2AIP1",-0.815217391304348,-2.18579163563482
"EPN1",0.601778656126482,0.767220206109373
"EPN2",-0.322134387351779,-1.4534129444116
"EPN2-AS1",0.591549313833683,0.604994289186918
"EPN3",0.288537549407115,0.268515188081324
"EPO",-0.0780632411067194,-0.728967587323893
"EPOP",-0.323122529644269,-0.648273303806631
"EPOR",0.58498023715415,0.777318415440488
"EPPIN",0.177865612648221,-0.263922101476395
"EPPK1",0.397825561934933,0.717307894534463
"EPRS1",0.180830039525692,0.837978588210262
"EPS15",-0.571146245059289,-0.980675023792856
"EPS15L1",0.5,1.47987751815931
"EPS8",-0.320158102766798,-0.17398226148739
"EPS8L1",0.0780825326530677,-0.585604705524071
"EPS8L2",0.267786561264822,0.517786162940669
"EPS8L3",0.374598479436869,0.477313515659528
"EPSTI1",0.394268774703557,0.427074864668034
"EPX",0.720079481822435,1.75777266656276
"EPYC",0.0158298414400557,-0.585155409390229
"EQTN",-0.101334663888108,-0.578235293244134
"ERAL1",0.587944664031621,1.98197035858541
"ERAP1",-0.3874475037975,-0.364982074076395
"ERAP2",0.110671936758893,-0.508799424757833
"ERBB2",-0.16897233201581,-0.814422117093816
"ERBB3",-0.195652173913043,-0.354693954598084
"ERBB4",-0.24604743083004,-0.307015178237453
"ERBIN",-0.196640316205534,0.0628542352383801
"ERC1",-0.380434782608696,-0.80930375598421
"ERC2",-0.696640316205534,-1.4598333411976
"ERC2-IT1",0.687747035573123,1.52704985329326
"ERCC1",0.224308300395257,0.365038184543952
"ERCC2",0.307312252964427,-0.0368510963408983
"ERCC3",-0.881422924901186,-3.74960174884591
"ERCC4",-0.324110671936759,-0.671861794501144
"ERCC5",-0.100790513833992,-0.396809376828745
"ERCC6",-0.513960974425256,-1.44178515590358
"ERCC6L",0.0760869565217391,0.137144235287114
"ERCC6L2",0.207509881422925,0.299701075172477
"ERCC6L2-AS1",-0.543478260869565,-1.24389285401113
"ERCC8",-0.227272727272727,-0.487951665500656
"EREG",-0.12209591209933,-0.161404814753367
"ERF",0.728440842598872,1.42397681803359
"ERG",0.395648066935404,0.638521542685965
"ERG28",-0.402173913043478,-1.17641807519074
"ERGIC1",0.275691699604743,1.34648853662236
"ERGIC2",0.220355731225296,0.889230423059589
"ERGIC3",-0.356719367588933,-0.822965266888905
"ERH",-0.760869565217391,-3.00223327908974
"ERI1",-0.231225296442688,-0.352006746082886
"ERI2",-0.447628458498024,-0.596700271518819
"ERI3",-0.496047430830039,-0.880762877723397
"ERICH1",-0.451692625600657,-0.801138064855953
"ERICH2-DT",0.0647393150477966,-0.318051509154968
"ERICH3",-0.709486166007905,-1.01116166788341
"ERICH3-AS1",0.0448559298390075,-0.312940539362029
"ERICH4",-0.299407114624506,-0.955233506623343
"ERICH5",-0.340993338801371,-0.324288359829965
"ERICH6",0.563874492133862,0.961465044541958
"ERLEC1",-0.817193675889328,-1.83917069314085
"ERLIN1",-0.407114624505929,-0.438978073403337
"ERLIN2",-0.775691699604743,-1.99550887366656
"ERLNC1",0.797133703603786,1.15943959167507
"ERMAP",-0.826086956521739,-2.10938825151174
"ERMARD",-0.636363636363636,-1.44489618133835
"ERMN",-0.385375494071146,-0.490690755592393
"ERMP1",-0.711462450592885,-1.13105666103342
"ERN1",0.389328063241107,1.34318648410234
"ERN2",0.645256916996047,0.719239172304326
"ERO1A",-0.780632411067194,-2.05072984415132
"ERO1B",-0.573122529644269,-1.10988077954191
"ERP27",0.700592885375494,0.794261421685759
"ERP29",-0.756916996047431,-1.78136589775456
"ERP44",-0.658102766798419,-1.32140641936849
"ERRFI1",-0.688735177865613,-1.65868521424429
"ERV3-1",0.445104075302329,0.429639372257455
"ERV3-2",-0.324110671936759,-0.570761998344443
"ERV9-1",0.130434782608696,0.56486755443477
"ERVFH21-1",0.695329895208014,1.35796426764077
"ERVFRD-1",0.587944664031621,1.1031650072939
"ERVH-1",0.812252964426878,1.85291948474892
"ERVH-3",0.736166007905138,2.01419476875074
"ERVH-4",0.673913043478261,1.2871794365018
"ERVH-6",0.459486166007905,0.880404574122616
"ERVH48-1",0.451214855650504,0.719337529824628
"ERVK13-1",-0.0237154150197628,-0.00439869891629576
"ERVK3-1",-0.285573122529644,-0.140309723663552
"ERVK3-2",0.238377960328581,-0.0784297676131532
"ERVMER34-1",0.234189723320158,0.058965812089878
"ERVMER61-1",0.0583580898729721,-0.338859681976056
"ERVV-1",0.673913043478261,0.485991329972715
"ERVW-1",0.276953646854783,0.463626671421379
"ESAM",0.328063241106719,0.660844233715539
"ESAM-AS1",0.603754940711463,0.575623384507448
"ESCO1",-0.504940711462451,-0.832775496130529
"ESCO2",0.453557312252964,0.496924210164864
"ESD",-0.207509881422925,0.33161341095834
"ESF1",0.630434782608696,3.17632149699726
"ESM1",-0.495059288537549,-1.42886109062269
"ESPL1",0.458498023715415,0.871635777736629
"ESPN",0.145256916996047,0.188823125584174
"ESPNL",0.49083855318293,0.823086096742325
"ESR1",0.551383399209486,0.34899179798389
"ESR2",0.0138682941363492,-0.388366522289087
"ESRG",0.149209486166008,0.0950257659101596
"ESRP1",0.208055355993301,0.333494386582297
"ESRP2",0.35779590911912,-0.00594173679142549
"ESRRA",0.221343873517787,-0.184068218411637
"ESRRB",0.376482213438735,0.0466272882956828
"ESRRG",-0.41600790513834,-0.274371867383705
"ESS2",-0.0523715415019763,-0.0215472647444141
"ESX1",0.033596837944664,-0.59517440278144
"ESYT1",-0.232270824980644,-0.456465134803102
"ESYT2",0.13491475578663,0.801842246900176
"ESYT3",0.0632567353138776,0.268485031644161
"ETAA1",-0.633555739628055,-0.654118058331198
"ETF1",-0.704719566856168,-1.82041751127839
"ETFA",-0.703557312252964,-1.24958607143138
"ETFB",-0.710474308300395,-1.5637080775839
"ETFBKMT",0.0296515946783801,-0.679825328047995
"ETFDH",-0.75395256916996,-1.52074944388242
"ETFRF1",-0.662055335968379,-1.05055538576314
"ETHE1",-0.0247096622319834,-0.340917051601333
"ETNK1",-0.593873517786561,-0.684341298889946
"ETNK2",0.507905138339921,1.21376897690776
"ETNPPL",-0.380434782608696,-0.986948113585497
"ETS1",0.0424901185770751,0.582167832326384
"ETS1-AS1",0.501235849670935,0.730501921592928
"ETS2",-0.480850027034398,-0.311289351352838
"ETV1",-0.150197628458498,0.575779546329563
"ETV2",0.138016430055486,0.254068602061444
"ETV3",-0.679841897233202,-0.906232717977063
"ETV4",0.208498023715415,0.348193899242742
"ETV5",0.263899192637583,-0.179506963404364
"ETV6",0.319169960474308,0.328598527790532
"ETV7",0.423913043478261,0.552591936445825
"EVA1A",0.0232270824980644,-0.307342904114965
"EVA1A-AS",0.792191771157389,2.12390154297214
"EVA1B",0.706521739130435,1.08617279702934
"EVA1C",-0.290513833992095,-0.223112786650489
"EVC",0.649209486166008,1.13958100243325
"EVC2",0.170496669400686,0.41115374787417
"EVI2A",-0.273715415019763,-0.448392587411554
"EVI2B",0.33596837944664,0.669131889566094
"EVI5",-0.100790513833992,0.667044023330535
"EVI5L",0.356083260241863,0.514243948552576
"EVL",-0.462450592885375,-1.34077191045789
"EVPL",0.74672599265054,1.19437470878534
"EVPLL",-0.239921034325845,-0.702471345337107
"EVX1",0.641304347826087,0.78769449478022
"EWSAT1",0.479367447300479,0.364253238901189
"EWSR1",0.332592053642497,0.665704828840351
"EXD1",0.434782608695652,0.925804951711579
"EXD2",-0.704719566856168,-1.73129567821627
"EXD3",0.476284584980237,0.729060440523036
"EXO1",0.40812408458399,0.374809330989782
"EXO5",-0.41403162055336,-0.519001873658573
"EXOC1",-0.759881422924901,-1.4630451612622
"EXOC2",-0.670948616600791,-1.42878933355099
"EXOC3",-0.681818181818182,-1.47369894379073
"EXOC3-AS1",-0.0612799623353189,-0.243126667697805
"EXOC3L1",0.556324110671937,0.731066957117772
"EXOC3L2",0.828063241106719,1.6741794508647
"EXOC3L4",-0.200148264079066,-0.546311690579724
"EXOC4",-0.780632411067194,-2.54163664763127
"EXOC5",-0.255928853754941,0.20730672324508
"EXOC6",-0.613636363636364,-0.926117378691611
"EXOC6B",-0.738142292490119,-2.38770804768649
"EXOC7",-0.0187793432963074,-0.808278162354174
"EXOC8",-0.722332015810277,-1.19032471121699
"EXOG",-0.538537549407115,-1.29062413450026
"EXOSC1",-0.684782608695652,-1.72425678091645
"EXOSC10",-0.221343873517787,-0.504363595457967
"EXOSC2",0.131422924901186,0.204412515165275
"EXOSC3",-0.145256916996047,-0.131535856637272
"EXOSC4",0.562252964426877,1.16438884126069
"EXOSC5",-0.58102766798419,-0.918641859575797
"EXOSC6",-0.455533596837945,-0.416620770698868
"EXOSC7",-0.726284584980237,-1.67037821072476
"EXOSC8",-0.588932806324111,-0.53056029868366
"EXOSC9",-0.661067193675889,-0.805335461273116
"EXPH5",-0.262910806148304,0.0185537424029843
"EXT1",0.16501976284585,0.612456803649983
"EXT2",-0.724981489886394,-2.0395259696658
"EXTL1",-0.114624505928854,-0.84985248730916
"EXTL2",-0.712450592885375,-1.29349068655871
"EXTL3",-0.258957260191186,-0.730250384071557
"EXTL3-AS1",0.0800395256916996,0.120055270703804
"EYA1",-0.139328063241107,-0.111732245021216
"EYA2",-0.0830860940564348,-0.608450438628147
"EYA3",-0.58399209486166,-0.974533106985415
"EYA4",0.265478773467256,-0.303968653673156
"EYS",-0.27893188718946,-1.10433265649545
"EZH1",-0.237154150197628,-0.646789071129541
"EZH2",-0.123054117915278,-0.25511752378501
"EZHIP",0.444664031620553,0.660563518772543
"EZR",0.0385375494071146,0.0375256704723364
"F10",0.372529644268775,-0.193590854248926
"F11",0.182851500516677,-0.244862807507442
"F11-AS1",-0.123548311159917,-0.575820204330022
"F11R",0.480237154150198,1.00873590774552
"F12",-0.190758592430912,-0.258852645434844
"F13A1",0.206078583014742,0.244571288850147
"F13B",0.109792338574575,-0.496705205534818
"F2",0.58300395256917,0.470119969421829
"F2R",-0.0133432176052711,-0.0922126868270724
"F2RL1",0.511490008202057,0.598353387711057
"F2RL2",0.273986286352767,-0.265833982046752
"F2RL3",-0.228811472268167,-0.647786247866436
"F3",-0.16798418972332,-0.369950521999059
"F5",0.699307958308326,0.763572979663474
"F7",0.631422924901186,1.07979860055182
"F8",-0.614624505928854,-0.774230800886623
"F8A1",-0.589920948616601,-0.642177536480164
"F9",-0.287197266921906,-0.811672925638198
"FA2H",0.0652173913043478,0.213255577376932
"FAAH",0.00692384117136957,-0.37401258114931
"FAAH2",0.0444664031620553,-0.148723760804018
"FAAP100",0.360761068586958,-0.0547433471335313
"FAAP20",0.439169354298298,0.219170260444294
"FAAP24",0.739313093980945,1.44060454451719
"FABP1",0.300963685985558,0.367265846778926
"FABP2",0.211020515461139,-0.163404266473824
"FABP3",-0.533596837944664,-1.12536024254692
"FABP4",0.140845074722306,-0.700533829245409
"FABP5",-0.704545454545454,-1.70281363204757
"FABP6",-0.575098814229249,-1.09119797532602
"FABP6-AS1",0.372529644268775,0.780012942326037
"FABP7",-0.202569169960474,0.0835279643277584
"FADD",-0.391304347826087,-0.431254912404632
"FADS1",-0.319169960474308,-1.06789767275062
"FADS2",0.186310853229155,0.474288993337534
"FADS3",-0.199159877589787,-0.630126305414744
"FAF1",-0.74901185770751,-2.59724905893649
"FAF2",-0.659090909090909,-2.53474173611835
"FAH",-0.232765018225284,-0.960967502707134
"FAHD1",-0.642292490118577,-0.984584918526527
"FAHD2A",-0.362648221343874,-0.704900503430228
"FAHD2B",0.0731225296442688,-0.418528294810154
"FAHD2CP",0.16407215722037,-0.320350654481899
"FAIM",-0.528656126482213,-1.08058460127006
"FAIM2",-0.573122529644269,-0.425058485856842
"FAM106A",0.607707509881423,1.32670260353811
"FAM107A",-0.245059288537549,-1.02428043728762
"FAM107B",0.420948616600791,1.15970468288985
"FAM110A",0.256916996047431,-0.0759629149279606
"FAM110B",-0.284584980237154,-0.570087309322626
"FAM110C",-0.451581027667984,-0.727962155774606
"FAM110D",0.195206331632669,0.419453032241476
"FAM111A",0.404744267359889,0.63380345050827
"FAM111A-DT",0.0988142292490119,0.0432843328519598
"FAM111B",-0.186758893280632,-0.371860398299116
"FAM114A1",-0.122529644268775,-0.434454045518168
"FAM114A2",0.121077344936719,0.126720800773724
"FAM117A",-0.201581027667984,-0.111561891797838
"FAM117B",-0.649209486166008,-0.700644780725575
"FAM118A",-0.715415019762846,-2.65088861078311
"FAM118B",-0.508893280632411,-0.956731005669138
"FAM120A",0.58300395256917,2.9732001486532
"FAM120AOS",-0.713438735177866,-1.50786220293824
"FAM120B",-0.607857690906793,-1.39228402773022
"FAM120C",-0.276679841897233,-0.352289528259037
"FAM124A",0.0355731225296443,-0.023761854640388
"FAM124B",0.124536697649197,-0.37615261013657
"FAM131A",-0.557312252964427,-0.970681550926481
"FAM131B",-0.278656126482213,-0.51629604368986
"FAM131B-AS2",0.391304347826087,0.622249058922571
"FAM131C",0.241106719367589,0.160576084511578
"FAM133A",0.530894775686966,1.10912802130156
"FAM133B",0.0879446640316206,0.832870237450863
"FAM135A",0.0306324110671937,0.118033897580762
"FAM135B",0.777667984189723,2.2856620963131
"FAM138F",0.452569169960474,0.453370472060228
"FAM13A",-0.488142292490119,-0.778555568381767
"FAM13A-AS1",0.0158102766798419,0.488417756203885
"FAM13B",-0.514822134387352,-0.345846756752024
"FAM13C",0.0355731225296443,0.748679638808545
"FAM149A",0.25296442687747,0.336957776187747
"FAM149B1",-0.428853754940711,-0.857145387329946
"FAM151A",0.452681012089937,0.378691255522802
"FAM153A",0.424721995672861,0.139577464291232
"FAM153B",0.00790513833992095,-0.00252709080707846
"FAM156A",-0.620178344921245,-1.43622665780217
"FAM161A",-0.290513833992095,-0.333092933344325
"FAM161B",0.766987915680766,1.82461148232695
"FAM162A",-0.872529644268775,-2.64706119250689
"FAM162B",0.208498023715415,0.60429976262557
"FAM163A",0.616258976065667,0.691731990252668
"FAM163B",0.0612648221343874,0.0166491888841728
"FAM167A",-0.216950834396815,-0.376201792562701
"FAM167A-AS1",0.544466403162055,0.891293614615324
"FAM167B",0.238142292490119,0.175207118486358
"FAM168A",-0.340909090909091,-0.0852844305044095
"FAM168B",-0.75098814229249,-3.14006231042226
"FAM169A",-0.861660079051383,-2.08960107060303
"FAM169A-AS1",0.278230796732134,0.847020765138187
"FAM169BP",0.140455063762068,0.204314324335299
"FAM170A",0.206078583014742,-0.150931161874708
"FAM170B",0.0306324110671937,0.102567912944262
"FAM170B-AS1",0.727272727272727,0.927158031275059
"FAM171A1",-0.523715415019763,-1.27402490812794
"FAM171A2",0.57072233655432,0.790045981285701
"FAM171B",-0.460474308300395,-0.674061160804533
"FAM174A",-0.441699604743083,-0.526660336419516
"FAM174B",-0.285855728360829,-0.703662771124702
"FAM174C",0.658102766798419,1.50764003947639
"FAM177A1",-0.396245059288538,-0.0371021628531431
"FAM178B",0.763833992094862,1.83643748574709
"FAM181A",0.5800395256917,1.96453446591035
"FAM181A-AS1",0.0360761068586958,-0.238364999618569
"FAM181B",0.205533596837945,0.320491479019207
"FAM182A",-0.270750988142292,-0.447392271973498
"FAM182B",-0.177865612648221,-0.825389914524596
"FAM184A",-0.447628458498024,-0.83929265422727
"FAM184B",0.121347573693055,-0.0639072495407851
"FAM185A",0.569169960474308,1.05606913211675
"FAM186A",0.00296515946783801,-0.556852712205391
"FAM186B",0.654150197628458,1.58270617219299
"FAM187B",0.497652597352147,0.67160872472629
"FAM193A",-0.374939237900583,-0.839958806748919
"FAM193B",-0.25098814229249,-1.00783238136068
"FAM193B-DT",-0.214426877470356,-0.115549780390302
"FAM199X",-0.526679841897233,-0.659517959530045
"FAM200A",-0.126019277383116,-0.0622038746502135
"FAM200B",-0.599802371541502,-1.20723545448094
"FAM200C",-0.804347826086957,-1.94521849226069
"FAM201A",-0.414628132252682,-1.21124726397044
"FAM201B",0.533762466056879,0.98324268708209
"FAM204A",0.696640316205534,1.96387425770938
"FAM209A",0.331603667153218,0.346222883354433
"FAM209B",0.0573264163782016,0.263573628370137
"FAM20A",0.562656504960452,0.71944923837338
"FAM20B",-0.816901433389373,-2.0827369406262
"FAM20C",0.0108695652173913,0.265172215930848
"FAM210A",0.337944664031621,1.13985271087292
"FAM210B",-0.134387351778656,-0.114737520101039
"FAM215A",-0.00148294630080158,0.123815688267789
"FAM216A",-0.693675889328063,-0.830322114520512
"FAM216B",0.113636363636364,-0.0467816727284781
"FAM217A",0.575383164711014,0.72996815275585
"FAM217B",-0.853754940711463,-2.07797769298603
"FAM218A",-0.057454361422018,-0.210430409361219
"FAM219A",0.325673348217542,0.80397858677704
"FAM219B",-0.615612648221344,-1.76109684547657
"FAM21EP",0.454657785068495,0.690607162862349
"FAM220A",-0.738142292490119,-1.32944141258499
"FAM221A",-0.644427991010128,-0.406698120002578
"FAM221B",0.466024229695208,0.752431015863266
"FAM222A",0.0148257973391901,-0.335802039436172
"FAM222A-AS1",0.550395256916996,0.900290885272872
"FAM222B",0.49802371541502,1.09020871882504
"FAM223B",0.226284584980237,0.308255703120589
"FAM224A",0.0816226199252874,-0.0688814784539325
"FAM224B",0.516320727350702,0.766302255723266
"FAM225A",0.0859683794466403,0.0068190860782788
"FAM226A",0.706521739130435,2.58382883476112
"FAM227B",-0.280701762955332,-0.109670860142986
"FAM228A",0.540513833992095,1.00148335668541
"FAM228B",-0.537549407114625,-1.29700096510176
"FAM229A",0.745059288537549,1.81366705275056
"FAM229B",-0.720355731225296,-1.638992411098
"FAM230B",0.261127724177366,-0.233039657630992
"FAM230C",0.11342283418657,-0.130494752995936
"FAM230I",0.565776735717627,0.372635394255138
"FAM234A",0.186758893280632,-0.241743066438193
"FAM234B",-0.551383399209486,-0.624315243668329
"FAM236A",0.421052644432998,0.764009430812224
"FAM238B",0.532608695652174,0.438132944272275
"FAM238C",0.579051383399209,0.79011191252963
"FAM239A",0.560276679841897,1.43233037086766
"FAM239B",0.155670872061496,-0.0713177001961309
"FAM240C",-0.024703557312253,-0.278298880442573
"FAM241A",-0.206521739130435,-0.638942968898208
"FAM241B",-0.744071146245059,-2.34683087909182
"FAM242F",0.367588932806324,0.670166745031765
"FAM24A",0.278724989976773,-0.0455334766485206
"FAM24B",-0.362648221343874,-0.797255300398606
"FAM27C",0.113636363636364,0.736337170123853
"FAM27E3",0.227272727272727,-0.312658367761853
"FAM30A",0.075098814229249,0.676619837645572
"FAM32A",-0.824110671936759,-2.13386342086087
"FAM3A",0.41403162055336,0.600950805598819
"FAM3B",0.321305031840343,0.325509205276736
"FAM3C",-0.538537549407115,-0.967204009132659
"FAM3D",0.353754940711462,0.347577424344117
"FAM3D-AS1",0.102298001640411,-0.821466144031486
"FAM41AY1",0.292068207582044,0.0995604799874503
"FAM43A",0.341897233201581,1.1878601591564
"FAM43B",-0.0840752142237733,-0.129342615711139
"FAM47A",-0.0237154150197628,-0.238289063041715
"FAM47B",-0.279713376466053,-0.80594857141541
"FAM47C",-0.24604743083004,-1.49998906917925
"FAM47E",0.330857874395759,0.431098930312063
"FAM50A",-0.699604743083004,-2.44920302566625
"FAM50B",-0.676550551911707,-1.30973417871766
"FAM53A",0.680830039525692,1.59557926823421
"FAM53B",0.319485814050339,0.446072606106486
"FAM53B-AS1",0.571146245059289,0.878716177697148
"FAM53C",-0.345849802371542,-0.554057293490096
"FAM66C",-0.458611331025613,-0.508342033479138
"FAM66D",0.0652819310443416,-0.489201242334927
"FAM72C",-0.514949360914535,-0.949826837285123
"FAM76A",0.00396335382621278,-0.244141553285306
"FAM76B",-0.519762845849802,-0.508554730962379
"FAM78A",0.338522372578173,0.771892321638745
"FAM78B",-0.123517786561265,0.148546954442935
"FAM81A",-0.377563638904707,-0.792137474933815
"FAM81B",0.155176678816856,0.0194187487353834
"FAM83A",0.471954548630884,0.738336653848075
"FAM83B",-0.154682485572216,-0.622683595585936
"FAM83C",-0.0242154689873438,-0.257478313213973
"FAM83C-AS1",0.562252964426877,1.53291296387219
"FAM83D",-0.531751931232284,-0.669444218273976
"FAM83E",0.261922419659024,0.0634137156026508
"FAM83F",0.723132479966779,1.36235384149093
"FAM83G",0.25302694125551,-0.0794617931674645
"FAM83H",-0.00148588865746598,-0.0965373716846269
"FAM86B2-DT",-0.392389436243897,-0.792594467694376
"FAM86B3P",0.16456635046501,-0.346476177687638
"FAM86C1P",-0.473320158102767,-1.13274205764389
"FAM87A",0.547613577316928,0.85561790493565
"FAM89A",0.32814431444074,0.888108353886204
"FAM89B",0.515810276679842,1.36885414849076
"FAM8A1",-0.499629370330705,-0.763159680772433
"FAM90A1",-0.342235577899124,-0.64210868559599
"FAM91A1",-0.5,-0.369763420611922
"FAM95A",0.225296442687747,0.291942587623791
"FAM95B1",0.315529333380984,-0.247759582369032
"FAM95C",-0.311264822134387,-0.319130881648043
"FAM98A",-0.625494071146245,-1.87368186255532
"FAM98B",-0.882411067193676,-2.56971312421386
"FAM98C",0.376081059170788,0.937437915954988
"FAM99B",0.472332015810277,0.218817969989918
"FAM9A",-0.00494071146245059,-0.357640720939138
"FAM9B",-0.286561264822134,-1.21436184249047
"FAM9C",0.158636031529334,0.128155281938757
"FAN1",-0.694664031620553,-1.26779297773338
"FANCA",0.171936758893281,-0.361798885764994
"FANCB",-0.236718564182401,-0.596498989859167
"FANCC",0.705213760100807,0.837056535959091
"FANCD2",0.107707509881423,-0.489092525133875
"FANCD2OS",0.122650900749975,0.26503030679185
"FANCE",0.0622529644268775,0.18308802671365
"FANCF",-0.703557312252964,-1.19849220234305
"FANCG",0.0681818181818182,-0.0627577478973759
"FANCI",-0.474308300395257,-0.604873079694813
"FANCL",-0.428853754940711,-0.166891458842841
"FANCM",0.278656126482213,0.269320519435531
"FANK1",-0.68462687553673,-1.24503128194285
"FAP",-0.382505571351104,-1.51501845747271
"FAR1",-0.795454545454546,-1.28815571841595
"FAR2",-0.472332015810277,-0.980187111213467
"FAR2P1",0.399802334913492,0.757144000239218
"FAR2P2",-0.516798418972332,-1.26696977310662
"FARP1",0.217391304347826,0.867564999562275
"FARP2",-0.203557312252964,-0.480106785946642
"FARS2",-0.0859683794466403,-0.178612115741565
"FARS2-AS1",-0.319248836037226,-1.33249373144587
"FARSA",-0.464047456716649,-0.867690393033267
"FARSB",-0.725296442687747,-1.94012227289986
"FAS",-0.242094861660079,-0.5786492566121
"FAS-AS1",-0.135509462925376,-0.709099717765457
"FASLG",0.563241106719368,0.641103034032696
"FASN",0.0859683794466403,0.460513690110836
"FASTK",0.629446640316205,1.34844522647584
"FASTKD1",-0.107707509881423,-0.256018377592516
"FASTKD2",-0.66897233201581,-1.52781398752243
"FASTKD3",-0.672924901185771,-0.892371800574617
"FASTKD5",-0.686758893280632,-1.10590673985225
"FAT1",-0.318181818181818,-0.309335790013499
"FAT2",0.218379446640316,0.241774584832084
"FAT3",0.141304347826087,0.360172751367265
"FAT4",-0.227272727272727,-0.417407003973479
"FATE1",0.605880917928234,0.835938314407051
"FAU",-0.83201581027668,-2.95904596820464
"FAXC",-0.677865612648221,-0.891682476947643
"FAXDC2",0.482213438735178,0.58276417475002
"FBF1",0.75197628458498,1.22624847037432
"FBH1",-0.385375494071146,-2.03250514375424
"FBL",-0.546442687747036,-0.785097232004647
"FBLIM1",0.547430830039526,1.18935613007831
"FBLL1",-0.595849802371542,-1.50721360810893
"FBLN1",-0.138339920948617,-0.275421807680698
"FBLN2",0.307616372042276,0.255633018980049
"FBLN5",-0.204545454545455,-0.708994843391161
"FBLN7",0.195652173913043,0.229024565882399
"FBN1",-0.504940711462451,-1.03669599913524
"FBN1-DT",-0.389424276776059,-1.63018068984471
"FBN2",-0.0207509881422925,-0.609352259827015
"FBN3",0.467506809429127,0.537025081282395
"FBP1",0.257905138339921,-0.161517935284858
"FBP2",-0.130961209829512,-0.707064351826561
"FBRS",0.630434782608696,1.21981656412018
"FBRSL1",0.531620553359684,1.3335500288655
"FBXL12",-0.206726114973748,-0.302385284509751
"FBXL13",0.40227330113669,0.492438845992665
"FBXL14",0.0662218947817156,0.784873444715738
"FBXL15",-0.489130434782609,-0.765102061947467
"FBXL16",0.383399209486166,1.00312325235178
"FBXL17",0.590909090909091,2.29091551638695
"FBXL18",-0.0830244650994644,-0.520091626373963
"FBXL19",0.637982507933339,0.976343495317677
"FBXL19-AS1",0.589920948616601,0.647886454301243
"FBXL2",-0.505928853754941,-0.49644513666597
"FBXL20",-0.557312252964427,-1.10343029839047
"FBXL21P",0.468379446640316,0.205546147666239
"FBXL22",0.632411067193676,0.941557680488145
"FBXL3",-0.221892766843211,0.353279519533992
"FBXL4",-0.329051383399209,-0.275322738480726
"FBXL5",-0.865612648221344,-2.30175874567833
"FBXL6",0.33102766798419,0.170337939735533
"FBXL7",-0.237154150197628,0.0270813367640973
"FBXL8",-0.0593472100403106,-0.534370955181721
"FBXL9P",0.66897233201581,0.998437783762058
"FBXO10",0.540513833992095,0.713821455485249
"FBXO11",0.424901185770751,1.43587909575265
"FBXO15",-0.0671936758893281,0.343758687191071
"FBXO16",-0.120583151692079,-0.461545261335457
"FBXO17",0.0662055335968379,-0.148552774622359
"FBXO2",-0.217391304347826,-0.175431549417248
"FBXO21",-0.66600790513834,-1.33607221337387
"FBXO22",-0.577075098814229,-0.850169847995519
"FBXO24",0.302371541501976,-0.217068439827746
"FBXO25",-0.509019041978859,-0.462909709976479
"FBXO27",0.688735177865613,1.38191288729044
"FBXO28",-0.692687747035573,-0.960765175180374
"FBXO3",-0.620553359683795,-0.502553974671732
"FBXO30",-0.364624505928854,-0.388990807161808
"FBXO31",-0.35829010236376,-0.882405756905835
"FBXO32",-0.489130434782609,-0.93438705262327
"FBXO33",0.0607857690906793,0.560803529433466
"FBXO34",-0.702569169960474,-1.49931229568774
"FBXO36",-0.091897233201581,-0.179299024074071
"FBXO38",-0.5800395256917,-0.919849599844351
"FBXO38-DT",0.468379446640316,0.551460614838366
"FBXO39",0.514822134387352,0.831255821560663
"FBXO4",-0.672597005954589,-0.974388325734192
"FBXO40",0.320474934217677,0.516945133911262
"FBXO41",-0.161067193675889,-0.343791809126261
"FBXO42",0.0622529644268775,0.452156797837421
"FBXO43",0.00988386489279338,-0.270774999440995
"FBXO44",0.232765018225284,-0.1449757111897
"FBXO45",-0.360671936758893,-0.349818695154735
"FBXO46",-0.281690149444611,-1.03124354101307
"FBXO5",0.406528388776127,0.557550637832519
"FBXO6",-0.340909090909091,-0.444159558123112
"FBXO7",-0.789525691699605,-2.38142371628237
"FBXO8",-0.239367080495919,0.104000413363228
"FBXO9",-0.484189723320158,-0.884167624179764
"FBXW10",0.526315805541247,0.623675298760135
"FBXW10B",0.693675889328063,0.881562319703319
"FBXW11",-0.730237154150198,-1.27745622299434
"FBXW12",0.754633084564774,1.78811904478966
"FBXW2",-0.328063241106719,-0.354685741985627
"FBXW4",0.00494071146245059,0.0936870743317783
"FBXW4P1",0.436866828261467,0.558892412051198
"FBXW5",-0.520750988142292,-1.54052401515217
"FBXW7",-0.285573122529644,0.0957785557508277
"FBXW8",-0.312036618067857,-0.963397669407242
"FBXW9",0.372529644268775,0.534930719224168
"FCAMR",0.150074754404064,-0.213634464159481
"FCAR",-0.153199905838297,-0.837069966539077
"FCER1A",0.203557312252964,0.13202502519395
"FCER1G",0.143422424264084,0.268394149659367
"FCER2",0.50296442687747,0.253756834353495
"FCF1",0.343873517786561,0.400826429797049
"FCGBP",0.162055335968379,0.178484924387629
"FCGR1A",0.105731225296443,0.0156607404820609
"FCGR1BP",0.113748819243929,-0.159486551513032
"FCGR2A",-0.00197677297855868,-0.0381224213683213
"FCGR2B",0.609683794466403,0.577433594213194
"FCGR2C",0.518079845236473,0.905000786126824
"FCGR3B",-0.0691699604743083,-0.477427578052522
"FCGRT",0.454657785068495,0.926733344272923
"FCHO1",0.365612648221344,0.378348802484785
"FCHO2",-0.646404763988687,-1.36899986199879
"FCHSD1",0.437747035573123,0.568706082688686
"FCHSD2",0.0266798418972332,0.495547152420806
"FCMR",0.564229249011858,1.19647582691204
"FCN1",0.613254503749876,1.01597464779466
"FCN2",0.300469492740919,0.637809505050693
"FCN3",0.533135770195457,0.645530276825342
"FCRL1",0.300963685985558,0.26460500109413
"FCRL2",0.474308300395257,0.893541945697901
"FCRL3",-0.362737841565517,-1.4681957585223
"FCRL4",0.239683723650239,0.133851525765952
"FCRL5",0.339016565822813,-0.190242481938753
"FCRLA",0.719367588932806,1.4989562782185
"FCRLB",-0.400197628458498,-0.647856106365454
"FCSK",0.141444183929407,-0.0397145122926421
"FDCSP",0.0800791002432854,-0.195046349643888
"FDFT1",-0.527667984189723,-1.08935204666475
"FDPS",-0.690711462450593,-1.70559794104768
"FDX1",-0.625494071146245,-0.932647594407309
"FDX2",-0.412055335968379,-0.793467695729154
"FDXACB1",0.249258282169304,0.0332568148098934
"FDXR",0.27893188718946,0.0115559131553994
"FECH",-0.710474308300395,-1.88827299812678
"FEM1A",-0.200642457323706,-1.16245001853469
"FEM1B",-0.635375494071146,-1.33648154179434
"FEM1C",-0.754940711462451,-1.08045690303691
"FEN1",-0.768774703557312,-1.0638020748522
"FENDRR",0.212997288439697,0.103798969143169
"FER",-0.573264163782016,-0.973098721223712
"FER1L4",0.628613807181659,0.936213121980641
"FER1L5",0.794263494372823,1.78834816316791
"FER1L6-AS1",0.609834463885351,0.75846058611941
"FERD3L",0.377563638904707,0.152416031949445
"FERMT1",-0.099802371541502,-0.148565066550023
"FERMT2",-0.386363636363636,-0.837909839381391
"FERMT3",0.696640316205534,2.08888433956864
"FES",0.561897719155303,1.06555620908455
"FETUB",0.50667331944054,0.0668174430783579
"FEV",0.613636363636364,0.859618799378323
"FEZ1",-0.636363636363636,-1.57433828799817
"FEZ2",-0.674901185770751,-1.50392851901749
"FEZF2",0.277667984189723,0.578247529526935
"FFAR1",0.487262306826716,0.900352767044885
"FFAR2",-0.0607857690906793,-0.793457006898995
"FFAR4",-0.266798418972332,-0.292936307906627
"FGA",0.671936758893281,0.840581115949885
"FGB",-0.08300395256917,-1.02871821934357
"FGD1",-0.160079051383399,-0.886246038746276
"FGD2",0.25098814229249,0.263752212260273
"FGD3",0.294539173805243,0.00787874893216183
"FGD4",0.537549407114625,1.83358998191908
"FGD5",0.0785767258977073,-0.168886350148958
"FGD5-AS1",-0.700592885375494,-0.618027071121209
"FGD6",-0.290513833992095,-0.502751044379797
"FGF1",-0.469367588932806,-0.989933748158819
"FGF10",0.142433304096745,-0.341212605183211
"FGF10-AS1",0.176426988336362,0.26399790270815
"FGF11",0.629446640316205,0.557320908497091
"FGF12",-0.635532512606614,-0.630924177354278
"FGF13",-0.529644268774703,-0.689310604584201
"FGF13-AS1",-0.121661780582637,-0.515128080298795
"FGF14",-0.342885375494071,-0.104147173491318
"FGF14-AS2",-0.220355731225296,-0.171951403547546
"FGF14-IT1",0.286561264822134,-0.0772715731729127
"FGF16",0.50098814229249,1.17904410964178
"FGF17",0.675889328063241,0.977761324200983
"FGF18",0.234189723320158,0.374569746912088
"FGF19",-0.0207715235141087,-0.362426875089416
"FGF2",-0.0790513833992095,-0.561686519683107
"FGF20",-0.300963685985558,-0.690015740151356
"FGF21",0.475908094588001,0.430626164500335
"FGF22",0.177052509953593,0.0738054737586097
"FGF23",0.158889744118916,-0.158788754739825
"FGF3",0.594861660079051,1.00846197599873
"FGF4",0.489130434782609,0.29624751362859
"FGF5",0.199802273802379,-0.164066627815206
"FGF6",0.233201581027668,-0.131287633237329
"FGF7",-0.248269162001966,-0.599119214750699
"FGF7P3",-0.706521739130435,-1.08464660180153
"FGF7P6",0.0870425747257888,0.66585885885022
"FGF8",0.75395256916996,1.28233440515784
"FGF9",-0.171936758893281,-0.299371411362113
"FGFBP1",0.485510843711066,0.538089150216886
"FGFBP2",0.288185897789107,0.271578113085394
"FGFBP3",0.0815418853655454,-0.341226383144804
"FGFR1",-0.140316205533597,-0.525966006087199
"FGFR1OP2",0.224091192885789,0.756380001397349
"FGFR2",-0.493083003952569,-0.801921853156101
"FGFR3",-0.0938735177865613,-0.369406324108295
"FGFR4",0.71608601148288,1.48071808356361
"FGFRL1",0.129478630095593,-0.138855411657802
"FGG",0.233201581027668,0.0831899653416437
"FGGY",-0.675889328063241,-2.39756066268013
"FGL1",0.213985674928977,-0.00100454771900284
"FGL2",-0.12160159666573,-0.23411896021679
"FGR",0.543612569103636,1.09162248556757
"FH",-0.828063241106719,-1.8163335286346
"FHAD1",0.545454545454545,0.234652022551007
"FHAD1-AS1",0.653323469413642,0.951163421582393
"FHDC1",0.306627251874938,0.451204206986887
"FHIP1A",0.32773113247715,0.497895572456041
"FHIP1A-DT",0.606330662578506,1.21685202414166
"FHIP1B",-0.394268774703557,-0.811352032628947
"FHIP2A",-0.297430830039526,-0.647997280500844
"FHIP2B",0.553359683794466,0.691254057116056
"FHIT",-0.468379446640316,-0.600330140582428
"FHL1",-0.723320158102767,-1.78770862234971
"FHL1P1",0.536561264822134,0.726380996716159
"FHL2",-0.739130434782609,-1.84319277704789
"FHL3",0.701581027667984,0.811573608712129
"FHL5",0.0158259226774162,-0.483182406111302
"FHOD1",0.343873517786561,0.537588599386731
"FHOD3",-0.717391304347826,-2.0336453118665
"FIBCD1",0.740118577075099,1.60647435932526
"FIBIN",-0.233201581027668,-0.237903679033129
"FIBP",-0.860671936758893,-2.75478784016868
"FICD",-0.276748216998215,-0.414725869119404
"FIG4",-0.744071146245059,-2.05315333748184
"FIGLA",0.483320993257596,-0.00148461810931888
"FIGN",-0.127470355731225,0.175117328028007
"FIGNL1",-0.710474308300395,-1.77894166352716
"FILIP1",-0.301383399209486,-0.247182528123636
"FILIP1L",0.348814229249012,0.833057404555006
"FILNC1",0.206078583014742,-0.328283631734413
"FIP1L1",0.514822134387352,2.43040918600466
"FIRRE",0.0754726284564852,-0.0890564241939124
"FIRRM",-0.519762845849802,-1.28555323296888
"FIS1",-0.844861660079052,-2.68267920833082
"FITM1",0.603363302076491,0.80178052135338
"FITM2",-0.495059288537549,-0.576893059638676
"FIZ1",0.595155782055035,0.506993444774448
"FJX1",-0.515937747403814,-0.902106995958154
"FKBP10",0.532608695652174,1.14920320129151
"FKBP11",0.454545454545455,0.761332900244276
"FKBP14",0.334568826621056,0.710747361357752
"FKBP15",-0.185770750988142,-0.566667897597918
"FKBP1A",-0.594020280056882,-1.44830220515688
"FKBP1B",-0.304347826086957,-0.574907643431489
"FKBP2",-0.75395256916996,-1.83655660259569
"FKBP3",-0.773715415019763,-1.46056703519782
"FKBP4",-0.0588089961121206,-0.336533582074286
"FKBP5",-0.295454545454545,-0.716383650564783
"FKBP6",0.145292813924063,-0.347036919622964
"FKBP6P2",0.608351884151432,1.10955505650739
"FKBP7",0.115147026001043,0.2958130562868
"FKBP8",0.676877470355731,1.06240685709299
"FKBP9",-0.318181818181818,-0.319394971019756
"FKBPL",-0.410835741487562,-0.278192629533663
"FKRP",-0.454545454545455,-0.994969720416866
"FKSG29",0.0602766798418972,-0.549425155628856
"FKSG49",0.629108000426298,0.674840880371369
"FKTN",-0.531257737987644,-0.760959852727022
"FLACC1",0.588932806324111,1.31105352743494
"FLAD1",-0.149616606939532,-0.186079034190596
"FLCN",-0.16403162055336,-0.581720142195078
"FLG",-0.298986913007,-0.87151119270123
"FLG-AS1",-0.307312252964427,-0.622405671137404
"FLG2",-0.00642451218031569,-0.104087361484571
"FLI1",0.62713122744774,0.366105954930654
"FLII",-0.108695652173913,-0.567076320994712
"FLJ12825",-0.232765018225284,-1.04846735420859
"FLJ13224",0.323122529644269,0.473853994542987
"FLJ16779",0.172516086326584,0.219930323795504
"FLJ20021",-0.0464426877470356,-0.110810191628356
"FLJ20712",0.270927031877964,0.138471565339043
"FLJ25758",0.234189723320158,0.459670563633427
"FLJ30679",0.579688675962332,1.4202223726322
"FLJ32255",0.377470355731225,0.652093516512716
"FLJ33534",0.542490118577075,0.443350659696479
"FLJ37201",-0.258893280632411,-0.647866129585144
"FLJ38576",-0.128984436850954,-0.404815858865911
"FLJ40288",0.713438735177866,1.37763923619826
"FLJ42627",0.66699604743083,1.21820262064955
"FLJ45513",0.0538670636657239,-0.613411310759711
"FLJ46875",0.648875730211885,0.846984111924639
"FLNA",0.177415374825641,-0.150014652600606
"FLNB",-0.285573122529644,-0.806938060092725
"FLNB-AS1",0.653817662658282,1.41988759267418
"FLNC",0.00494071146245059,-0.522548639562106
"FLOT1",-0.574110671936759,-0.570171307418388
"FLOT2",-0.442687747035573,-0.791921885651363
"FLRT1",0.527667984189723,1.92661878641806
"FLRT2",-0.691699604743083,-1.64902551091684
"FLRT2-AS1",-0.0593031893567603,-0.344931931867016
"FLRT3",-0.433794466403162,-0.776607579860857
"FLT1",0.272300477796458,0.632777122689242
"FLT3",0.204545454545455,-0.0181961919204167
"FLT3LG",0.363636363636364,0.642199374857149
"FLT4",0.156280986439484,-0.564145522730168
"FLVCR1",-0.525327419051968,-0.878927297847411
"FLVCR1-DT",0.0592885375494071,0.456477061088061
"FLVCR2",0.534584980237154,0.962354088170025
"FLYWCH1",-0.464426877470356,-0.81868000488209
"FLYWCH2",0.184782608695652,0.365596924960983
"FMC1",-0.706521739130435,-1.28809026930554
"FMN1",0.198616600790514,0.674927396028562
"FMN2",-0.343873517786561,-0.00804200972029153
"FMNL1",0.75296442687747,1.9538165549263
"FMNL2",-0.182806324110672,0.160858224350934
"FMNL3",0.217391304347826,0.0991767165879422
"FMO1",0.130563862088683,-0.143047557345141
"FMO2",0.527667984189723,0.801828298723002
"FMO3",-0.154302746104807,-0.801915006149697
"FMO4",0.542264030659778,0.719263850586994
"FMO5",0.0435212873628944,0.0805087293524281
"FMO6P",-0.0187747035573123,-0.5970341231837
"FMO9P",0.217445027641454,0.101040354393497
"FMOD",0.360761068586958,0.109288444884485
"FMR1",-0.25197628458498,0.325549584359719
"FMR1NB",-0.0642292490118577,-0.650679017644702
"FN1",-0.192687747035573,-0.117576498861428
"FN3K",0.463438735177866,0.39964582223366
"FN3KRP",-0.843873517786561,-1.89547726046485
"FNBP1",-0.263833992094862,-0.287861743988212
"FNBP1L",-0.243083003952569,-0.149331793979277
"FNBP4",-0.797430830039526,-1.89593172538036
"FNDC1",0.173913043478261,0.434860038823037
"FNDC1-AS1",0.25395256916996,0.670914215645869
"FNDC10",0.58399209486166,1.0162589306064
"FNDC11",0.541501976284585,0.977312201210357
"FNDC3A",-0.685770750988142,-1.08018101453534
"FNDC3B",-0.4199604743083,-0.358432898131055
"FNDC4",-0.149209486166008,-0.598236093611495
"FNDC5",-0.370553359683794,-1.15099218217603
"FNDC7",0.577075098814229,1.50153424527362
"FNDC8",0.17903075028827,0.220136787028402
"FNDC9",0.0998270354172131,-0.577055883892888
"FNIP1",0.024703557312253,0.897977487302871
"FNIP2",-0.485177865612648,-0.306414914137268
"FNTA",-0.803359683794466,-2.2802976149952
"FNTB",0.0622529644268775,0.161655415934767
"FOCAD",-0.611660079051383,-1.43287082011091
"FOLH1",-0.574110671936759,-0.88400263472919
"FOLH1B",-0.541501976284585,-1.04654020706904
"FOLR1",0.0928853754940711,0.497200488887398
"FOLR2",0.440711462450593,0.315824598827086
"FOLR3",-0.202080857415374,-0.529430035272355
"FOS",-0.310276679841897,-0.342247597448066
"FOSB",0.0652173913043478,-0.0464884580159151
"FOSL1",0.391304347826087,0.477988427504518
"FOSL2",-0.230788245246725,-0.93362406837511
"FOSL2-AS1",0.409090909090909,-0.0675278171439772
"FOXA1",-0.0929083299922577,-0.805800667713686
"FOXA2",0,-0.13341327156298
"FOXA3",-0.262416612903664,-0.949620889545548
"FOXB1",0.509881422924901,0.461673291537458
"FOXC1",0.244071146245059,0.284559124794378
"FOXC2",0.0355731225296443,-0.472554972379631
"FOXCUT",0.529775158253725,0.996886049677557
"FOXD1",0.469367588932806,0.708842789816334
"FOXD2",0.553223134681092,0.961253751836519
"FOXD2-AS1",0.450592885375494,0.520142027024572
"FOXD3",0.293478260869565,0.0173121178505619
"FOXD3-AS1",0.522727272727273,0.981639190305175
"FOXD4",0.271806284551818,-0.265232563242353
"FOXE1",0.473007889293338,0.623337017410717
"FOXE3",0.215308463227236,-0.0617441221739537
"FOXF1",0.419075871454439,0.963604577645078
"FOXF2",-0.179841897233202,-0.276774984148505
"FOXG1",-0.0988142292490119,0.168143687723012
"FOXH1",0.401779107892051,0.0454777159273283
"FOXI1",0.402173913043478,1.12159460803684
"FOXJ1",0.712132465525763,1.51278333997602
"FOXJ2",-0.368577075098814,-0.46484076610131
"FOXJ3",-0.842885375494071,-2.34027056381839
"FOXK1",-0.466403162055336,-0.825236810231127
"FOXK2",-0.6699604743083,-1.47605733315318
"FOXL1",0.335557213110335,0.285704147376929
"FOXL2",0.0578206096228413,-0.514001223952452
"FOXM1",0.246602429075195,0.217643196854246
"FOXN1",0.554979013730348,0.823720966100044
"FOXN2",-0.526679841897233,-1.0145523174854
"FOXN3",-0.49703557312253,-0.698640608428493
"FOXN3-AS1",0.0667821435752352,-0.28795353723126
"FOXN3-AS2",0.637982507933339,0.696047940861977
"FOXN4",0.53435498372217,1.16844887522796
"FOXO1",0.0316205533596838,0.417699547958901
"FOXO3",-0.399209486166008,-0.0886533114231645
"FOXO3B",0.16501976284585,-0.442771854083737
"FOXO4",0.698616600790514,1.12246345269839
"FOXO6",0.564229249011858,1.62074071756725
"FOXP1",0.282608695652174,1.22812059269276
"FOXP1-AS1",0.475676171456006,0.921331005798129
"FOXP1-IT1",0.712626658770402,1.78044431804881
"FOXP2",0.782307906264596,1.71371790098259
"FOXP3",0.293056594071324,0.1155418744383
"FOXP4",0.460474308300395,0.454129395139266
"FOXP4-AS1",0.376081059170788,0.242234420715151
"FOXQ1",-0.127470355731225,-0.26177511359385
"FOXR1",0.309176590626089,-0.103972263025812
"FOXR2",-0.442687747035573,-1.16796045558536
"FOXRED1",-0.474308300395257,-0.578364644108806
"FOXRED2",0.14875216663654,0.453024325263859
"FOXS1",0.265084204846721,0.22808502150078
"FPGS",0.376174044970001,0.273633779633836
"FPGT",-0.451581027667984,-0.2596107825288
"FPR1",0.46207068373809,0.269502722518848
"FPR2",-0.15966388505297,-0.826429565179381
"FPR3",0.535114010530134,0.492969489050418
"FRA10AC1",-0.770750988142292,-2.3325911986371
"FRAS1",-0.362648221343874,-0.242694591720203
"FRAT1",-0.525691699604743,-0.743544380350259
"FRAT2",-0.158102766798419,-0.0403295528940371
"FREM1",0.0618353181252177,-0.258655369043689
"FREM2",-0.428465543102593,-1.1104841501171
"FREM3",-0.33498023715415,-0.660729025723356
"FREY1",0.608846077396072,1.72515062066489
"FRG1",-0.346429464492408,-0.58319269164372
"FRG1BP",-0.129272313199541,-0.101290981485269
"FRG1CP",-0.381422924901186,-0.572716362113478
"FRG1EP",0.140316205533597,0.116502479519753
"FRG1HP",-0.518774703557312,-1.20182102032108
"FRG1JP",0.533728704210842,1.2152261467483
"FRG2EP",0.410484869445481,0.49943211521191
"FRK",-0.318181818181818,-0.911453901094713
"FRMD1",0.66798418972332,1.118230023944
"FRMD3",-0.207715235141087,-0.381657498954713
"FRMD4A",-0.606719367588933,-0.689115738601256
"FRMD4B",0.0553359683794466,0.446665092300099
"FRMD5",-0.412055335968379,-0.149487777548163
"FRMD6",0.207509881422925,0.558901385271412
"FRMD6-AS1",0.75,1.5563025617545
"FRMD7",-0.386060353642012,-0.820031128365838
"FRMD8",0.144268774703557,0.503390353484963
"FRMD8P1",0.185322466739876,-0.237985956116641
"FRMPD1",0.368577075098814,0.734928759504175
"FRMPD2",0.176877470355731,0.0580373502749076
"FRMPD3",0.393280632411067,0.7366065430183
"FRMPD4",-0.627470355731225,-1.283845326342
"FRRS1",-0.154302746104807,-0.637094281979509
"FRRS1L",-0.569169960474308,-0.562028499628497
"FRS2",-0.463438735177866,-0.665795404108108
"FRS3",0.41501976284585,1.00326279678718
"FRY",-0.310276679841897,-0.0142575059831035
"FRY-AS1",0.536561264822134,0.851870666102918
"FRYL",-0.319169960474308,-0.24010527891381
"FRZB",-0.123517786561265,-0.214997809470602
"FSCB",0.435770750988142,0.752791732127179
"FSCN1",0.0459599717514892,0.244570201440834
"FSCN2",0.390316205533597,0.67278930922024
"FSCN3",0.191184340593957,0.191087264658983
"FSD1",-0.591201258586231,-1.30141203590536
"FSD1L",-0.563241106719368,-0.562927367511429
"FSD2",0.214974061418256,0.568151267548133
"FSHB",0.443291340441783,0.185746044522424
"FSHR",0.0415430470282174,-0.207672386208736
"FSIP1",0.0148588865746598,-0.00454892072941909
"FSIP2",0.16357796397573,-0.631165088876292
"FSIP2-AS2",-0.453557312252964,-1.29470105600739
"FST",-0.0276953646854783,0.14081823832723
"FSTL1",-0.198616600790514,-0.504519622057071
"FSTL3",0.766798418972332,0.97661643444929
"FSTL4",0.369565217391304,0.679564467643856
"FSTL5",-0.436758893280632,-0.489760784958883
"FTCD",0.650197628458498,1.00287474753964
"FTCDNL1",0.546083535326834,1.24772646904361
"FTH1",-0.515810276679842,-1.12950981518751
"FTH1P5",-0.605731225296443,-1.56137392307913
"FTHL17",0.623145705423261,1.11361478131571
"FTL",-0.162055335968379,-0.272851548617861
"FTO",-0.398221343873518,-0.344730875970055
"FTSJ1",-0.403162055335968,-1.13793633531232
"FTSJ3",0.263833992094862,0.849394831048186
"FTX",0.634387351778656,1.14028543756394
"FUBP1",-0.225296442687747,-0.153783106511503
"FUBP3",-0.175889328063241,0.150957023439245
"FUCA1",-0.657114624505929,-1.7045562583658
"FUCA2",-0.66304347826087,-1.56754749986682
"FUNDC1",-0.700592885375494,-1.1946301501029
"FUNDC2",-0.685446030315221,-1.79064557144614
"FUOM",0.531389091120567,0.809842461823921
"FURIN",0.707509881422925,0.911115097643654
"FUS",-0.800395256916996,-1.9551834319791
"FUT1",0.366519202174943,0.716828942169118
"FUT10",-0.559288537549407,-1.22670683349062
"FUT11",-0.523715415019763,-1.0369947734831
"FUT2",-0.190264399186272,-0.962500316075453
"FUT3",0.380434782608696,0.464960626957895
"FUT4",0.137385722009828,0.314599048307814
"FUT5",0.0810276679841897,-0.756720962252288
"FUT6",0.58201581027668,0.437340084859412
"FUT7",0.393280632411067,0.00402483421984516
"FUT8",-0.729429229088151,-1.78830473987216
"FUT8-AS1",0.70126021414369,1.45894912738194
"FUT9",-0.293478260869565,-0.286052052590233
"FUZ",0.308870777899793,0.0408615277816526
"FXN",-0.367588932806324,-0.669216189832312
"FXR1",0.766798418972332,3.20710118057463
"FXR2",0.213438735177866,-0.0236375540796505
"FXYD1",0.00889328063241107,-0.17232777640193
"FXYD2",0.539525691699605,0.966128628803121
"FXYD3",0.625494071146245,0.89123739888973
"FXYD4",0.41759329172052,0.819004134858599
"FXYD5",0.313241106719368,0.35529771701621
"FXYD6",-0.135375494071146,0.199529525045617
"FXYD7",0.0494071146245059,0.124850449553183
"FYB1",0.31157285271163,0.213565410770592
"FYB2",0.680504097868824,0.350295865079945
"FYCO1",0.775691699604743,1.21425289313044
"FYN",0.258893280632411,0.884396337488187
"FYTTD1",-0.732213438735178,-1.65310826124789
"FZD1",-0.0118577075098814,-0.0729628779074685
"FZD10",0.542490118577075,0.575088572111605
"FZD10-AS1",0.0790513833992095,-0.213590030154166
"FZD2",-0.00296736050201553,-0.58527874532881
"FZD3",0.2678527385947,1.49948265681072
"FZD4",0.16304347826087,-0.255393791315125
"FZD4-DT",0.545454545454545,0.826064684034501
"FZD5",0.456521739130435,0.286433579985314
"FZD6",-0.381422924901186,-0.977773435283753
"FZD7",-0.241106719367589,0.143346459253038
"FZD8",0.775691699604743,2.62387057656531
"FZD9",0.59050473990109,1.63510640201255
"FZR1",-0.22386953982177,-1.03052825794431
"G0S2",0.490343256963775,1.0051455947475
"G2E3",0.0869565217391304,0.954995377830608
"G2E3-AS1",0.33102766798419,0.503029444322571
"G3BP1",-0.17889795455956,0.47969616602572
"G3BP2",-0.691699604743083,-0.711598001400729
"G6PC1",0.465083149786853,0.241609628740492
"G6PC2",0.489745505437912,0.831798926930801
"G6PC3",0.478260869565217,0.588341613862977
"G6PD",0.429841897233202,0.728934858096994
"GAA",-0.618200104586568,-1.44882628591211
"GAB1",-0.267358545350061,0.121433038444214
"GAB2",-0.0760869565217391,-0.0944688487161148
"GAB3",0.0612648221343874,0.380111573064671
"GAB4",0.49703557312253,0.681569680399711
"GABARAP",-0.744807486005898,-1.82602131404556
"GABARAPL1",-0.505928853754941,-0.71101494200458
"GABARAPL2",-0.795454545454546,-1.93834137266337
"GABARAPL3",-0.24604743083004,-0.0970608390082059
"GABBR1",-0.865612648221344,-3.73029600561716
"GABBR2",-0.757905138339921,-2.0947397095037
"GABPA",-0.519397100116292,-0.975391182491432
"GABPB1",-0.298418972332016,-1.2809452337413
"GABPB1-AS1",0.275265637264295,1.18312609086111
"GABPB1-IT1",-0.486286152725434,-0.457523225274153
"GABPB2",-0.154150197628458,-0.176222014470377
"GABRA1",-0.257905138339921,0.304476144905257
"GABRA2",-0.627470355731225,-1.0524897827194
"GABRA3",0.394268774703557,1.73372946309837
"GABRA4",-0.399209486166008,-0.181054117100616
"GABRA5",-0.621541501976285,-1.24400407807538
"GABRA6",0.0681818181818182,-0.203999749421337
"GABRB1",0.695652173913043,2.44424401617997
"GABRB2",0.397233201581028,1.59888089081305
"GABRB3",-0.66699604743083,-1.21406154197181
"GABRD",-0.409090909090909,-1.06597466646772
"GABRE",0.389302828256088,0.627137890524363
"GABRG1",-0.214426877470356,-0.412945048674526
"GABRG2",-0.840909090909091,-1.27973057142697
"GABRG3",0.340341590961198,0.361859980360706
"GABRG3-AS1",0.259167594625376,0.743396325323662
"GABRP",0.495059288537549,0.501742122609262
"GABRQ",-0.0306324110671937,0.0791006768020174
"GABRR1",-0.131422924901186,-0.764636978858432
"GABRR2",0.665184107284994,0.972581407210032
"GABRR3",-0.11275969907659,-0.442490359852769
"GAD1",-0.571146245059289,-0.958430381032855
"GAD2",-0.350790513833992,-0.156279341276282
"GADD45A",-0.557312252964427,-0.949588898743549
"GADD45B",-0.058300395256917,-0.29507980657097
"GADD45G",0.377014032718491,0.647585284950827
"GADD45GIP1",-0.794466403162055,-1.19084691249284
"GADL1",-0.245059288537549,-0.858927144271578
"GAGE1",0.142292490118577,-0.0321986711379061
"GAGE12I",0.492832487299726,0.539961554994859
"GAGE2C",0.224091192885789,0.166350860126793
"GAGE4",0.557944173198186,0.499516336592164
"GAGE6",0.861660079051383,1.70452921948411
"GAGE7",0.4199604743083,0.414552852833713
"GAK",0.573122529644269,1.44775995475122
"GAL",-0.239130434782609,-0.316525565412663
"GAL3ST1",0.260869565217391,1.19821216055426
"GAL3ST2",0.624505928853755,0.927320499864372
"GAL3ST3",0.244071146245059,-0.0188999075950274
"GAL3ST4",0.519762845849802,0.546075256396323
"GALC",-0.816205533596838,-2.48611325027941
"GALE",-0.235235984448482,-0.506967195210337
"GALK1",0.360761068586958,0.131474186906971
"GALK2",-0.00592885375494071,0.364937269301288
"GALM",0.591549313833683,1.02079583893822
"GALNS",0.0811078537217578,-0.0183396576373095
"GALNT1",-0.0553359683794466,0.288093564056291
"GALNT10",-0.290513833992095,-0.760951158403664
"GALNT11",-0.503952569169961,-0.528951545679221
"GALNT12",-0.66403162055336,-1.13266374642541
"GALNT13",-0.182806324110672,-0.475601822340359
"GALNT14",-0.25098814229249,-1.0435913087667
"GALNT15",-0.430830039525692,-0.951274127096655
"GALNT16",0.262845849802372,0.227037385116538
"GALNT17",-0.441699604743083,-1.19778574238199
"GALNT18",-0.617588932806324,-1.65316466545787
"GALNT2",-0.569169960474308,-1.12112905499339
"GALNT3",0.794662737380587,1.65100574566221
"GALNT4",0.481701521493854,0.888979579853386
"GALNT5",0.706521739130435,1.12538645370713
"GALNT6",0.0671936758893281,-0.26827692424079
"GALNT7",-0.825098814229249,-1.73613657838909
"GALNT7-DT",0.212977374236791,0.340476555929867
"GALNT8",0.270750988142292,0.489220877389376
"GALNT9",-0.557312252964427,-1.29355782712099
"GALNTL5",-0.212503095195058,-0.0793415487508025
"GALNTL6",0.718379446640316,0.621138165841907
"GALNTL6-AS1",-0.0800395256916996,-0.789306842017812
"GALP",0.341246457731786,0.0582128243710036
"GALR1",0.239130434782609,0.251207321566046
"GALR2",-0.208601112979422,-0.306113177650986
"GALR3",0.598814229249012,0.865616070529327
"GALT",0.0207509881422925,-0.0224403371162364
"GAMT",-0.243637269607357,-0.716078387128609
"GAN",-0.647233201581028,-2.52339573052639
"GANAB",-0.38484516228369,-1.13689500829557
"GANC",-0.105731225296443,0.174534255406183
"GAP43",-0.338932806324111,-0.0392404832717247
"GAPDH",-0.727272727272727,-1.91151455012865
"GAPDHS",0.49802371541502,0.0476321166570682
"GAPLINC",0.0988386489279338,-0.467363119918681
"GAPT",-0.123054117915278,-0.871636429080321
"GAPVD1",-0.756916996047431,-1.12484231946015
"GAR1",-0.476284584980237,-0.527074132664488
"GAREM1",0.649209486166008,2.8179830983802
"GAREM2",0.137385722009828,-0.0640479445060552
"GARIN1A",0.199604743083004,-0.320847158394116
"GARIN1B",0.33300395256917,0.38900943534349
"GARIN2",0.719367588932806,1.41960982348917
"GARIN3",0.368173967256553,0.191356870780213
"GARIN4",0.739807287225584,1.60813824833703
"GARIN5A",-0.0612799623353189,-0.225020841162682
"GARIN5B",0.355324942895922,0.248050718316879
"GARIN6",0.16897233201581,0.128878983204019
"GARNL3",-0.336300856895093,-0.594615777707092
"GARRE1",-0.529644268774703,-0.954147618138184
"GARS1",-0.755928853754941,-1.58683486829478
"GARS1-DT",-0.126482213438735,-0.58980558926041
"GART",-0.0543478260869565,0.146532865783815
"GAS1",-0.119565217391304,0.0155924124435845
"GAS1RR",0.726958262864953,0.987912123647124
"GAS2",-0.454995276975714,-0.84580538917519
"GAS2L1",0.840909090909091,2.55826377245999
"GAS2L2",0.714426877470356,1.43435918175505
"GAS2L3",-0.0770750988142292,-0.146398273033065
"GAS5",-0.708178919568645,-1.55682061618832
"GAS5-AS1",0.559288537549407,0.967471029947879
"GAS6",0.313241106719368,0.314726920068886
"GAS6-AS1",0.143810234190144,0.0809877997057244
"GAS7",0.566205533596838,2.08177371125721
"GAS8",0.0706696339834726,-0.24336305368452
"GAS8-AS1",0.603754940711463,1.19634107155621
"GASK1A",-0.495675824373588,-1.73864195341787
"GASK1B",-0.016798418972332,0.20332106463616
"GAST",0.376854783755972,0.597153570037285
"GATA1",0.676877470355731,1.25556995255506
"GATA2",0.760069210255811,1.06710944373716
"GATA2-AS1",0.407114624505929,0.684832849962136
"GATA3",0.49703557312253,0.488247996725094
"GATA3-AS1",0.571571836905248,0.62801432119421
"GATA4",0.555473206974988,1.12637712656472
"GATA5",0.537092250864811,0.29066239736606
"GATA6",0.465415019762846,0.295725739982753
"GATA6-AS1",0.732888581800629,1.0250311043155
"GATAD1",-0.674901185770751,-1.3663589316633
"GATAD2A",0.136891528765188,0.0840688435010587
"GATAD2B",0.49901185770751,1.01830452317389
"GATB",-0.883399209486166,-1.93673822351967
"GATC",-0.347826086956522,-0.38637197554508
"GATD1",0.423029417411556,0.318163889505849
"GATD1-DT",0.370644933479752,0.444981607908031
"GATD3",-0.716403162055336,-3.2537746742908
"GATM",-0.4199604743083,-0.374515587292371
"GAU1",0.696881780351546,0.99233112265843
"GBA1",-0.621200908512064,-1.65857679386365
"GBA1LP",-0.605386724683594,-2.19185531557438
"GBA2",-0.535573122529644,-0.720502528089493
"GBA3",0.11275969907659,0.00557943754337346
"GBE1",-0.738142292490119,-1.69391736866856
"GBF1",-0.114624505928854,-0.479144052958401
"GBGT1",0.563874492133862,0.880419445567596
"GBP1",0.474308300395257,1.16873589462246
"GBP1P1",0.638339920948617,0.532907889203865
"GBP2",0.337533986088894,0.740925015910811
"GBP3",-0.08944897727978,0.145864400987637
"GBP4",-0.0652173913043478,-0.623249845801242
"GBP5",-0.212555636448227,-0.145709157499302
"GBP6",0.31282432385691,0.551639114896138
"GBX1",0.484189723320158,0.230016396156899
"GBX2",0.177865612648221,0.615173989710187
"GC",0.337533986088894,0.397935053811065
"GCA",-0.49703557312253,-0.741604633339502
"GCAT",-0.675889328063241,-2.03558500088996
"GCAWKR",0.472448741875523,0.880519572069038
"GCC1",-0.645256916996047,-1.08546678124719
"GCC2",-0.837944664031621,-1.26215324479061
"GCC2-AS1",0.392680706433388,0.342032487361501
"GCDH",-0.143422424264084,-0.0345218583571852
"GCFC2",0.472332015810277,0.610448683174486
"GCG",-0.0439831987729305,-0.531051104458285
"GCGR",0.643280632411067,1.11248300033508
"GCH1",-0.274703557312253,-0.170916543528168
"GCHFR",-0.5,-0.935315490543001
"GCK",0.39169158626605,1.01192857579998
"GCKR",0.257044025472274,-0.00431949700229635
"GCLC",-0.852766798418972,-1.71196620681357
"GCLM",-0.382789504760003,-0.501198564855734
"GCM1",0.567193675889328,0.794989746075018
"GCM2",-0.375586865926148,-0.554773927833033
"GCN1",-0.287549407114625,-0.555856425248635
"GCNA",0.148221343873518,0.691159230133125
"GCNT1",0.0128458498023715,0.268198109322361
"GCNT2",-0.409090909090909,-0.492443284273045
"GCNT3",0.00889328063241107,-0.223815671300505
"GCNT4",0.192735365409471,0.0289166651243212
"GCNT7",0.83596837944664,2.42084285358013
"GCSAM",0.600790513833992,0.581700970737456
"GCSAML",0.244625656096636,0.116044558070508
"GCSAML-AS1",-0.59747963276936,-2.45700525819976
"GCSH",-0.50296442687747,-0.767830064419397
"GCSIR",0.405732653849168,0.416598735465449
"GDA",0.0553496433996429,0.493470133086696
"GDAP1",-0.738324707491665,-1.20823651392082
"GDAP1L1",-0.704253559145019,-1.83742828654095
"GDAP2",0.24604743083004,0.938042133749169
"GDE1",-0.633399209486166,-1.43590694243716
"GDF1",0.392292490118577,0.444840915534228
"GDF10",0.0182851500516677,0.192558279456414
"GDF11",0.708498023715415,2.30928597507958
"GDF15",0.580613538227705,1.11695991064427
"GDF2",0.442687747035573,0.367774308202749
"GDF3",0.732213438735178,1.70682565761154
"GDF5",0.402571908106773,0.177054473137086
"GDF7",0.0543612569103636,-0.328876489930254
"GDF9",0.17840376131492,0.0846394939309364
"GDI1",0.146245059288538,0.49344855954757
"GDI2",-0.799407114624506,-1.86902403152471
"GDNF",-0.0495296219155328,-0.41479700129853
"GDPD1",-0.484189723320158,-0.288513367836682
"GDPD2",0.325098814229249,0.209227825419433
"GDPD3",0.410105269460612,0.71658157651004
"GDPD5",0.266864352105421,0.0423789702611597
"GDPGP1",0.484189723320158,0.750076883284175
"GEM",-0.0622529644268775,0.406521429196685
"GEMIN2",-0.524703557312253,-1.65459433396147
"GEMIN4",-0.339920948616601,-0.0100769323268087
"GEMIN5",-0.707509881422925,-1.72373355274876
"GEMIN6",0.216403162055336,0.299671720853147
"GEMIN7",-0.797430830039526,-1.95829967405324
"GEMIN8",-0.658102766798419,-0.935324146316609
"GEN1",-0.135408949031269,-0.401000651588689
"GET1",-0.673913043478261,-0.581886327494181
"GET3",-0.507905138339921,-0.706064302978948
"GET4",-0.621541501976285,-1.45923323558441
"GFAP",0.00592885375494071,-0.128287487186901
"GFER",0.708178919568645,0.946378157677674
"GFI1",0.318181818181818,0.624700770206237
"GFI1B",0.657114624505929,1.17414645688187
"GFM1",-0.7962417347075,-1.30991940130255
"GFM2",-0.626482213438735,-1.38387617992371
"GFOD1",-0.113636363636364,-0.416160694769866
"GFOD2",-0.425889328063241,-0.636224488972095
"GFOD3P",0.457128751291694,1.23356422270611
"GFPT1",-0.602766798418972,-0.87465447525698
"GFPT2",0.120553359683794,0.414960398461477
"GFRA1",-0.109683794466403,0.0565986468720621
"GFRA2",0.0509019041978859,0.081638648545336
"GFRA3",0.286994600314793,0.0732229612250909
"GFRA4",0.698616600790514,1.45933387623272
"GFUS",-0.388339920948617,-0.897580370546065
"GGA1",0.511857707509881,0.778217306710258
"GGA2",-0.341897233201581,-0.641435868831167
"GGA3",0.662055335968379,7.26758256506618
"GGACT",-0.016798418972332,-0.0229003619538693
"GGCT",-0.818181818181818,-2.04412987088243
"GGCX",0.189770205941633,-0.487963261198267
"GGH",-0.481225296442688,-0.526740931707075
"GGN",0.416604905231241,0.423385131945749
"GGNBP2",-0.881422924901186,-2.59132412245659
"GGPS1",-0.6699604743083,-1.11810593801859
"GGT1",0.824110671936759,1.41664334941463
"GGT5",0.374505928853755,-0.0337392907661072
"GGT6",0.33102766798419,-0.0722121975577255
"GGT7",-0.0909090909090909,-0.706828872283971
"GGTA1",-0.201581027667984,-0.561230069188452
"GGTLC1",0.524339032562689,0.790664168407639
"GH1",0.488625362665224,0.847605242431242
"GH2",0.461462450592885,0.208966647858299
"GHDC",0.154150197628458,-0.121632022990466
"GHET1",0.404150197628458,0.498907100137087
"GHITM",-0.811264822134387,-1.74224185467097
"GHR",0.0928853754940711,0.301549474488491
"GHRH",0.278656126482213,0.174958361819291
"GHRHR",0.702569169960474,1.84697406059423
"GHRL",-0.262416612903664,-1.0433631540608
"GHRLOS",0.632411067193676,1.92708534545118
"GHSR",0.265810276679842,1.20216623039723
"GID4",0.050395256916996,0.907761578557086
"GID8",-0.642292490118577,-1.5667316056475
"GIGYF1",0.657277015370759,0.699524846730303
"GIGYF2",-0.783296292753875,-1.50208928034987
"GIHCG",-0.729249011857708,-1.20047302829547
"GIMAP1",-0.195206331632669,-0.0228343640109162
"GIMAP2",-0.156126482213439,-0.456606846281754
"GIMAP4",-0.0256980487212628,0.196379162566183
"GIMAP5",0.542490118577075,0.889850592629482
"GIMAP6",0.0484189723320158,-0.110451360946348
"GIMAP7",0.123517786561265,0.200191454569767
"GIMAP8",-0.265810276679842,0.180468949824966
"GIN1",-0.474308300395257,-1.27361864434647
"GINM1",-0.180874727538119,-0.345774918725245
"GINS1",-0.602766798418972,-0.782198514432814
"GINS2",0.246290921667289,-0.136415070893543
"GINS3",0.56379849538295,1.04936778964156
"GINS4",0.540153216391158,1.35686740978525
"GIP",-0.0671936758893281,-0.740153244270064
"GIPC1",0.675889328063241,1.19053890607265
"GIPC2",-0.26399288480979,-0.919261136034347
"GIPC3",-0.174944408602443,-1.15294411520228
"GIPR",0.337944664031621,0.536017605767025
"GIRGL",0.233753404714563,-0.0915830474017637
"GIT1",0.66304347826087,0.827101602183244
"GIT2",-0.672924901185771,-1.7289891326104
"GJA1",-0.0138339920948617,0.125310294209376
"GJA10",0.423029417411556,0.81237334866099
"GJA3",0.325098814229249,0.665680096704189
"GJA4",0.284655308912449,0.113202228528327
"GJA5",0.634049932872695,1.05300115067945
"GJA8",0.662055335968379,1.31640339159113
"GJA9",0.429841897233202,0.375169733677346
"GJB1",-0.225846312800329,-0.780499024271562
"GJB2",-0.075098814229249,-0.706886688900603
"GJB3",0.316283676569388,0.220360624857848
"GJB4",0.638991865319092,1.16899584740186
"GJB5",-0.120553359683794,-0.362740748532164
"GJB6",-0.25395256916996,-0.502265815971536
"GJC1",0.154150197628458,0.356121012869733
"GJC2",0.268774703557312,-0.0763814252226886
"GJD2",0.604398338194315,0.63001933785653
"GJD3",0.6699604743083,1.09395366112326
"GJD4",0.495059288537549,1.1041976438676
"GK",-0.621167465088584,-1.62266695159082
"GK2",0.525509288523803,0.708563616725428
"GK3",-0.400296528158132,-1.00205324493354
"GK5",-0.0914257502583387,-0.0363179115055136
"GKAP1",-0.0118577075098814,0.13498677806222
"GKN1",0.544466403162055,0.534011090490603
"GKN2",0.525327419051968,1.31597362002811
"GLA",-0.214479868173616,-0.0866594475044793
"GLB1",-0.512845849802371,-0.312255021077352
"GLB1L",-0.0523715415019763,-0.658538570325801
"GLB1L2",0.398221343873518,0.715185462273508
"GLB1L3",0.256916996047431,0.820272367560017
"GLCCI1",-0.266798418972332,-0.0521130303086197
"GLCE",-0.902173913043478,-1.78230532363206
"GLDC",-0.0914257502583387,-0.246749436907694
"GLDN",-0.545454545454545,-1.03180084524548
"GLE1",-0.526679841897233,-1.18383322777067
"GLG1",0.731225296442688,5.54780823874899
"GLI1",0.184965471292301,0.024955216045668
"GLI2",0.510501621712778,0.356521508398064
"GLI3",0.471343873517787,0.566958546517932
"GLI4",0.116600790513834,0.367755090129761
"GLIDR",-0.0158141838284694,-0.214025448984639
"GLIPR1",-0.378458498023715,-0.063171899440876
"GLIPR1L1",0.525821612296608,0.893505771193677
"GLIPR2",-0.0909090909090909,-0.286082628042879
"GLIS1",0.839920948616601,2.44193920583229
"GLIS2",0.0484189723320158,0.0145093153998698
"GLIS3",-0.0405138339920949,0.0953064557505065
"GLIS3-AS1",0.646245059288537,0.599520335511843
"GLMN",-0.492094861660079,-0.837755240376887
"GLMP",-0.555335968379447,-1.10597672703345
"GLO1",-0.777667984189723,-2.56969338905595
"GLOD4",-0.859683794466403,-2.5840931371996
"GLOD5",0.61230543010855,1.42454367476377
"GLP1R",0.618577075098814,0.719466192083273
"GLP2R",0.0148221343873518,-0.391299895601466
"GLRA1",0.454540089035276,0.196133652936683
"GLRA2",0.66600790513834,0.900041784830727
"GLRA3",0.0844101765631743,-0.167032088870065
"GLRB",-0.199604743083004,0.0953674916581912
"GLRX",-0.531620553359684,-1.40543951779133
"GLRX2",-0.455533596837945,-0.485189853461059
"GLRX3",-0.397233201581028,-0.805244418842862
"GLRX5",-0.66798418972332,-1.22886243198108
"GLS",-0.741106719367589,-1.72765402058029
"GLS2",-0.806324110671937,-2.70396442208064
"GLT1D1",-0.604743083003953,-1.22315397813393
"GLT8D1",-0.867588932806324,-2.16119389485369
"GLT8D2",0.052423368868941,-0.523103290360238
"GLTP",-0.0286561264822134,-0.155858335445279
"GLTPD2",0.368668160501193,0.769018296561046
"GLUD1",-0.795454545454546,-3.52875245353213
"GLUD2",-0.261857707509881,-0.197882198854145
"GLUL",-0.0494071146245059,0.14012729175855
"GLYAT",0.250061781787672,0.202675600900092
"GLYATL1",-0.0985639476119103,-0.602741426822595
"GLYATL2",0.316518453548323,0.151940479628607
"GLYCTK",0.131422924901186,-0.473131172373451
"GLYCTK-AS1",0.0726464069620313,-0.333026813294264
"GLYR1",-0.468379446640316,-0.30896528148268
"GM2A",-0.268774703557312,-0.473323408601858
"GMCL1",-0.568744096219643,-1.10924642652558
"GMCL2",-0.479367447300479,-0.899389455367952
"GMDS",-0.0449715852622099,0.0401465623601345
"GMDS-DT",0.041501976284585,0.320284379170537
"GMEB1",-0.0523715415019763,-0.0377582257404621
"GMEB2",0.600790513833992,0.741112312216579
"GMFB",-0.736166007905138,-1.90231036148179
"GMFG",-0.225296442687747,-0.568401284551256
"GMIP",0.649209486166008,1.5569794903825
"GML",0.667655073508193,0.974202182406704
"GMNC",0.474425514854082,0.00795166477337164
"GMNN",-0.485177865612648,-0.685678238083751
"GMPPA",-0.150197628458498,-0.359081674697322
"GMPPB",0.181998110790286,-0.036088774841533
"GMPR",-0.239367080495919,-0.602898752401697
"GMPR2",-0.846837944664032,-1.99000581545011
"GMPS",-0.614624505928854,-1.79023542972889
"GNA11",0.731225296442688,2.10519201657042
"GNA12",-0.190758592430912,-0.514761795760947
"GNA13",-0.385375494071146,-0.637048110415809
"GNA14",0.271739130434783,0.543755016634
"GNA14-AS1",0.662211045010674,1.72094690538374
"GNA15",0.0538670636657239,-0.0653644341206345
"GNAI1",-0.0662218947817156,0.394042508797687
"GNAI2",0.597973826013999,0.865655280863438
"GNAI3",-0.656126482213439,-0.901413883488294
"GNAL",-0.41600790513834,-0.612187060600519
"GNAO1",0.58166544894089,1.38637793336834
"GNAO1-AS1",0.352359783428084,-0.0613988549249332
"GNAO1-DT",0.160612804507892,-0.356599258809676
"GNAQ",-0.727272727272727,-1.38163219569676
"GNAS",-0.704545454545454,-1.53815659165099
"GNAS-AS1",0.145256916996047,-0.139477329389854
"GNAT1",-0.00889547840351404,-0.612525778768323
"GNAT2",0.310583732544292,-0.129907489889264
"GNAT3",0.172473442379244,0.0453027553982812
"GNAZ",-0.599802371541502,-1.25804969654943
"GNB1",-0.582963649945821,-1.02678281288933
"GNB1L",0.295454545454545,0.700177423060474
"GNB2",-0.640316205533597,-2.37106722040994
"GNB3",0.619718328778145,1.47920020699489
"GNB4",-0.174944408602443,0.228404370191672
"GNB5",-0.158102766798419,-0.14995760335192
"GNE",-0.295454545454545,-0.21456249816911
"GNG11",-0.144798620679423,-0.173613857644016
"GNG12",-0.0177909568070281,-0.0481127144867147
"GNG13",0.647393150477966,1.29099695905172
"GNG2",-0.603754940711463,-1.03053948621635
"GNG3",-0.74901185770751,-2.20458810445647
"GNG4",-0.344946884758489,-0.79460727048829
"GNG5",-0.0266798418972332,0.233437368324442
"GNG7",0.399209486166008,0.858440331019411
"GNG8",0.204545454545455,-0.143950377804973
"GNGT1",-0.00296442687747036,-0.190346263602607
"GNGT2",0.63717259391108,0.900114735017878
"GNL1",-0.858695652173913,-2.2347309613696
"GNL2",-0.631422924901186,-1.02574577988981
"GNL3",-0.715415019762846,-1.44592010867486
"GNL3L",0.505559689266381,0.370846599998631
"GNL3LP1",0.517914520382373,1.38305753896229
"GNLY",0.266864352105421,0.250680050199341
"GNMT",0.139328063241107,0.325157993651801
"GNPAT",-0.66304347826087,-1.70159332252912
"GNPDA1",-0.789525691699605,-2.44074016597759
"GNPDA2",-0.707509881422925,-1.38108574831982
"GNPNAT1",-0.75197628458498,-1.90281249798203
"GNPTAB",0.190711462450593,0.488373122157166
"GNPTG",-0.728260869565217,-1.60573086161345
"GNRH1",0.141304347826087,0.336429027637562
"GNRH2",0.394268774703557,0.678729126300139
"GNRHR",0.109955760652483,-0.0198946768349379
"GNRHR2",0.479861640545118,0.715675868996564
"GNS",-0.148221343873518,-0.138082743911006
"GOLGA1",0.271806284551818,0.177968337717935
"GOLGA2",0.401185770750988,0.424469149012684
"GOLGA2P10",0.549407114624506,0.56830342863319
"GOLGA2P2Y",0.36885053407678,0.0481502192801362
"GOLGA2P5",-0.225352119555689,-0.705341902617311
"GOLGA3",-0.739130434782609,-2.0273770958402
"GOLGA4",-0.567193675889328,-0.531061897275901
"GOLGA4-AS1",0.393280632411067,0.266883287753703
"GOLGA5",-0.689723320158103,-1.45029930413912
"GOLGA6B",0.324110671936759,0.751704390129274
"GOLGA6L2",0.673913043478261,0.68875879478402
"GOLGA6L5P",-0.16403162055336,0.0455140542092991
"GOLGA6L6",0.660079051383399,1.35972959991782
"GOLGA7",-0.852766798418972,-1.84243030038157
"GOLGA7B",-0.531751931232284,-2.07310413633911
"GOLGA8A",-0.58399209486166,-1.54379273541205
"GOLGA8G",-0.295600629293115,-0.641931440756508
"GOLGA8IP",0.462450592885375,0.0235866573296735
"GOLGA8N",-0.335557213110335,-0.628337208893744
"GOLGB1",-0.75098814229249,-1.54800158340632
"GOLIM4",-0.364624505928854,-0.719403631664136
"GOLM1",-0.755928853754941,-0.956220570084148
"GOLM2",0.0385375494071146,0.471100562278398
"GOLPH3",-0.73091180882207,-0.964916224112453
"GOLPH3L",-0.387351778656126,-0.452260342625546
"GOLT1A",-0.146317368345756,-0.336500523597366
"GOLT1B",-0.720355731225296,-1.50448400091462
"GON4L",-0.673913043478261,-1.90191903295024
"GON7",-0.574110671936759,-0.894826922929991
"GOPC",-0.701581027667984,-1.17217086354238
"GORAB",-0.448616600790514,-0.976568659750115
"GORASP1",-0.66699604743083,-1.66899853717383
"GORASP2",-0.469367588932806,-0.330890138752576
"GOSR1",-0.206521739130435,-0.248553589886263
"GOSR2",0.699283441165131,1.38513903992519
"GOT1",-0.797627896848425,-2.1025967034278
"GOT1L1",0.353115899739848,0.0300795707037354
"GOT2",-0.728260869565217,-1.53414996745327
"GP1BA",0.5,0.842213204136795
"GP1BB",0.099802371541502,-0.0385874212618409
"GP2",0.52186806633949,0.675033793534704
"GP5",0.256209712391752,0.439868008071753
"GP6",0.706231799479696,0.971035399568133
"GP9",0.511857707509881,0.410635487694296
"GPA33",0.0954737311853362,0.109704532496019
"GPAA1",-0.137879915254468,-0.401758031941101
"GPALPP1",-0.438735177865613,-0.316080079419148
"GPAM",-0.33695652173913,-0.425837607898512
"GPANK1",-0.00395354595711735,0.233833421053159
"GPAT2",-0.0899209486166008,-0.350381639081008
"GPAT3",-0.0247096622319834,-0.0705221269655983
"GPAT4",-0.692687747035573,-1.635266904578
"GPATCH1",-0.269762845849802,-0.370654340790314
"GPATCH11",-0.567193675889328,-0.832982866453142
"GPATCH2",0.294466403162055,0.515670002324925
"GPATCH2L",-0.647233201581028,-1.34183681468441
"GPATCH3",-0.360671936758893,-0.829658831303631
"GPATCH4",-0.708673112813285,-1.20415052728539
"GPATCH8",0.4199604743083,0.862205502350029
"GPBAR1",0.728260869565217,1.65978124920047
"GPBP1",-0.83201581027668,-2.61626609521522
"GPBP1L1",-0.615612648221344,-1.44038031371383
"GPC1",0.117588932806324,-0.482535441037103
"GPC1-AS1",0.347826086956522,1.13765931662417
"GPC2",0.289525691699605,0.0853558749197382
"GPC3",0.450049676139022,0.492585429608856
"GPC4",-0.128458498023715,0.129378819001479
"GPC5",-0.386363636363636,-0.800599155988578
"GPC6",-0.292779569532199,-0.604949457500388
"GPCPD1",-0.691699604743083,-1.62802666101968
"GPD1",-0.228317279023527,-0.760628980639042
"GPD1L",-0.734189723320158,-0.843831097761501
"GPD2",-0.598814229249012,-1.0664299196223
"GPER1",0.180830039525692,0.48280687291975
"GPHA2",0.276679841897233,0.0917767332761941
"GPHB5",0.649209486166008,1.29967244591998
"GPHN",-0.75098814229249,-1.71476276744761
"GPI",-0.83300395256917,-2.19239275474868
"GPIHBP1",0.113664446267124,0.166600649092662
"GPKOW",-0.547430830039526,-0.804457955513982
"GPLD1",-0.534584980237154,-0.839066865121481
"GPM6A",-0.201581027667984,-0.209472389157839
"GPM6A-DT",-0.107239934086808,-0.180473996884388
"GPM6B",-0.41304347826087,-0.445241038435504
"GPN1",-0.655138339920949,-1.24287910398768
"GPN2",-0.120553359683794,0.171018498700308
"GPN3",-0.437747035573123,-1.02615592118923
"GPNMB",-0.299407114624506,-0.363556586297117
"GPR101",0.153162055335968,0.189375811975444
"GPR107",-0.721343873517787,-1.79045567198306
"GPR108",0.240118577075099,0.324375273000616
"GPR12",0.227272727272727,0.361240436806413
"GPR132",0.382411067193676,-0.218731262697935
"GPR135",0.590066734099765,1.30187183376429
"GPR137",0.762845849802372,1.12304122712785
"GPR137B",-0.353754940711462,-0.433785059851302
"GPR137C",-0.261175016895469,-0.594031886938196
"GPR141",-0.0523715415019763,-0.246973207613661
"GPR143",0.0652173913043478,-0.530546442994988
"GPR146",0.378458498023715,0.466050744323311
"GPR149",0.146389784766099,0.381166205793748
"GPR15",0.49901185770751,0.483163721576502
"GPR150",0.593526086812242,0.687116187660659
"GPR153",0.383399209486166,0.404435264503553
"GPR155",-0.376482213438735,-0.792969434254152
"GPR156",0.421052644432998,0.173114573667517
"GPR157",0.0573122529644269,0.365851034626934
"GPR158",-0.757905138339921,-1.34977379645743
"GPR15LG",0.769762845849802,1.79117016678634
"GPR160",-0.562809375215612,-0.885641382113967
"GPR161",0.411067193675889,1.159099787827
"GPR162",-0.0118577075098814,-0.585529308394784
"GPR17",0.24802371541502,0.17170288803598
"GPR171",0.145256916996047,-0.0364082652414941
"GPR173",-0.0237154150197628,-0.755059184692801
"GPR174",0.124536697649197,-0.379934838653381
"GPR176",-0.142821847700864,-0.32211843286996
"GPR176-DT",0.214426877470356,0.0655690334893035
"GPR18",0.325673348217542,0.390505290122298
"GPR180",-0.357707509881423,-0.162168756389347
"GPR182",0.533234510966203,0.964404079160141
"GPR183",0.206078583014742,0.644518168151805
"GPR19",-0.216403162055336,-0.054496798912245
"GPR199P",-0.329214078777951,-1.34488739198169
"GPR20",0.606869304417513,1.19684510102256
"GPR21",-0.509881422924901,-0.800996292616772
"GPR22",0.0227272727272727,0.458306020881897
"GPR25",0.487154150197628,0.330292484648542
"GPR26",0.220355731225296,0.704195096965078
"GPR27",-0.129446640316206,0.757300783554526
"GPR3",0.58498023715415,1.29773615016875
"GPR31",0.24703557312253,0.186660040066992
"GPR32",0.275691699604743,0.225693713408085
"GPR34",-0.212450592885376,-0.525538477504794
"GPR35",0.508524848734219,0.239885325157761
"GPR37",0.452569169960474,1.29584709245832
"GPR37L1",0.313241106719368,0.862390466785972
"GPR39",-0.282608695652174,-0.916320118025461
"GPR4",0.648221343873518,1.0892021251935
"GPR42",0.258957260191186,-0.314672786296478
"GPR45",0.471927147931662,0.408807319082891
"GPR50",0.286561264822134,0.225303583605045
"GPR52",0.797430830039526,1.43686315326241
"GPR55",-0.141339267966945,-0.731885007637163
"GPR6",0.502594529798543,0.71914761967058
"GPR61",-0.111770578909252,-0.959570571450082
"GPR62",0.0928853754940711,0.503575853019029
"GPR63",0.0395256916996047,-0.126032630633947
"GPR65",-0.129574741921345,-0.739672468336293
"GPR68",-0.24802371541502,-0.372526850850945
"GPR75",0.129478630095593,0.418281664748866
"GPR78",0.563241106719368,0.816620230108526
"GPR82",0.443291340441783,0.378697054260317
"GPR83",-0.185770750988142,-0.599657449254797
"GPR84",0.0602915758460396,-0.313366404579426
"GPR85",-0.441699604743083,-0.574901052286342
"GPR87",0.0899209486166008,-0.390495472930119
"GPR88",0.033596837944664,0.43404892280301
"GPR89A",-0.819169960474308,-2.61882589294451
"GPR89B",-0.787549407114625,-2.78503558952916
"GPRASP1",-0.821146245059289,-1.82970253297496
"GPRASP2",-0.733201581027668,-1.49578367226855
"GPRASP3",-0.693675889328063,-1.0893040137829
"GPRC5A",0.474777680322484,0.0995654391193728
"GPRC5B",-0.221343873517787,-0.243280408369991
"GPRC5C",0.216950834396815,0.208936948491436
"GPRC5D",0.32814431444074,1.06181947872822
"GPRC5D-AS1",0.181818181818182,-0.0911245212534877
"GPRC6A",0.604743083003953,1.06684794573052
"GPRIN1",-0.175889328063241,-0.217888124354637
"GPRIN2",0.629446640316205,0.952996218953877
"GPRIN3",0.403755880870609,1.20852917702269
"GPS1",-0.684457643825941,-1.64324552414272
"GPS2",0.00889328063241107,0.542000051201279
"GPSM1",0.484189723320158,0.933009255071834
"GPSM2",-0.494071146245059,-0.900254329843816
"GPSM3",0.557863774378919,0.651408240437035
"GPT",-0.225352119555689,-0.613072281546999
"GPT2",-0.22337534657713,-0.659754342309507
"GPX1",-0.598814229249012,-1.12238004365809
"GPX2",0.768774703557312,1.57397587008966
"GPX3",-0.338932806324111,-0.740383581982154
"GPX4",-0.764822134387352,-1.80581963142305
"GPX5",-0.0929772957298199,-0.56956720682186
"GPX7",-0.236166007905138,-0.411359413319505
"GPX8",0.184745489744937,-0.15172819079237
"GRAMD1A",0.374505928853755,0.697560668150324
"GRAMD1B",-0.197628458498024,-0.581023019238439
"GRAMD1C",0.0148221343873518,0.324056860455044
"GRAMD2A",-0.050395256916996,0.356744240349561
"GRAMD2B",-0.337039792844254,-0.454839111896678
"GRAMD4",-0.0261922419659024,-0.265608706061095
"GRAP",-0.0810276679841897,-0.512945157034345
"GRAP2",0.693373237304295,1.52055787809096
"GRAPL",0.158102766798419,0.0305572054296997
"GRAPL-AS1",0.203557312252964,-0.244087678725504
"GRASLND",0.360671936758893,1.1654195711747
"GRB10",-0.765810276679842,-1.35613032538606
"GRB14",0.058300395256917,0.297822025601932
"GRB2",-0.407114624505929,-0.23792958720712
"GRB7",0.66600790513834,0.849740913184846
"GREB1",0.556324110671937,1.86736771826135
"GREB1L",0.50098814229249,0.950155551316184
"GREM1",-0.218379446640316,-0.456759766907025
"GREM2",0.613636363636364,1.80882735891721
"GREP1",0.317844823805139,0.846466038748912
"GRHL1",-0.700592885375494,-1.54817981860712
"GRHL2",0.367679774011914,0.592388710737936
"GRHL3",0.554347826086957,0.727501422092885
"GRHPR",-0.848814229249012,-1.96305705906192
"GRIA1",-0.545454545454545,-1.1912912592696
"GRIA2",-0.589920948616601,-0.903932255671708
"GRIA3",0.655138339920949,2.13828281240608
"GRIA4",-0.573122529644269,-0.705378920816403
"GRID1",0.823325945569688,1.92474168649097
"GRID1-AS1",0.0227272727272727,-0.0338743653485472
"GRID2",0.564368685378502,0.610406583481365
"GRIK1",-0.40326168762597,-0.663012149117386
"GRIK1-AS1",-0.231776631736005,-0.203508350678944
"GRIK1-AS2",0.66304347826087,1.17740528694616
"GRIK2",-0.555335968379447,-1.54717972063175
"GRIK3",0.0247096622319834,0.567749966584667
"GRIK4",0.495059288537549,0.965845346665277
"GRIK5",0.730237154150198,0.942007533396031
"GRIN1",-0.243323561165273,-0.911209672921799
"GRIN2A",-0.58596837944664,-1.01421367966338
"GRIN2B",0.660079051383399,2.74400887948466
"GRIN2C",0.201581027667984,0.207363325414127
"GRIN2D",0.16798418972332,0.376201352704839
"GRIN3A",-0.655300242392201,-0.828943860029148
"GRIN3B",0.512845849802371,0.569151019302246
"GRINA",-0.676877470355731,-2.67733615196379
"GRIP1",0.33399209486166,1.40691015153751
"GRIP2",0.493083003952569,0.582682672025326
"GRIPAP1",-0.712450592885375,-2.74479055005303
"GRK1",0.390316205533597,0.203985224578963
"GRK2",0.788537549407115,1.22938116199214
"GRK3",-0.341897233201581,-0.390330770985655
"GRK3-AS1",0.214426877470356,-0.183591173598221
"GRK4",-0.0602766798418972,-0.840441705685491
"GRK5",0.240177916894879,0.762124791347592
"GRK6",-0.245119849341276,-1.07271379676286
"GRK7",-0.0108695652173913,-0.430316306535339
"GRM1",-0.638339920948617,-0.993651806045392
"GRM2",0.25197628458498,0.355550927853298
"GRM3",0.091897233201581,0.527148019295283
"GRM3-AS1",0.171936758893281,0.2655774375909
"GRM4",0.492094861660079,0.677261124079162
"GRM5",-0.516926133893094,-0.580981677778251
"GRM6",-0.100815421906492,-0.439153388066236
"GRM7",-0.348814229249012,-0.706934535125164
"GRM8",-0.208055355993301,-0.666639467382938
"GRM8-AS1",0.611660079051383,1.06556619271097
"GRN",-0.178853754940711,-0.483800201242281
"GRP",-0.058300395256917,-0.192852971968199
"GRPEL1",-0.652173913043478,-0.579507843803624
"GRPEL2",-0.687747035573123,-1.24608639588646
"GRPR",0.740118577075099,1.37652704590851
"GRSF1",-0.628119613937019,-1.27373210488698
"GRTP1",0.356083260241863,0.648821256111126
"GRTP1-AS1",0.381422924901186,0.61300259539952
"GRWD1",0.0603363302076491,-0.57807775483272
"GS1-24F4.2",0.25,-0.212355246139432
"GS1-279B7.1",0.662055335968379,1.36842267533082
"GSAP",-0.624505928853755,-1.23038783531286
"GSC",0.465415019762846,1.0779103496561
"GSC2",-0.393669826600727,-1.29116984340002
"GSDMB",-0.00790513833992095,-0.50555549191521
"GSDMC",0.52055632633225,0.703711437220031
"GSDMD",0.406126482213439,0.387502362161131
"GSDME",-0.182806324110672,-0.337153047687892
"GSE1",-0.616600790513834,-1.55970545360138
"GSEC",0.231383189873172,-0.100643054290625
"GSG1",0.387816939598622,0.131433163644793
"GSG1L",-0.118606378713521,-0.42350913644796
"GSK3A",0.450704239111378,0.15985724371396
"GSK3B",-0.740118577075099,-1.77804078205124
"GSKIP",-0.591897233201581,-0.868832685194949
"GSN",-0.540513833992095,-1.21509890816353
"GSN-AS1",0.508524848734219,1.2337369500023
"GSPT1",-0.101309615151132,0.0753806306048526
"GSPT2",-0.551383399209486,-0.449022835525262
"GSR",0.472332015810277,1.17391305520313
"GSS",-0.690711462450593,-1.52700603725126
"GSTA1",0.694664031620553,1.59276145490296
"GSTA2",0.0365612648221344,-0.516490647694164
"GSTA3",0.618200104586568,1.02333537420909
"GSTA4",-0.828063241106719,-2.58116420080244
"GSTCD",-0.225352119555689,-0.475105956060907
"GSTCD-AS1",-0.0188212563279025,0.0888605726583297
"GSTK1",-0.648221343873518,-1.28800032159162
"GSTM1",0.184782608695652,0.223795872485907
"GSTM2",-0.142292490118577,-0.110152993146696
"GSTM3",-0.681818181818182,-1.80526954099503
"GSTM4",0.274771444019656,0.84278293175775
"GSTM5",0.000988142292490119,-0.458310574055743
"GSTO1",-0.770750988142292,-1.40404059640068
"GSTO2",-0.354743083003953,-0.486340592696712
"GSTP1",-0.350790513833992,-0.522804870041788
"GSTT1",-0.420948616600791,-0.508665132114983
"GSTT2",-0.292490118577075,-0.788235608939542
"GSTT4",0.358695652173913,0.273142444944819
"GSTZ1",0.0899209486166008,-0.106472239694656
"GSX1",0.604398338194315,0.767690461524626
"GSX2",0.121541501976285,0.346853205698611
"GTDC1",-0.739130434782609,-1.65824172839999
"GTF2A1",-0.65678282212612,-1.15907693838678
"GTF2A1-AS1",0.152705712593658,0.241692239311662
"GTF2A1L",0.52186806633949,0.684054079392187
"GTF2A2",-0.606375111172874,-1.05033024100393
"GTF2B",-0.764822134387352,-1.45459146394845
"GTF2E1",-0.559288537549407,-0.877108313040185
"GTF2E2",-0.75296442687747,-2.44051920120376
"GTF2F1",-0.685770750988142,-1.56320927392691
"GTF2F2",-0.236399719993904,-0.630048371554192
"GTF2H1",-0.181818181818182,0.154330060960397
"GTF2H2",-0.016798418972332,0.0709020604474346
"GTF2H2B",0.196640316205534,0.745463855658904
"GTF2H3",0.756115664298693,1.62213989369727
"GTF2H4",-0.490239698682551,-1.25735631092763
"GTF2H5",-0.368577075098814,-0.399279845416367
"GTF2I",-0.461462450592885,-0.875399809207868
"GTF2I-AS1",0.463597261129387,0.389348237760297
"GTF2IP20",0.271739130434783,0.709530559931583
"GTF2IP7",-0.0256980487212628,0.0732818088168054
"GTF2IRD1",0.162055335968379,0.513288114504914
"GTF2IRD2",0.0760869565217391,0.403147071043629
"GTF3A",-0.715415019762846,-2.82220527273901
"GTF3C1",-0.119565217391304,-0.25322697554203
"GTF3C2",-0.412055335968379,-0.0260222017543048
"GTF3C2-AS1",0.370553359683794,0.540393113625804
"GTF3C3",-0.522727272727273,-0.924616590974125
"GTF3C4",-0.821146245059289,-1.98450800840464
"GTF3C5",-0.288537549407115,-0.497980383897847
"GTF3C6",-0.504940711462451,-0.604373670583413
"GTPBP1",0.524703557312253,0.777714699619975
"GTPBP10",-0.438735177865613,-0.584926518778368
"GTPBP2",-0.0177865612648221,-0.200274964986261
"GTPBP3",0.266798418972332,0.460706368188778
"GTPBP4",-0.486166007905138,-0.688703456196637
"GTPBP6",-0.264822134387352,-0.679926813278444
"GTPBP8",0.362648221343874,1.31117038787139
"GTSE1",0.649209486166008,1.2755776205367
"GTSE1-DT",0.508893280632411,0.995894927905541
"GTSF1",0.552150339331789,0.653368523062432
"GTSF1L",0.812252964426878,1.38991656019707
"GUCA1A",0.556324110671937,0.761177210805127
"GUCA1B",0.286776510890935,0.562488285146411
"GUCA1C",0.625648647713821,1.44180239400258
"GUCA2B",0.504940711462451,1.07556689406266
"GUCD1",-0.286561264822134,-0.598528600698118
"GUCY1A1",-0.240118577075099,-0.122942647013815
"GUCY1A2",0.382411067193676,1.63170368641976
"GUCY1B1",-0.766493722436126,-1.58268438881691
"GUCY1B2",-0.0538670636657239,-0.229904295333074
"GUCY2C",-0.306894004921234,-1.06448203274386
"GUCY2D",-0.308300395256917,-0.721530248393503
"GUCY2F",-0.141833461211585,-0.811541590927414
"GUF1",-0.576723516494493,-1.12090419392844
"GUK1",-0.452569169960474,-1.14475139130908
"GULP1",-0.220355731225296,0.12036937137814
"GUSB",0.00790513833992095,-0.398765748258232
"GUSBP1",0.479723281159177,1.43677206117364
"GUSBP11",0.128458498023715,-0.0675930847443947
"GUSBP14",0.566205533596838,1.25027822970752
"GUSBP15",0.425500383634755,-0.00213599233602574
"GUSBP2",0.712626658770402,1.52318971685214
"GUSBP4",-0.734189723320158,-1.34531470412761
"GUSBP5",-0.646404763988687,-1.43964674599558
"GVINP1",0.367640187330838,0.685008068885051
"GVQW3",0.426450044692737,0.489336410065548
"GXYLT1",-0.455533596837945,-0.457853066544834
"GXYLT2",0.38843589028678,0.654875694085076
"GYG1",-0.651346696435083,-1.4515968553602
"GYG2",-0.426877470355731,-0.650809950051392
"GYPA",0.395354595711735,0.00546311390655866
"GYPB",0.292224769301643,0.597334910431799
"GYPC",0.508650581174943,0.773869962249133
"GYPE",-0.381422924901186,-1.39466896854891
"GYS1",-0.0968379446640316,-0.256538782449849
"GYS2",0.24925828608655,0.338390060093973
"GZF1",-0.795454545454546,-1.82128076684527
"GZMA",0.317272063058667,-0.0626961444636698
"GZMB",0.403162055335968,0.298232273500501
"GZMH",0.543478260869565,1.02482274530648
"GZMK",0.453557312252964,1.22007649526336
"GZMM",0.619718328778145,1.23713178951268
"H1-0",0.107707509881423,0.295141643169064
"H1-1",0.703731180366888,1.48128061314645
"H1-10",-0.431818181818182,-0.35888467499357
"H1-10-AS1",0.389918470020699,-0.107813040648253
"H1-2",0.271312091307178,0.160163249845646
"H1-3",0.595650097488635,1.67756385345268
"H1-4",0.748208572384458,1.79046812277182
"H1-5",0.812252964426878,1.92741021676276
"H1-6",0.552918173542227,0.533828857687193
"H1-7",0.300963685985558,-0.309684896671735
"H1-8",0.709486166007905,1.77070006441879
"H1-9P",0.602374181909152,0.731939678880391
"H19",0.0969577788203414,0.0902660724316006
"H2AB3",0.414236333357242,0.60471610412403
"H2AC10P",0.428571480931657,0.369538162331337
"H2AC11",0.00988142292490119,-0.583489922740897
"H2AC13",0.135408949031269,-0.299879694215633
"H2AC14",-0.0108722513820727,-0.00919175040496322
"H2AC15",0.309288537549407,0.741544520877053
"H2AC16",0.496538324003932,0.191362878873326
"H2AC17",0.212450592885376,0.0251013836554069
"H2AC18",-0.355324942895922,-1.08390637281516
"H2AC25",0.247590815564474,0.557103245302618
"H2AC4",-0.390316205533597,-1.25712641937729
"H2AC6",-0.00296442687747036,0.0109962358348142
"H2AC7",0.320474934217677,0.361719079689843
"H2AC8",-0.0454545454545455,-0.441479417535314
"H2AJ",-0.442136714800314,-1.04770953616531
"H2AP",0.596439460905121,1.10332534042829
"H2AX",0.103021613584308,-0.204572585549315
"H2AZ1",-0.518774703557312,-0.417401150059496
"H2AZ2",-0.181368920782758,0.253217459100372
"H2BC1",0.0237154150197628,-0.506351620103923
"H2BC10",0.0820158102766798,-0.297627325975496
"H2BC11",0.255497907478709,0.324907502518766
"H2BC12",-0.367588932806324,-0.407878831290791
"H2BC12L",-0.115612648221344,-0.131710541247666
"H2BC13",0.322744792741549,0.132392691311212
"H2BC14",0.572134387351779,0.764683078733774
"H2BC15",0.504940711462451,0.198266456905013
"H2BC17",0.344861660079051,0.262198031035115
"H2BC21",-0.631422924901186,-1.7592754072656
"H2BC3",-0.19372375189875,-0.498041429618145
"H2BC4",0.471343873517787,1.05899544876407
"H2BC5",0.351778656126482,0.845694509588369
"H2BC6",0.117123798979602,0.239439898027121
"H2BC7",0.283596837944664,0.494866922006021
"H2BC8",0.260934033169745,0.542909859186363
"H2BC9",0.373887423253957,0.915708637568017
"H2BW2",0.419570064699079,0.649572207661719
"H2BW4P",0.153162055335968,0.319647024353651
"H3-3A",-0.110671936758893,0.566245310582417
"H3-3B",-0.739130434782609,-1.75735842993124
"H3-4",0.406528388776127,0.516362962065296
"H3C1",0.0360761068586958,-0.255419841066476
"H3C10",0.112181866533205,-0.108808389600995
"H3C11",0.24901185770751,-0.0355912339698165
"H3C12",0.463553263472009,0.970099103852766
"H3C2",0.375092672681509,0.174556025832537
"H3C3",0.553002240751789,1.52919283222461
"H3C4",0.231454119157211,-0.1633759048139
"H3C6",0.184782608695652,0.0894634153795331
"H3C7",0.4199604743083,1.18077144431486
"H3C8",0.318181818181818,0.911515471240615
"H4C1",0.132937982808071,-0.417379299636716
"H4C11",0.566205533596838,1.68519855219764
"H4C12",0.323202381994343,0.65533394467984
"H4C13",0.0602766798418972,-0.277167556561644
"H4C14",-0.0375586865926148,-0.514352760289721
"H4C2",0.285573122529644,0.0498987250654877
"H4C3",0.681818181818182,2.63001251215129
"H4C4",0.33712312571556,0.856459864150246
"H4C5",0.25296442687747,0.0726302317270093
"H4C6",0.110699286799286,-0.0909483965509924
"H4C7",0.259451453435826,0.010990653014085
"H4C8",-0.0721522137173917,-0.109977414243169
"H4C9",0.458498023715415,0.373201329092375
"H6PD",0.472332015810277,0.378219348919911
"HAAO",0.563241106719368,0.651653991434325
"HABP2",0.608695652173913,1.06899748898119
"HABP4",-0.523715415019763,-1.18987131834116
"HACD1",-0.462450592885375,-1.18819462524657
"HACD2",-0.576086956521739,-0.863192589056451
"HACD3",-0.742094861660079,-1.65213169921472
"HACD4",0.280632411067194,0.373749558708433
"HACE1",-0.58399209486166,-0.59173335386358
"HACL1",-0.607707509881423,-1.0471471321429
"HADH",-0.736166007905138,-0.95214895858406
"HADHA",-0.434782608695652,-0.558262452504868
"HADHB",-0.687747035573123,-1.79077268502871
"HAGH",-0.672924901185771,-2.15710481403186
"HAGHL",0.189911072128994,-0.137224112095929
"HAGLR",0.578063241106719,0.978997555465759
"HAGLROS",0.611660079051383,0.841025894555909
"HAL",0.569169960474308,0.771653283576576
"HAMP",0.357390058493181,0.187835612437986
"HAND1",0.302446265719477,0.0596898970344461
"HAND2",0.397233201581028,0.751919857286066
"HAND2-AS1",0.00395452346880422,-0.537996716993463
"HAO1",-0.0296736050201553,-0.579425035258877
"HAO2",0.195700524877309,0.0341401496746494
"HAP1",0.365703001033355,0.465153614636357
"HAPLN1",0.388930083531419,0.551942862502609
"HAPLN2",0.5,0.639720018950756
"HAPLN3",0.327479844791153,0.440042548374113
"HAPLN4",0.234189723320158,0.71432047760113
"HAPSTR1",-0.469483582407685,-0.769973632526941
"HAPSTR2",-0.150197628458498,-0.230024335712389
"HAR1A",0.100049836269376,0.290560313469368
"HARBI1",0.260869565217391,0.274439085405292
"HARS1",-0.649209486166008,-1.84712259491274
"HARS2",-0.828063241106719,-3.16228214954185
"HAS1",-0.279713376466053,-0.131347040568432
"HAS2",0.242648883118077,0.537551652794357
"HAS3",0.691376349250897,1.06562293144343
"HASPIN",0.802371541501976,1.60553158387871
"HAT1",-0.709486166007905,-1.20286472862948
"HAUS1",-0.103754940711462,0.254878931856586
"HAUS2",0.756916996047431,1.85701782844141
"HAUS3",0.465415019762846,0.840746319194785
"HAUS4",-0.479249011857708,-0.94642429975542
"HAUS5",0.320237222526505,0.345279837444515
"HAUS6",-0.801383399209486,-2.02414501684578
"HAUS7",-0.407114624505929,-1.14499151309312
"HAUS8",-0.0395648066935404,-0.473120569053893
"HAVCR1",0.0178041630120932,-0.146953543313419
"HAVCR1P1",0.201136650568345,-0.141210793815602
"HAVCR2",0.184782608695652,0.720301214180664
"HAX1",-0.810276679841897,-1.93124474396854
"HBA1",-0.180830039525692,-0.325047611039097
"HBA2",-0.262845849802372,-0.548769563200365
"HBB",-0.350790513833992,-0.920897668637796
"HBBP1",0.08024227448978,-0.256595167420806
"HBD",0.236224370937762,0.189624704421927
"HBE1",0.766798418972332,1.43727046840008
"HBEGF",0.116600790513834,0.267301683824797
"HBG1",-0.130434782608696,-0.958890838495472
"HBG2",-0.0702275318810342,-0.523330664859814
"HBM",0.305335968379447,0.486965253877656
"HBP1",-0.153162055335968,0.367204021374564
"HBQ1",0.0148221343873518,0.194164643096172
"HBS1L",-0.189723320158103,-0.459347347764376
"HBZ",0.430548742666059,0.770109259756152
"HCAR1",0.0938967164815371,-0.242291814050458
"HCAR3",-0.542624182614356,-1.6039043896865
"HCCAT5",0.632229439575074,1.3225364384531
"HCCS",-0.838932806324111,-2.59625531995935
"HCFC1",0.272794671041097,0.379986082080465
"HCFC1R1",0.0177865612648221,-0.165121148285752
"HCFC2",0.0187747035573123,0.824261387026431
"HCG11",-0.726284584980237,-2.18139150853577
"HCG18",0.559288537549407,1.03454919440116
"HCG22",0.571146245059289,0.940908697388799
"HCG26",0.164193947778193,-0.305456531339979
"HCG27",0.333580440131776,-0.0150858193526569
"HCG4",-0.455533596837945,-0.770856760748724
"HCG4B",-0.00840336237120896,-0.151556434643149
"HCG9",0.649864116701165,1.06646473356287
"HCK",0.176877470355731,0.0641586643147656
"HCLS1",-0.00691699604743083,0.139570681504761
"HCN1",0.121541501976285,0.971741626191408
"HCN2",-0.479249011857708,-1.70510801523269
"HCN3",0.212503095195058,0.235848902008987
"HCN4",0.316205533596838,0.806875909221451
"HCP5",0.320158102766798,0.913539565703993
"HCP5B",0.413145552518763,0.215834607584399
"HCRT",0.466864718983776,1.01801676213691
"HCRTR1",0.370553359683794,0.871722230354213
"HCRTR2",0.5800395256917,0.925706375783626
"HCST",0.138374108499107,-0.186750988020134
"HDAC1",-0.181818181818182,-0.298816423788521
"HDAC10",0.323122529644269,0.345683831800279
"HDAC11",-0.307882391410514,-0.867080267265481
"HDAC2",-0.551383399209486,-0.376351168804054
"HDAC2-AS2",0.713155640651065,1.34449080221603
"HDAC3",-0.717391304347826,-1.65750561237677
"HDAC4",-0.343873517786561,-0.621114729002485
"HDAC4-AS1",0.0513833992094862,-0.00327341967864192
"HDAC5",0.279713376466053,0.342441054379897
"HDAC6",-0.103754940711462,-0.479637196111806
"HDAC7",0.777860167062839,1.25140829885918
"HDAC8",0.486166007905138,0.470772515352608
"HDAC9",-0.0731225296442688,-0.0349981943001867
"HDC",0.230788245246725,-0.212693530984429
"HDDC2",-0.738142292490119,-1.84388421638944
"HDDC3",-0.647393150477966,-0.967731738230046
"HDGF",0.504940711462451,2.00367544888496
"HDGFL1",0.739130434782609,1.10708332714147
"HDGFL2",0.102868497403205,-0.165993158486198
"HDGFL3",0.433794466403162,1.45843229331187
"HDHD2",-0.761857707509881,-1.97621461952182
"HDHD3",-0.283596837944664,-0.431923490615376
"HDHD5",-0.6699604743083,-1.9238588904039
"HDHD5-AS1",0.446093195469668,0.0402769918617417
"HDLBP",-0.123517786561265,0.130945101735381
"HDX",-0.346837944664032,-0.891540950319502
"HEATR1",-0.527667984189723,-0.702843302429114
"HEATR3",-0.759881422924901,-2.22927715034574
"HEATR4",0.480850027034398,0.917038106776146
"HEATR5A",-0.0642292490118577,0.166129511165202
"HEATR5A-DT",0.122065731425998,0.1940213408438
"HEATR5B",-0.614776396331748,-0.602114570106799
"HEATR6",-0.429841897233202,-1.11387724930646
"HEATR9",0.494687437884308,0.769964469099618
"HEBP1",-0.0731225296442688,0.55990677535068
"HEBP2",-0.595849802371542,-1.53761567331191
"HECA",-0.597826086956522,-0.619240689362667
"HECTD1",-0.707509881422925,-1.29002903096281
"HECTD2",-0.25197628458498,0.0482416416903296
"HECTD3",0.268774703557312,0.575025164179671
"HECTD4",-0.546083535326834,-1.49152949727093
"HECW1",-0.442687747035573,-0.42535508497623
"HECW1-IT1",-0.0787520988456971,-0.289715870287071
"HECW2",-0.0148221343873518,0.376708262078222
"HECW2-AS1",0.0138476823427391,-0.518883922161117
"HEG1",-0.329051383399209,-0.0880765878588262
"HEIH",-0.50445128534264,-0.62614190490608
"HELB",0.40020354299952,0.628970515701112
"HELLS",-0.123517786561265,-0.35495208015532
"HELQ",-0.652173913043478,-0.679489398130228
"HELZ",-0.68692861004914,-2.05095146480281
"HELZ2",0.590909090909091,1.28670827975558
"HEMGN",-0.234362372575401,-1.03837291604168
"HEMK1",-0.367588932806324,-0.594688477188163
"HENMT1",-0.781620553359684,-1.49097983301904
"HEPACAM",-0.306324110671937,-0.641273059686996
"HEPACAM2",0.0662218947817156,-0.269101417991039
"HEPH",-0.24703557312253,-0.365616285622077
"HERC1",-0.798418972332016,-1.77804355778108
"HERC2",-0.649864116701165,-0.923826041277496
"HERC2P2",-0.373517786561265,-0.934081309067971
"HERC2P3",0.427865612648221,0.942531060576398
"HERC2P7",-0.16304347826087,-0.239158061573127
"HERC2P8",0.36529910543079,-0.11944238367234
"HERC3",-0.692163447818029,-1.37722505713241
"HERC4",-0.181818181818182,-0.320416807151071
"HERC5",-0.0509019041978859,0.0307508414649635
"HERC6",-0.453557312252964,-0.72580427271229
"HERPUD1",-0.549407114624506,-0.467723680383437
"HERPUD2",0.265381772371502,1.13506462887119
"HERPUD2-AS1",0.132244090514473,0.580560708619355
"HES1",0.0849802371541502,0.10526773615656
"HES2",0.327155927951461,0.545402227674408
"HES4",0.632073159894136,1.42145835117455
"HES5",0.299975299496279,0.23827370258736
"HES6",0.272727272727273,0.431626007899633
"HES7",0.160612804507892,-0.0588287063603503
"HESX1",0.359772682097679,0.721736788770495
"HEXA",0.322134387351779,0.834907689693857
"HEXA-AS1",0.419570064699079,0.408273679368122
"HEXB",-0.715415019762846,-1.29537609682331
"HEXD",0.542624182614356,0.920996949331973
"HEXIM1",-0.247096622319834,0.292161306231523
"HEXIM2",-0.282678535933891,-0.29166800752908
"HEY1",-0.286561264822134,-0.604025081673525
"HEY2",0.624660261224541,1.27709493151482
"HEYL",0.465875598816438,0.454522802654272
"HFE",0.504571302777102,0.188109114447414
"HFM1",-0.319961357574342,-0.664002574658279
"HGC6.3",0.387351778656126,-0.00748164892988107
"HGD",0.621200908512064,0.85988287347639
"HGF",-0.616600790513834,-1.03550341555005
"HGFAC",0.473788560155146,0.4999210501235
"HGH1",0.720355731225296,1.31077593663845
"HGS",-0.0929083299922577,-0.204129847583176
"HGSNAT",-0.394268774703557,-0.933445192134688
"HHAT",-0.383399209486166,-0.764743845396923
"HHATL",-0.341897233201581,-0.51952662875773
"HHEX",-0.0839920948616601,-0.666512756892053
"HHIP",-0.558300395256917,-1.23327718154382
"HHIP-AS1",-0.564229249011858,-1.24654811708986
"HHIPL1",0.190711462450593,0.581813016129969
"HHIPL2",0.319169960474308,0.463734004998379
"HHLA1",0.512845849802371,0.721182103784373
"HHLA2",0.301681651038245,0.0198659902990583
"HIBADH",-0.796442687747036,-1.82024805174103
"HIBCH",-0.0474308300395257,-0.500793307848014
"HIC1",0.312036618067857,0.0831218225864551
"HIC2",0.614624505928854,1.23714724242415
"HID1",0.710155692547204,1.66235032212731
"HIF1A",0.181863114027398,0.921318728906365
"HIF1AN",-0.161067193675889,-0.58359193802453
"HIF3A",0.542490118577075,0.963000535469466
"HIGD1A",-0.702569169960474,-1.22835808550321
"HIGD1B",-0.0859896245673024,0.24317755412281
"HIGD2A",0.157647645040054,0.75168586794526
"HIKESHI",-0.520750988142292,-1.24231788538375
"HILPDA",0.0988142292490119,-0.132469177804393
"HINFP",-0.676877470355731,-1.09113401301408
"HINT1",-0.706521739130435,-1.24828215800815
"HINT2",-0.602766798418972,-1.32479623639593
"HINT3",-0.0276679841897233,0.30975376286636
"HIP1",-0.0365612648221344,0.464127147172848
"HIP1R",0.398221343873518,0.721798529463328
"HIPK1",-0.482213438735178,0.118942722778507
"HIPK1-AS1",0.360039740911217,0.831880659124983
"HIPK2",-0.0681818181818182,0.242857658469148
"HIPK3",-0.607707509881423,-0.806519908118292
"HIPK4",0.691699604743083,1.22343003217469
"HIRA",0.290513833992095,0.455302891477558
"HIRIP3",-0.902173913043478,-2.61225343618719
"HISLA",0.170496669400686,0.144478327758254
"HIVEP1",-0.50753646224494,-1.10392519166967
"HIVEP2",-0.488142292490119,-0.42656508354841
"HIVEP3",0.690711462450593,2.09608112481977
"HJURP",0.471460355386244,0.66637584180612
"HJV",-0.0988386489279338,-0.419127737721961
"HK1",-0.83300395256917,-2.12889606341472
"HK2",-0.41699604743083,-1.43642675139336
"HK3",0.156126482213439,0.16766309344078
"HKDC1",-0.116600790513834,-0.747346370619971
"HLA-A",-0.116135412490322,-0.499065341462079
"HLA-B",-0.358695652173913,-0.591145946439986
"HLA-C",-0.33102766798419,0.0165992712020256
"HLA-DMA",-0.345849802371542,-0.499117600907709
"HLA-DMB",-0.0494193244639669,-0.648512114648024
"HLA-DOA",0.519397100116292,0.510469608122338
"HLA-DOB",0.638991865319092,1.74560567353308
"HLA-DPA1",0.113170253022484,0.420750217133328
"HLA-DPB1",-0.00494071146245059,-0.175670509396188
"HLA-DPB2",-0.33399209486166,-0.718185034949467
"HLA-DQA1",-0.027241292053543,-0.529134464387713
"HLA-DQB1",-0.476284584980237,-1.65002032156214
"HLA-DQB2",0.217391304347826,-0.0828741894672019
"HLA-DRA",-0.0256980487212628,-0.292948575968088
"HLA-DRB1",-0.390316205533597,-0.607529288274848
"HLA-DRB4",-0.317193675889328,-0.682302489947862
"HLA-DRB5",-0.172924901185771,-0.27346914826711
"HLA-DRB6",-0.204152274077018,-0.737709876266995
"HLA-E",0.428853754940711,0.881436608992629
"HLA-F",-0.0345849802371542,0.00984782788454183
"HLA-F-AS1",-0.355094140074525,-0.69415388688454
"HLA-G",-0.158141838284694,-0.298983514963472
"HLA-J",0.117880500158968,-0.144347326641869
"HLCS",-0.204545454545455,-0.507192928911149
"HLF",-0.576086956521739,-0.805242745761445
"HLTF",-0.803359683794466,-1.63223815424981
"HLX",-0.309288537549407,-0.798850868633752
"HM13",-0.66304347826087,-1.99608722350495
"HMBOX1",0.420948616600791,0.767419251983982
"HMBS",-0.264393385882223,-0.606003317361513
"HMCES",-0.857707509881423,-2.2892805097631
"HMCN1",-0.204596003280823,-0.376750672740033
"HMCN2",0.536199670434041,0.24129519740048
"HMG20A",-0.794466403162055,-1.9168437832176
"HMG20B",0.449604743083004,1.15142941963611
"HMGA1",0.314229249011858,0.67951904056281
"HMGA2",0.380622883872406,0.431399847688525
"HMGB1",-0.634387351778656,-1.1766897287263
"HMGB2",-0.571146245059289,-0.898265071735967
"HMGB3",-0.7462317994059,-2.36629195610056
"HMGB3P1",0.557312252964427,0.858971069166826
"HMGB4",0.482690641661193,0.98305809335063
"HMGCL",-0.584136415164089,-1.12350907259092
"HMGCLL1",-0.515810276679842,-0.975241919607514
"HMGCR",-0.597826086956522,-1.3044706617134
"HMGCS1",-0.555335968379447,-1.34299453302211
"HMGCS2",0.484189723320158,0.30609121793427
"HMGN1",-0.75296442687747,-2.0540316849473
"HMGN2",-0.856719367588933,-2.98277297667917
"HMGN2P46",0.300395256916996,0.392791988567669
"HMGN3",-0.588932806324111,-0.85046180978165
"HMGN3-AS1",-0.304423038698036,-0.711156325462735
"HMGN4",-0.779836940041397,-1.14409906577656
"HMGN5",-0.107707509881423,-0.159747142687854
"HMGXB3",-0.266798418972332,-1.3560495491378
"HMGXB4",0.113170253022484,0.168676115765235
"HMHB1",0.205547930949461,-0.268449876167073
"HMMR",0.532608695652174,0.866381288837477
"HMMR-AS1",0.173956022113163,-0.547559341225707
"HMOX1",0.459486166007905,0.69510913149943
"HMOX2",-0.726284584980237,-1.73370645627172
"HMX1",0.687422803293779,1.15335601412668
"HMX2",-0.0825302718548247,-0.53466578735413
"HNF1A",0.461082297248811,0.210958400753418
"HNF1B",0.741106719367589,1.32851014215922
"HNF4A",0.316077467640469,0.437852577929908
"HNF4A-AS1",-0.0889328063241107,-1.01283143721989
"HNF4G",0.0276679841897233,-0.464356609111741
"HNMT",-0.0079070919142347,0.413421767367134
"HNRNPA0",-0.757905138339921,-1.33526746625102
"HNRNPA1",-0.609683794466403,-0.889248036284586
"HNRNPA2B1",-0.707509881422925,-1.49816132385257
"HNRNPA3",-0.397233201581028,-0.334416347437663
"HNRNPA3P1",-0.697628458498024,-1.37702462848655
"HNRNPAB",-0.568181818181818,-0.830550316472081
"HNRNPC",-0.730237154150198,-1.53375058445209
"HNRNPCL1",-0.1699604743083,-0.603501798395527
"HNRNPD",-0.879169782213971,-2.13767359514024
"HNRNPD-DT",0.228260869565217,0.450328823264927
"HNRNPDL",-0.742094861660079,-1.14537129512736
"HNRNPF",-0.496538324003932,-1.44771196300006
"HNRNPH1",-0.699604743083004,-1.73341191720196
"HNRNPH2",-0.848814229249012,-1.98558700519691
"HNRNPH3",-0.742278253448783,-1.50560370188437
"HNRNPK",-0.697306668186573,-1.78215626213319
"HNRNPL",-0.745059288537549,-3.52717735903106
"HNRNPLL",-0.0780632411067194,0.456366843434318
"HNRNPM",-0.631422924901186,-0.996135272203912
"HNRNPR",-0.678853754940711,-1.11097444365388
"HNRNPU",-0.847826086956522,-2.50273779904522
"HNRNPUL1",0.534584980237154,1.29643064297009
"HNRNPUL2",-0.822134387351779,-1.90998140128184
"HOATZ",0.560276679841897,1.06075380107274
"HOGA1",0.478260869565217,0.102951654893288
"HOMER1",0.153162055335968,1.06119714006545
"HOMER2",-0.016798418972332,0.101157602929829
"HOMER3",-0.375586865926148,-0.81924128337197
"HOMEZ",-0.0420064257943719,-0.195236861037912
"HOOK1",0.401185770750988,1.2602017383528
"HOOK2",0.649209486166008,2.0168011820223
"HOOK3",-0.560276679841897,-0.576792268295638
"HOPX",-0.50197628458498,-1.05989025562611
"HORMAD1",-0.173913043478261,-0.618218224630745
"HORMAD2",0.415616518741961,0.381942317832252
"HOTAIR",0.0635558976475665,-0.471943671461196
"HOTAIRM1",0.498640983841426,0.712054979920208
"HOTTIP",0.671936758893281,1.55786690909391
"HOXA-AS2",0.672924901185771,1.10549166318831
"HOXA-AS3",0.602766798418972,1.47495994876855
"HOXA1",0.236399719993904,0.288247297738769
"HOXA10",-0.300469492740919,-1.4683512766113
"HOXA10-AS",0.371909182919279,0.410306824777894
"HOXA11",0.137351778656126,-0.32509056286087
"HOXA11-AS",0.195206331632669,-0.638217742386218
"HOXA13",0.50197628458498,0.466645336648247
"HOXA2",0.515937747403814,0.545778589229972
"HOXA3",0.58166544894089,0.806734452284133
"HOXA4",-0.159624418018613,-0.603809288720558
"HOXA5",0.344861660079051,0.559803824491807
"HOXA6",0.638991865319092,1.05863706314251
"HOXA7",0.569169960474308,2.31907568180659
"HOXA9",0.423913043478261,0.328066516755976
"HOXB-AS1",0.310276679841897,0.155634601449642
"HOXB-AS3",0.651830190276078,0.845241231984298
"HOXB1",0.685770750988142,1.25572735088914
"HOXB13",0.655300242392201,0.803269564992184
"HOXB2",0.556324110671937,1.01910721550111
"HOXB3",0.231776631736005,-0.178059042144182
"HOXB4",0.703236987122249,0.721503172951537
"HOXB5",0.261922419659024,-0.320400267506833
"HOXB6",-0.162589577486451,-0.929809305711477
"HOXB7",0.490118577075099,0.541681916314598
"HOXB8",0.441699604743083,0.52364618444901
"HOXB9",0.0464426877470356,-0.612400988964506
"HOXC-AS3",0.0266864352105421,0.278443020672195
"HOXC10",0.174901185770751,-0.0756480964501828
"HOXC11",0.446256499909621,0.529230289438893
"HOXC12",0.498516564338609,1.08386846775379
"HOXC13",0.249258282169304,-0.110402338000512
"HOXC4",0.212061321014626,-0.367115383604232
"HOXC5",-0.153162055335968,-0.835992897255858
"HOXC6",-0.00395256916996047,-0.177774925514759
"HOXC8",0.627470355731225,0.906971329035581
"HOXC9",0.311341744122991,0.435867438165602
"HOXD-AS2",0.457509881422925,0.553907033371957
"HOXD1",-0.122529644268775,-0.499202709268761
"HOXD10",0.135408949031269,-0.318463910033744
"HOXD11",0.203071449853684,-0.366330921706625
"HOXD12",0.474425514854082,0.214350626594233
"HOXD13",0.385375494071146,0.332527379284076
"HOXD3",0.347826086956522,0.214469008312395
"HOXD4",0.158141838284694,-0.0224490315348469
"HOXD8",0.479861640545118,0.676795844923266
"HOXD9",0.511857707509881,0.342022851127662
"HP",-0.00543612569103636,-0.278797512233301
"HP1BP3",0.298418972332016,0.966756477837471
"HPCA",0.240118577075099,-0.0641521387411517
"HPCAL1",0.050395256916996,0.206387906123577
"HPCAL4",-0.540513833992095,-0.733901728891603
"HPD",0.564229249011858,0.755551613805632
"HPDL",-0.178041630120932,-1.0185851577084
"HPF1",-0.673913043478261,-1.19166785469631
"HPGD",-0.0653791009285033,-0.187103396628285
"HPGDS",0.0395256916996047,0.28339469587585
"HPN",0.25222564267132,-0.139321887402496
"HPR",-0.0820158102766798,0.0749689139851312
"HPRT1",-0.705533596837945,-1.50601499664956
"HPS1",0.457509881422925,0.201905551823164
"HPS1-AS1",0.157153451795415,-0.00278759212324499
"HPS3",-0.377470355731225,-0.531167763564371
"HPS4",-0.637351778656126,-1.36558856649762
"HPS5",0.314229249011858,0.607846647323952
"HPS6",0.16304347826087,0.212268810567003
"HPSE",0.210526322216499,0.103838479477908
"HPSE2",0.571711456721658,1.25250116088182
"HPX",0.715415019762846,1.33581359582159
"HPYR1",0.202569169960474,0.0292114501469968
"HR",0.542490118577075,0.880476169230925
"HRAS",-0.620212522022784,-1.47249607500529
"HRC",0.41897233201581,0.785661484061127
"HRCT1",0.0177909568070281,-0.138180858491252
"HRG",0.459486166007905,0.168439011818448
"HRG-AS1",-0.0830244650994644,-0.461177416308867
"HRH1",-0.376482213438735,-0.328902346553292
"HRH2",0.469483582407685,0.837982461295684
"HRH3",-0.13442056254199,-0.262575544610129
"HRH4",0.0780632411067194,-0.0712243040334817
"HRK",-0.0978260869565217,0.102143634397603
"HROB",0.377363142282426,0.255959653265007
"HS1BP3",0.838645936153518,2.54989703374393
"HS2ST1",-0.0958498023715415,0.275241361458143
"HS3ST1",0.308870777899793,1.39313923309968
"HS3ST2",0.217391304347826,0.823349038670794
"HS3ST3A1",0.58498023715415,1.19439014469533
"HS3ST3B1",0.335063019865695,0.068712634403278
"HS3ST4",-0.106719367588933,-0.106789624657351
"HS3ST5",0.555473206974988,1.12011551623464
"HS3ST6",0.406721040338447,0.761091011776013
"HS6ST1",-0.516798418972332,-1.10099921439655
"HS6ST2",0.0909090909090909,0.835593041612867
"HS6ST3",0.348814229249012,1.0839260100021
"HSBP1",-0.792490118577075,-2.62260113587834
"HSBP1L1",-0.0385375494071146,-0.206227962549501
"HSCB",0.482213438735178,0.577824845903274
"HSD11B1",-0.128984436850954,-0.334178529212077
"HSD11B1-AS1",0.621541501976285,1.30596002933017
"HSD11B1L",-0.0731225296442688,-0.0641821783351011
"HSD11B2",0.555335968379447,1.45162101078064
"HSD17B1",-0.4199604743083,-0.444415103494285
"HSD17B10",-0.411067193675889,-1.53987563977207
"HSD17B11",-0.553359683794466,-0.718434584347642
"HSD17B12",-0.206521739130435,-0.0605432313019063
"HSD17B14",0.464426877470356,1.0858412532863
"HSD17B2",0.410484869445481,0.508617194643298
"HSD17B3",0.079070919142347,0.192513056667727
"HSD17B4",-0.692687747035573,-1.20581172850861
"HSD17B6",-0.565217391304348,-0.683300845159047
"HSD17B7",0.829051383399209,2.50345083418123
"HSD17B7P2",0.446093195469668,0.239066870885481
"HSD17B8",-0.360671936758893,-0.638085009883309
"HSD3B1",0.436355969075844,0.282537974759345
"HSD3B2",0.288608854869567,0.41574481625546
"HSD3B7",0.49802371541502,0.956070572525617
"HSDL1",-0.823122529644269,-1.94440268211637
"HSDL2",-0.491106719367589,-1.24239682821996
"HSF1",0.652829276169003,0.766030820404353
"HSF2",-0.807312252964427,-1.65610230474212
"HSF2BP",0.197628458498024,0.447000632440992
"HSF4",0.607707509881423,0.731353295425218
"HSF5",-0.0128585621754006,0.0360828443243694
"HSFX1",-0.448071435804345,-0.881197802932593
"HSFX4",0.353348169917363,0.591213376309291
"HSFY1",0.0370644933479752,-0.530691789847561
"HSH2D",0.188287626207714,-0.202810635613936
"HSP90AA1",-0.663207334306436,-1.18042548208013
"HSP90AB1",-0.789525691699605,-2.36932714554741
"HSP90B1",-0.854743083003953,-2.04630481041086
"HSPA12A",-0.810971114453697,-1.76568557831636
"HSPA12B",0.442687747035573,0.728549794109959
"HSPA13",-0.569169960474308,-0.557960336584072
"HSPA14",-0.127470355731225,-0.0462686758024
"HSPA1A",0.149209486166008,0.490599812560926
"HSPA1B",-0.482213438735178,-1.40992245959907
"HSPA1L",-0.079070919142347,-0.0601546768435972
"HSPA2",-0.41699604743083,-0.557214205286376
"HSPA2-AS1",0.00988386489279338,-0.435668379335691
"HSPA4",-0.307312252964427,0.0715754005962977
"HSPA4L",-0.403162055335968,0.102909017419373
"HSPA5",-0.549407114624506,-0.62845011098961
"HSPA6",0.312561972878969,0.686939732859419
"HSPA8",-0.606869304417513,-0.507869552202653
"HSPA9",-0.779644268774704,-2.78821969763969
"HSPB1",-0.1699604743083,-0.326172619021622
"HSPB2",0.509881422924901,0.65186984163271
"HSPB3",0.00296442687747036,-0.00826785323132568
"HSPB6",0.697628458498024,1.1032618346561
"HSPB7",0.228260869565217,0.0507405759235916
"HSPB8",-0.287549407114625,-0.425114152238375
"HSPB9",-0.0633036907096646,-0.145731398744544
"HSPBAP1",-0.484189723320158,-1.15784833481321
"HSPBP1",0.195206331632669,0.218669681291444
"HSPC102",0.0424901185770751,-0.61411273298627
"HSPC324",0.292068207582044,0.130613891472707
"HSPD1",-0.799407114624506,-2.20105390017488
"HSPE1",-0.634544126117335,-0.749714480287402
"HSPG2",0.214479868173616,-0.258817856053662
"HSPH1",-0.261857707509881,-0.320032686248702
"HTATIP2",-0.576086956521739,-1.16086660668001
"HTATSF1",-0.801383399209486,-1.34516867366492
"HTATSF1P2",-0.0973560691940148,-0.418982339604756
"HTN1",0.25302694125551,0.24147626543749
"HTN3",-0.312252964426877,-1.52747183692265
"HTR1A",0.67655819445954,1.12132755549312
"HTR1B",0.543478260869565,0.884424689464808
"HTR1D",0.420376071118866,0.551168219942916
"HTR1E",-0.293710657959109,-0.279979255222909
"HTR1F",0.595088669197499,0.363975008653613
"HTR2A",-0.211514708705778,0.0368749983296867
"HTR2B",0.349394623960246,0.261399903480363
"HTR2C",-0.300395256916996,-0.308642177174901
"HTR3A",0.459105524270252,0.784537765474525
"HTR3B",0.534717090700122,0.857112028214972
"HTR3C",0.294539173805243,0.479580248263687
"HTR4",0.491106719367589,1.31582088653918
"HTR5A",0.52545730591736,0.881277037057295
"HTR6",0.520385486605571,0.345099527274826
"HTR7",-0.312252964426877,-1.03863644903792
"HTR7P1",-0.152173913043478,0.13190616898649
"HTRA1",-0.41304347826087,-1.51059342746649
"HTRA2",-0.741106719367589,-1.5667313812632
"HTRA3",-0.0434782608695652,-0.819536668576709
"HTRA4",0.5800395256917,1.13434620866178
"HTT",-0.180830039525692,-0.718604938225979
"HUNK",-0.551383399209486,-1.28635103027931
"HUS1",-0.100790513833992,-0.0792934269465552
"HUS1B",-0.404150197628458,-0.747038029764096
"HUWE1",-0.556324110671937,-1.27187137239933
"HVCN1",0.397626307270081,0.764337285206953
"HYAL1",0.661067193675889,0.774001209311786
"HYAL2",0.171936758893281,0.00446241507093484
"HYAL3",0.0849802371541502,0.332429133438513
"HYAL4",0.624505928853755,1.37457952280002
"HYAL6P",0.0665350803497962,-0.176016582744898
"HYCC1",-0.175889328063241,-0.27512314994817
"HYCC2",-0.722332015810277,-2.28795275180078
"HYDIN",0.329051383399209,0.161219317898057
"HYDIN2",0.83201581027668,2.59153943355615
"HYI",-0.0523974359616559,-0.146907980014821
"HYKK",-0.0602766798418972,0.0066379504058305
"HYLS1",-0.75098814229249,-1.41155062306808
"HYMAI",0.156659258550775,0.7923608638348
"HYOU1",-0.740118577075099,-2.59122196011759
"HYPK",-0.258893280632411,-0.260178038861384
"IAH1",-0.660079051383399,-1.19957560440763
"IAPP",-0.30956013697208,-0.765910245899569
"IARS1",-0.758893280632411,-1.64489872045607
"IARS2",-0.781620553359684,-1.70882089016908
"IBA57",0.407114624505929,0.036735964570356
"IBA57-DT",0.351778656126482,-0.202146276207297
"IBSP",0.689416756634941,1.54139304669707
"IBTK",-0.300395256916996,-0.0428696587045373
"ICA1",-0.705533596837945,-1.61536293609927
"ICA1-AS1",0.373517786561265,0.465643291285973
"ICA1L",-0.256916996047431,-0.648730999156744
"ICAM1",0.246108235830555,0.0560607584783883
"ICAM2",0.00988142292490119,0.19306576225222
"ICAM3",0.464426877470356,0.225026511385071
"ICAM4",0.654286305504188,0.753340716129283
"ICAM5",-0.0266798418972332,-0.330840658661996
"ICE1",-0.516798418972332,-1.53763501589649
"ICE2",-0.183794466403162,0.041768772824325
"ICMT",-0.718379446640316,-2.07230558592436
"ICMT-DT",0.443675889328063,0.637205220333083
"ICOS",0.206078583014742,0.276004456579928
"ICOSLG",0.307882391410514,0.135908515660704
"ID1",-0.422924901185771,-0.827724964062358
"ID2",0.410079051383399,1.68789242043925
"ID2-AS1",-0.129446640316206,-0.449456510981816
"ID2B",-0.076105759674509,-0.155327305253204
"ID3",0.0568322231335619,0.584825886344416
"ID4",-0.0721522137173917,-0.047508587097912
"IDE",-0.438735177865613,-1.04503046034246
"IDH1",-0.425006190390115,-0.567695979656175
"IDH1-AS1",0.311264822134387,0.615294034492266
"IDH2",-0.606719367588933,-1.18678436787154
"IDH3A",-0.721343873517787,-2.14079434357295
"IDH3B",-0.723320158102767,-1.68697783085348
"IDH3G",-0.324190768483623,-0.56441592238922
"IDI1",-0.757905138339921,-1.98641940375168
"IDI2",0.210474308300395,0.34501566865079
"IDI2-AS1",-0.434782608695652,-0.679006825847595
"IDNK",-0.444114955134991,-0.519225071578207
"IDO1",0.445268113420342,0.523144645241991
"IDO2",0.727946649354232,1.35678776468412
"IDS",0.569169960474308,1.28982817435107
"IDUA",0.41304347826087,0.154953686890765
"IER2",-0.146245059288538,-0.00684748372373937
"IER3",0.0543478260869565,-0.0590706100645
"IER3IP1",-0.743083003952569,-1.01979986580286
"IER5",-0.41699604743083,-0.325767029456996
"IER5L",0.233432359491888,0.745685612129574
"IFFO1",-0.356313329385201,-0.736945731454108
"IFFO2",0.420948616600791,0.553395207361155
"IFI16",-0.490118577075099,-1.19005338502137
"IFI27",-0.33399209486166,-0.483993016226348
"IFI27L1",-0.353754940711462,-0.86417838539806
"IFI27L2",-0.276748216998215,-0.68700369069699
"IFI30",0.476284584980237,0.962594783340658
"IFI35",0.217993106217833,0.340928484864151
"IFI44",-0.608846077396072,-1.26081970013372
"IFI44L",-0.376482213438735,-0.315937535296538
"IFI6",-0.736842127757746,-2.59166348382709
"IFIH1",-0.305335968379447,-0.0574023724635771
"IFIT1",-0.600790513833992,-0.908967772251801
"IFIT2",0.0726464069620313,0.19370782247166
"IFIT3",-0.0543478260869565,0.307009373027258
"IFIT5",-0.50098814229249,-0.228912424090262
"IFITM1",0.228260869565217,0.30730857517766
"IFITM10",0.404150197628458,0.344315430137438
"IFITM2",-0.133399209486166,-0.199786457097931
"IFITM3",0.0326086956521739,0.0583422898894026
"IFNA1",0.0839920948616601,-0.144293859406536
"IFNA10",0.184828273495236,-0.129222896204331
"IFNA13",0.579051383399209,0.789273512103753
"IFNA14",0.498146790596786,0.349872127760689
"IFNA16",0.221398573598572,-0.113071190851939
"IFNA17",0.564142393617919,0.728477600564118
"IFNA2",0.261428226414385,0.0848281864139979
"IFNA21",0.555335968379447,0.607621870108552
"IFNA4",0.571287390803457,0.537380060037111
"IFNA5",0.223320158102767,-0.0612830445793232
"IFNA6",0.229305665512806,0.124145510985891
"IFNA7",0.393280632411067,0.226873669528757
"IFNA8",-0.197677297855868,-0.494590561136536
"IFNAR1",-0.560276679841897,-0.91474227767009
"IFNAR2",0.824110671936759,3.10359084963787
"IFNB1",0.352126779572509,0.23881545422635
"IFNE",-0.401185770750988,-1.44697018627203
"IFNG",0.101778656126482,0.132813514996318
"IFNGR1",-0.367588932806324,-0.840359299122625
"IFNGR2",-0.713120852015042,-2.93462867409548
"IFNK",0.539377582660152,0.253594814169977
"IFNL1",0.578206096228412,1.26825362615869
"IFNL2",0.725296442687747,1.17810748339311
"IFNL3",0.166914825855346,0.787198363678157
"IFNLR1",0.719545364195358,2.35424612596793
"IFNW1",0.0785767258977073,-0.598321603516444
"IFRD1",0.343873517786561,0.543027296710731
"IFRD2",0.124505928853755,0.393310754879041
"IFT122",-0.594861660079051,-1.03495875088519
"IFT140",0.323122529644269,0.876128214508614
"IFT172",-0.571146245059289,-1.32759884787636
"IFT20",-0.639328063241107,-1.82175619926513
"IFT22",-0.763833992094862,-1.98710947916135
"IFT25",-0.369565217391304,-0.159371971180704
"IFT27",-0.231282438491365,-0.596487636799448
"IFT43",-0.690711462450593,-2.52102842391835
"IFT46",-0.710474308300395,-2.86905676126245
"IFT52",-0.733201581027668,-1.59314995215471
"IFT56",-0.191889312463671,-0.387984041141823
"IFT57",-0.00790513833992095,0.547621608605156
"IFT70A",-0.574394533843813,-0.807378998911857
"IFT70B",-0.135375494071146,-0.0385385270570069
"IFT74",0.0118871092597279,0.840799150905794
"IFT80",-0.00296442687747036,0.691787670372142
"IFT81",-0.590909090909091,-0.781571365580015
"IFT88",-0.406226847093808,-0.477902447561581
"IFTAP",-0.588932806324111,-0.990957409033877
"IGBP1",-0.523350646073409,-1.02011914328464
"IGDCC3",0.671936758893281,1.31639579915777
"IGDCC4",-0.400197628458498,-0.469948752254616
"IGF1",-0.270750988142292,-0.414320582196194
"IGF1R",0.374104286192229,1.37363953579404
"IGF2",0.487154150197628,0.771408918292327
"IGF2-AS",0.739807287225584,1.38217974606959
"IGF2BP1",0.417408710616851,0.746983870624946
"IGF2BP2",0.566205533596838,1.04634390448265
"IGF2BP2-AS1",0.508524848734219,0.288257323826887
"IGF2BP3",0.605386724683594,0.889811708871054
"IGF2R",-0.600790513833992,-1.46794879058689
"IGFALS",0.548418972332016,0.425901503029393
"IGFBP-AS1",0.334157233113956,0.604559407884111
"IGFBP1",0.159624418018613,-0.405801758785119
"IGFBP2",0.230237154150198,0.0896277805676656
"IGFBP3",-0.552371541501976,-1.4827637566177
"IGFBP4",0.232213438735178,-0.147517432705645
"IGFBP5",0.0405138339920949,0.0959774448854784
"IGFBP6",-0.0983444556832941,-0.32332050216786
"IGFBP7",0.174901185770751,0.774244110530113
"IGFBP7-AS1",-0.0943909097261767,0.123865176326842
"IGFBPL1",-0.33695652173913,-0.511453562491813
"IGFL1",0.312036618067857,0.361450016014033
"IGFL2",0.52423368868941,1.26560426236213
"IGFLR1",0.239130434782609,0.236151953089134
"IGFN1",0.39227460557102,0.557680851851255
"IGH",0.3300395256917,0.338678355255345
"IGHA1",0.50098814229249,0.778029284189159
"IGHD",0.375092672681509,0.508795482000825
"IGHE",0.512845849802371,1.19552545512322
"IGHG1",0.58399209486166,1.10176045251845
"IGHG3",0.440326180973945,0.22243293582226
"IGHM",0.220355731225296,-0.413399883226114
"IGHMBP2",0.433794466403162,0.481149504160559
"IGHV1-69",0.0948851029708164,-0.473313897263729
"IGHV3-47",-0.0296442687747036,-0.2448401936493
"IGHV3-72",0.295527560294522,0.711874304989962
"IGHV3-73",0.230788245246725,0.0600838290754577
"IGHV5-78",0.130434782608696,-0.128226295899198
"IGHV7-81",-0.243143076362717,-0.772273015548225
"IGIP",-0.773715415019763,-1.50385639876421
"IGK",0.354336556406643,-0.370498481162739
"IGKC",0.670620232976031,0.516992673333769
"IGKV1-17",0.207715235141087,0.495135971992307
"IGKV1-5",0.449715852622099,0.636301153309968
"IGKV1D-13",0.485177865612648,0.817571937048506
"IGKV1D-37",0.190711462450593,0.512969556489941
"IGKV1D-39",-0.054374697696058,0.212990024008123
"IGKV1D-8",0.0731948923830497,-0.316446560287241
"IGKV1OR1-1",0.564637689837074,0.657324503071953
"IGKV1OR2-108",0.436310004691536,0.0642705331550896
"IGKV2D-28",0.491228085171831,0.572192187060385
"IGKV4-1",0.000988386489279338,-0.474392470001743
"IGLC1",0.461576490493451,0.438271173499958
"IGLC2",0.205584389770102,0.248481863591964
"IGLJ3",-0.0424901185770751,-0.662244886785882
"IGLL1",0.352766798418972,-0.252993753969098
"IGLL3P",0.221892766843211,-0.208647096565099
"IGLON5",-0.0454995276975714,-0.149848727132509
"IGLV@",0.622529644268775,0.839924413044411
"IGLV1-44",0.58695652173913,0.908747137256413
"IGLV1-50",0.160079051383399,-0.171921370795651
"IGLV2-14",0.422535224166917,-0.134807343492043
"IGLV2-5",0.556324110671937,0.68163061851908
"IGLV3-1",0.117588932806324,-0.10126091880701
"IGLV3-10",0.520879679850211,0.932465167222275
"IGLV3-19",0.265810276679842,0.34388401811577
"IGLV3-25",0.21266083597778,0.52870821746573
"IGLV4-3",0.476284584980237,0.517638502813265
"IGLV4-60",0.221343873517787,-0.383776970036854
"IGLV6-57",0.171936758893281,0.0921296763472107
"IGLV9-49",0.196640316205534,0.29464859372465
"IGLVI-70",0.0410180393050925,-0.0664719729157707
"IGSF1",0.050395256916996,-0.0735322227581161
"IGSF10",-0.104743083003953,-0.426794693490563
"IGSF11",-0.642292490118577,-1.02476979858049
"IGSF11-AS1",0.16798418972332,0.390603045951113
"IGSF21",-0.441699604743083,-0.591121323205579
"IGSF22",-0.176877470355731,-0.661019017219517
"IGSF3",0,0.143114578066291
"IGSF5",0.144798620679423,-0.105543893558244
"IGSF6",0.624660261224541,1.80648015804781
"IGSF8",-0.0721522137173917,0.224038032980577
"IGSF9",0.356719367588933,0.209778016193946
"IGSF9B",0.595849802371542,1.16955862911834
"IHH",0.199159877589787,-0.349546099586004
"IHO1",0.714426877470356,1.12148151631372
"IK",-0.806324110671937,-2.18551113675759
"IKBIP",0.027241292053543,-0.167984820890483
"IKBKB",0.135408949031269,0.196657727512955
"IKBKB-DT",0.584630608408728,0.496930344059834
"IKBKE",0.732213438735178,1.57537860284375
"IKBKG",0.0731225296442688,-0.0903449325789219
"IKZF1",0.0558438366442826,-0.442379975278817
"IKZF2",-0.0197677297855868,0.397413141511384
"IKZF3",0.740118577075099,0.978183988953049
"IKZF4",0.516431940648454,1.45041495688768
"IKZF5",0.00592885375494071,0.35591897066594
"IL10",0.272300477796458,0.0590647758097397
"IL10RA",0.0815418853655454,0.38575521960826
"IL10RB",0.459940877812407,0.932400900845461
"IL10RB-DT",0.676550551911707,1.58366382242489
"IL11",0.661067193675889,0.920328338719161
"IL11RA",-0.347417850981687,-1.24304558349485
"IL12A",0.134058969695472,0.234209142387705
"IL12A-AS1",0.342885375494071,0.252847347681172
"IL12B",-0.0108695652173913,-0.114922187617719
"IL12RB1",0.589920948616601,0.604810094387365
"IL12RB2",-0.0928853754940711,-0.357808885158598
"IL13",0.652173913043478,1.06274472158891
"IL13RA1",-0.135375494071146,-0.0768269064921431
"IL13RA2",-0.531751931232284,-0.938258386411587
"IL15",0.0509019041978859,0.581109732934857
"IL15RA",0.623145705423261,0.85351336234449
"IL16",0.567828038090979,1.27922826316264
"IL17A",0.302940458964117,0.22844261745189
"IL17B",0.3300395256917,0.47754952844469
"IL17C",0.538537549407115,0.55925075876785
"IL17D",-0.33596837944664,-0.792533711323315
"IL17F",0.124042504404557,-0.148553610613969
"IL17RA",0.363007101413233,0.551365785613681
"IL17RB",-0.211462450592885,-0.131568029744494
"IL17RC",0.652173913043478,0.875318822151089
"IL17RD",0.0108695652173913,-0.350793802744
"IL17RE",0.43125639295959,0.621643010651164
"IL18",0.538081371032149,0.775050109703308
"IL18BP",0.412651359274123,0.566215185112164
"IL18R1",0.263833992094862,0.408831148751777
"IL18RAP",0.517786561264822,0.35614264946878
"IL19",0.513960974425256,0.425552737944335
"IL1A",0.330366135891062,0.46077212256305
"IL1B",0.25302694125551,0.370962532543042
"IL1F10",0.456973517310391,0.149806501859404
"IL1R1",0.00296442687747036,-0.0113628202575073
"IL1R2",0.465035843205928,0.78325434506129
"IL1RAP",0.220355731225296,0.522601413696507
"IL1RAPL1",0.162055335968379,0.979489753183071
"IL1RAPL2",0.801581442805543,1.68414040164511
"IL1RL1",0.158102766798419,0.0682965074391985
"IL1RL2",-0.0197824033467702,-0.1156753671208
"IL1RN",0.49901185770751,0.3716981358668
"IL2",0.220355731225296,-0.0926572008863043
"IL20",0.387256194276764,0.206777460626565
"IL20RA",0.722332015810277,1.41322132302631
"IL20RB",0.282608695652174,0.144186158877178
"IL21",0.542490118577075,0.639700309613797
"IL21R",0.405639686901428,1.09892847475339
"IL21R-AS1",0.591897233201581,0.689164502267425
"IL22",-0.11968354024796,-0.526107983545427
"IL22RA1",0.58300395256917,0.760930688710182
"IL22RA2",-0.310353357633712,-0.886215992809803
"IL23A",0.420948616600791,0.57670197035619
"IL23R",0.028691587610101,-0.00926597258754227
"IL24",0.0168025703177487,-0.34743238844297
"IL25",-0.0079070919142347,-0.592222839802238
"IL26",-0.260439839925105,-0.645844358161864
"IL27",0.694664031620553,0.759400887988352
"IL27RA",-0.515443554159175,-1.13901239256161
"IL2RA",0.61181123686391,0.954548120916329
"IL2RB",0.565851265112421,0.749438241967682
"IL2RG",0.458951757645068,0.486519475609516
"IL3",0.401185770750988,0.849483019630575
"IL31RA",0.58102766798419,0.843043862338786
"IL32",0.224308300395257,0.264274893841663
"IL33",-0.543478260869565,-1.14040358400724
"IL34",0.0513833992094862,-0.499104525546267
"IL36A",0.41501976284585,0.33070775177774
"IL36B",-0.289252991986712,-0.774898043950153
"IL36G",-0.154150197628458,-0.564328860883673
"IL36RN",0.477272727272727,0.497677195054433
"IL37",0.508893280632411,0.633038517111035
"IL3RA",0.647887343722606,1.0355658687328
"IL4",0.528292578519806,0.965534175932853
"IL4I1",0.114158639511763,-0.0992982164547697
"IL4R",0.115641219245683,0.514727850425105
"IL5",-0.157114624505929,-0.336417648623263
"IL5RA",0.151185770750988,-0.102736597577867
"IL6",0.423913043478261,0.805608368213356
"IL6-AS1",0.733201581027668,0.963801398540705
"IL6R",-0.397233201581028,-1.45974332979044
"IL6R-AS1",-0.0724934457542556,-0.38322791889875
"IL6ST",-0.621541501976285,-1.72575222862261
"IL6ST-DT",0.465578446006008,0.400038866513449
"IL7",-0.0711638272281123,-0.0499897529031055
"IL7R",0.367185580767274,0.507233682648073
"IL9",-0.00296442687747036,-0.264516901179549
"IL9R",0.505065496021742,0.332057481480765
"ILDR1",-0.100790513833992,-0.0449297632519116
"ILDR2",0.142433304096745,0.208142139891304
"ILF2",-0.795454545454546,-1.90122966392651
"ILF3",-0.185322466739876,-0.58823404262204
"ILF3-DT",0.290513833992095,0.191023035307877
"ILK",-0.581602658395044,-1.09700316042438
"ILKAP",-0.856719367588933,-2.53441772729811
"ILRUN",-0.302371541501976,-0.895964078537856
"ILRUN-AS1",0.58399209486166,1.00056236876455
"ILVBL",0.235730177693122,0.629193202770042
"IMMP1L",-0.211462450592885,-0.166275030467438
"IMMP2L",-0.622683488245983,-1.23554066333847
"IMMT",-0.809288537549407,-2.53348035350354
"IMP3",-0.727272727272727,-1.35745674481366
"IMP4",-0.678853754940711,-1.6283121250021
"IMPA1",-0.568181818181818,-0.765366236352211
"IMPA2",-0.281620553359684,-0.654111025503091
"IMPACT",-0.467012616184487,-0.794969503376333
"IMPDH1",0.810276679841897,1.34853830182236
"IMPDH2",-0.813241106719368,-2.10727785343225
"IMPG1",0.143810234190144,0.112055217097873
"IMPG2",0.386363636363636,0.402009002103618
"INA",-0.845070448333834,-1.39290341182029
"INAFM1",0.623517786561265,1.21094964918585
"INAFM2",-0.243083003952569,-0.291151222757158
"INAVA",0.527304192030527,0.832595664919129
"INCENP",0.437855214750747,1.20773104870268
"INE1",0.659743151614786,0.942832935556728
"INF2",-0.0434782608695652,-0.58143535368207
"ING1",-0.393280632411067,-0.303707283452571
"ING2",0.16600790513834,1.10891483941268
"ING2-DT",0.100890257068528,-0.49625162479061
"ING3",0.075098814229249,0.684842737879582
"ING4",-0.494071146245059,-1.27578317915918
"ING5",0.00494071146245059,0.084679079360577
"INGX",0.0948616600790514,-0.17307624640584
"INHA",0.205090196525463,0.187110256951474
"INHBA",-0.368577075098814,-0.587272960510948
"INHBA-AS1",0.0484309379746875,-0.667945561900615
"INHBB",0.259149483842689,0.830928797986272
"INHBC",-0.189723320158103,-1.28221509657991
"INHBE",-0.416604905231241,-1.96880759936225
"INIP",0.601778656126482,2.30327676354722
"INKA1",0.16501976284585,-0.334060969575846
"INKA2",0.119565217391304,-0.0554649082855888
"INKA2-AS1",0.199802273802379,0.205070261107666
"INMT",0.207509881422925,-0.0917857888481781
"INO80",0.209486166007905,0.539962261797882
"INO80B",0.414441350114835,0.415220821761447
"INO80C",-0.768774703557312,-2.40778190987998
"INO80D",0.642292490118577,3.16738661995508
"INO80E",0.0138339920948617,-0.131693519821543
"INPP1",-0.721343873517787,-1.74955842469808
"INPP4A",-0.289525691699605,0.129624727657831
"INPP4B",-0.58300395256917,-1.02321911166943
"INPP5A",-0.627470355731225,-1.12531678695429
"INPP5B",0.576229323249854,1.14005947552734
"INPP5D",0.0899209486166008,0.52374021649412
"INPP5E",0.639328063241107,1.38449071897304
"INPP5F",-0.726284584980237,-1.13297335123872
"INPP5J",0.307312252964427,0.149675646155363
"INPP5K",-0.584136415164089,-1.540214246774
"INPPL1",0.1699604743083,0.440924911471836
"INS",0.200642457323706,-0.0638791032827786
"INSC",0.137487703260053,-0.113181819889283
"INSIG1",-0.598814229249012,-1.07808930788273
"INSIG1-DT",-0.5800395256917,-1.14609374237363
"INSIG2",-0.883399209486166,-2.461696893948
"INSL3",0.198616600790514,0.5742705239568
"INSL4",0.407114624505929,0.864976827514149
"INSL5",-0.487768732459353,-1.13279569525345
"INSL6",0.465415019762846,0.950471925526186
"INSM1",-0.0207561162748661,0.396145226754078
"INSM2",-0.136363636363636,-0.193805526058374
"INSR",-0.726284584980237,-1.87343781327151
"INSRR",0.411067193675889,0.499198804808928
"INSYN1",0.0553496433996429,0.187145682475291
"INSYN2A",-0.28317272917853,-0.217592032548453
"INSYN2B",-0.303359683794466,-0.580384465193207
"INTS1",-0.400296528158132,-1.04061323467653
"INTS10",-0.74901185770751,-1.86433667282164
"INTS11",0.139856688233026,0.104601664421048
"INTS12",-0.779644268774704,-1.63036499125919
"INTS13",-0.577075098814229,-0.621366109238088
"INTS14",-0.812252964426878,-2.22694321001415
"INTS15",0.00691699604743083,-0.153896670644428
"INTS2",-0.674901185770751,-1.23153618700944
"INTS3",-0.720355731225296,-4.27749623195212
"INTS4",0.647233201581028,0.799280473814733
"INTS4P1",0.134387351778656,0.124656060255637
"INTS5",-0.0177865612648221,0.0345540820778092
"INTS6",0.293478260869565,0.824519428153099
"INTS6-AS1",0.0326167541462181,0.0147782401671576
"INTS6L",-0.706521739130435,-1.36195320998985
"INTS7",-0.102766798418972,-0.232916074958537
"INTS8",-0.511857707509881,-0.585554671753966
"INTS9",0.266073325014059,0.0077153076987577
"INTU",-0.76155178998973,-1.50118599453224
"INVS",-0.0770941461637883,0.0501229469366887
"IP6K1",-0.471343873517787,-1.51407282542163
"IP6K2",-0.83201581027668,-2.26896204608216
"IP6K3",0.227272727272727,0.832976749955558
"IPCEF1",0.0326086956521739,0.30115956842068
"IPMK",0.127007663872395,0.632125275880026
"IPO11",-0.726284584980237,-3.17285127170012
"IPO13",0.0533596837944664,-0.137418914573441
"IPO4",0.487154150197628,1.04650585670575
"IPO5",-0.773715415019763,-1.44313614065709
"IPO5P1",-0.397233201581028,-1.18980559972162
"IPO7",-0.206521739130435,0.454426101386675
"IPO8",-0.812252964426878,-1.93963587813793
"IPO9",0.197628458498024,0.722249717405615
"IPP",-0.193675889328063,0.0465962804023462
"IPPK",-0.684782608695652,-2.01494064723731
"IPW",-0.471343873517787,-0.373379007858721
"IQCA1",0.692687747035573,2.1828798099362
"IQCB1",-0.461462450592885,-0.632222519913107
"IQCC",-0.0429948122836512,-0.656625704120061
"IQCD",-0.454163591823856,-0.348402803610296
"IQCE",-0.66897233201581,-1.7494404059585
"IQCF1",0.00592885375494071,-0.151717728003244
"IQCF2",0.341981725290651,-0.155609760620584
"IQCF3",0.404350024685231,0.499726342687231
"IQCF4P",0.0350825058233494,0.499143551643579
"IQCF5",0.381517184861824,0.20278486746668
"IQCF5-AS1",0.297504333273081,0.316096672071807
"IQCF6",0.224308300395257,0.672032264732458
"IQCG",-0.662713141061796,-1.68818734540702
"IQCH",0.560415139421384,0.28876689906967
"IQCH-AS1",0.663207334306436,1.97025202033183
"IQCJ-SCHIP1-AS1",0.511490008202057,0.487300846001136
"IQCK",-0.555335968379447,-1.14941746558796
"IQCM",0.611660079051383,0.901654072712915
"IQCN",0.0791296133870807,-0.188365233052915
"IQGAP1",0.496047430830039,1.76401665089157
"IQGAP2",0.0420064257943719,0.262922746077868
"IQGAP3",0.276679841897233,0.140015211347583
"IQSEC1",-0.779644268774704,-2.46995759624737
"IQSEC2",0.598814229249012,0.805165467878475
"IQSEC3",0.155176678816856,0.0996362217921933
"IQUB",-0.0518902906871652,-0.568686157758616
"IRAG1",-0.0879446640316206,-0.434118122466676
"IRAG1-AS1",0.299407114624506,0.556870099451443
"IRAG2",-0.569169960474308,-0.960819206596471
"IRAK1",-0.319169960474308,-0.370629636419916
"IRAK1BP1",0.604743083003953,2.25060394001994
"IRAK2",-0.0948616600790514,0.030243431593168
"IRAK3",0.359772682097679,-0.240322259553378
"IRAK4",0.395848788956375,0.448016422814143
"IREB2",-0.479249011857708,-0.30945414509311
"IRF1",0.292490118577075,0.535230671632088
"IRF1-AS1",0.723320158102767,1.94975157420578
"IRF2",-0.189723320158103,-0.0654456611906929
"IRF2BP1",0.851989153758789,2.24733914628906
"IRF2BP2",0.5,2.6478997279088
"IRF2BPL",0.181818181818182,0.796204742598828
"IRF3",0.441699604743083,1.23240384953627
"IRF4",0.482213438735178,0.390351164941465
"IRF5",0.319169960474308,0.157940756348963
"IRF6",0.325673348217542,0.276453034392168
"IRF7",0.496664210862867,0.824937751521093
"IRF8",0.0153199905838297,0.0151535573349088
"IRF9",-0.755928853754941,-2.60124355333006
"IRGC",0.452569169960474,0.813852255705075
"IRGM",0.278724989976773,0.161203183718571
"IRGQ",-0.784584980237154,-1.94014010068135
"IRS1",-0.275691699604743,-0.394743382725368
"IRS2",-0.514822134387352,-0.679161381505275
"IRS4",0.508893280632411,1.242357818191
"IRX1",0.304649011540261,0.144590630723488
"IRX2",0.519762845849802,0.785474947693789
"IRX3",0.683794466403162,1.00232521456248
"IRX4",0.466738623349316,0.580202552514508
"IRX5",0.690405876802279,1.0976920121828
"ISCA1",-0.587944664031621,-0.197527416647025
"ISCA2",-0.562886105644583,-1.14048302760947
"ISCU",-0.712626658770402,-1.17001131451202
"ISG15",-0.547430830039526,-1.29560438461109
"ISG20",0.592885375494071,1.20702440175795
"ISG20L2",-0.423523610656196,-0.423978776014617
"ISL1",-0.455533596837945,-0.447541714089441
"ISL2",0.370150740235112,0.944527586874418
"ISLR",0.157114624505929,-0.205585616128749
"ISLR2",-0.211462450592885,-0.315337217931189
"ISM1",-0.0128458498023715,0.427526156331092
"ISM1-AS1",0.614624505928854,1.13314133082598
"ISM2",0.568744096219643,0.555820376534846
"ISOC1",-0.193229558654111,-0.00667902906678798
"ISOC2",0.33498023715415,0.137407816937526
"IST1",-0.516798418972332,-0.911661207674091
"ISX",0.726284584980237,1.46670792089952
"ISY1",0.161067193675889,1.02892749914796
"ISYNA1",0.394268774703557,0.473992316006683
"ITCH",-0.105731225296443,-0.568741676893023
"ITFG1",-0.141304347826087,0.0621765540198678
"ITFG2",-0.494687437884308,-1.02926832936101
"ITGA1",0.270750988142292,0.193018141757906
"ITGA10",0.205533596837945,0.251745654783262
"ITGA11",0.359683794466403,0.126747100267757
"ITGA2",0.309288537549407,0.544975624035047
"ITGA2B",0.0928853754940711,-0.252030706891092
"ITGA3",0.0782568026265418,0.293028965334999
"ITGA4",-0.192687747035573,-0.724369629427914
"ITGA5",0.262910806148304,1.06623748826628
"ITGA6",0.058300395256917,0.44704823723232
"ITGA6-AS1",0.270323704817899,-0.0819861315913043
"ITGA7",0.275691699604743,0.098783179053556
"ITGA8",0.262845849802372,0.585512440161292
"ITGA9",-0.382411067193676,-1.04413078015297
"ITGA9-AS1",0.170002476156046,0.0137742657604344
"ITGAD",0.576723516494493,0.971386680540145
"ITGAE",-0.627470355731225,-1.00785284303727
"ITGAL",0.297430830039526,-0.353920118109646
"ITGAM",0.283877488026152,0.713042045992996
"ITGAV",-0.482213438735178,-0.633135703265248
"ITGAX",0.712132465525763,1.50937590877026
"ITGB1",-0.392292490118577,-1.03990781548119
"ITGB1-DT",0.065727701537076,0.194691541168369
"ITGB1BP1",-0.139328063241107,-0.37994815389988
"ITGB1BP2",-0.0523715415019763,-0.326511432265333
"ITGB2",0.232213438735178,-0.0231355644377403
"ITGB2-AS1",0.0642292490118577,-0.539398716369959
"ITGB3",0.580677062451611,0.558692127594781
"ITGB3BP",-0.376482213438735,-1.04262113106566
"ITGB4",0.34297011177993,0.173424328729561
"ITGB5",-0.0943909097261767,-0.067113774808093
"ITGB6",0.681818181818182,1.3943089016916
"ITGB7",0.57072233655432,0.657052033539166
"ITGB8",0.243083003952569,0.632764095691746
"ITGB8-AS1",0.670948616600791,0.996749836877538
"ITGBL1",-0.0158102766798419,0.230512515298773
"ITIH1",0.0785961539424838,-0.409585274769698
"ITIH2",0.301635397465595,0.173661904958725
"ITIH3",-0.0662055335968379,-0.56602632229431
"ITIH4",0.363636363636364,0.60580859199237
"ITIH5",0.167905418293656,0.688374506828626
"ITIH6",0.41699604743083,-0.1012817250416
"ITK",-0.354743083003953,-1.02578344941903
"ITLN1",-0.192878432631009,-1.07928232494012
"ITM2A",-0.226284584980237,-0.143682693330883
"ITM2B",0.0938735177865613,0.606493454730717
"ITM2C",-0.714426877470356,-2.15360290361744
"ITPA",-0.855731225296443,-2.29757589896061
"ITPK1",0.129478630095593,-0.113602926249214
"ITPK1-AS1",0.588089961121206,1.21753839228263
"ITPKA",-0.0988142292490119,0.244302348232225
"ITPKB",0.16699604743083,0.565849321493343
"ITPKB-IT1",0.329051383399209,-0.190060905274628
"ITPKC",0.553359683794466,0.523197540486181
"ITPR1",0.255003714234069,1.24047706003266
"ITPR1-DT",0.105731225296443,0.724160674652167
"ITPR2",0.628119613937019,1.07040414736434
"ITPR2-AS1",-0.178853754940711,-0.179430942037747
"ITPR3",0.489130434782609,0.288015099413472
"ITPR3-AS1",0.3874475037975,0.186732694631399
"ITPRID1",0.673585392443869,0.966033901413286
"ITPRID2",-0.272727272727273,-0.0258549298072527
"ITPRIP",0.527304192030527,1.30326349475158
"ITPRIPL1",0.266436018710684,0.491851981224609
"ITPRIPL2",-0.343873517786561,-0.201696143511519
"ITSN1",0.304347826086957,0.965316987471213
"ITSN2",-0.234189723320158,-0.110759352715572
"IVD",-0.259881422924901,-0.893626864487453
"IVL",0.70126021414369,1.38753445720734
"IVNS1ABP",-0.514822134387352,-0.52804306318118
"IWS1",-0.792490118577075,-2.06159925959368
"IYD",-0.175976294361788,-0.835899064129578
"IZUMO1",0.227385099456243,0.180308497012414
"IZUMO2",0.525013992304648,0.673223031968694
"IZUMO4",0.224308300395257,-0.251911238982699
"JADE1",-0.1699604743083,0.202242615318908
"JADE2",-0.102766798418972,0.528805563523325
"JADE3",0.0513833992094862,0.515777131831358
"JAG1",-0.634387351778656,-1.22435576521702
"JAG2",0.290513833992095,0.0455897326780293
"JAGN1",-0.750679538607657,-1.6552774509004
"JAK1",-0.74703557312253,-1.93086852007691
"JAK2",-0.233201581027668,-0.293442638140363
"JAK3",-0.325098814229249,-0.914662351669328
"JAKMIP1",-0.894268774703557,-3.7394406158878
"JAKMIP2",-0.572134387351779,-1.00047535675534
"JAKMIP2-AS1",0.555335968379447,1.40253719784491
"JAKMIP3",-0.598814229249012,-1.16580492196923
"JAM2",-0.426982963368674,-0.761806572489348
"JAM3",-0.212450592885376,-0.388729730389857
"JAML",0.450704239111378,0.435040026640193
"JARID2",0.601927371971117,1.37088384827563
"JARID2-AS1",0.184965471292301,0.319060368047792
"JAZF1",-0.603754940711463,-0.581495461846059
"JAZF1-AS1",-0.471343873517787,-0.968480079726685
"JCAD",-0.0108695652173913,0.0832634000849674
"JCHAIN",0.187932831794317,0.234267339074595
"JDP2",0.517914520382373,0.696502088492269
"JHY",-0.236224370937762,-0.194279431296114
"JKAMP",-0.803359683794466,-1.87611809091904
"JMJD1C",-0.760633408683314,-1.40840584930917
"JMJD1C-AS1",0.389328063241107,0.346922643467098
"JMJD4",-0.0276679841897233,-0.155910939077569
"JMJD6",-0.105757354352889,-0.366565370436488
"JMJD7",-0.303434652208757,-0.984478016797328
"JMJD7-PLA2G4B",0.742094861660079,2.29607354376873
"JMJD8",0.0934025232368974,-0.182641320686672
"JMY",-0.677547314626879,-1.10654608791016
"JOSD1",-0.810276679841897,-3.20916605748904
"JOSD2",0.757905138339921,1.12184489055433
"JPH1",-0.127470355731225,-0.28972723840499
"JPH2",0.410079051383399,0.315281989999447
"JPH3",-0.328063241106719,-0.789353266445636
"JPT1",-0.687747035573123,-1.92214498665714
"JPT2",0.0592885375494071,0.142410999253035
"JPX",0.715415019762846,1.3563131621584
"JRK",0.485791959480794,0.736481693702203
"JRKL",-0.274703557312253,-0.362477499454589
"JSRP1",0.58596837944664,0.548342913941189
"JTB",-0.470355731225296,-0.710551745218007
"JUN",-0.0879446640316206,-0.0687455184419947
"JUNB",0.551929053374888,1.31459546818509
"JUND",0.653162055335968,1.87823314809197
"JUP",0.236166007905138,-0.0234310703041527
"KAAG1",0.497652597352147,0.665030517397267
"KALRN",-0.567193675889328,-1.08021735804023
"KANK1",-0.111660079051383,-0.0754961129782898
"KANK2",0.592885375494071,0.528920977263103
"KANK3",0.192878432631009,0.0540257388025561
"KANK4",0.0924141367476181,-0.070588553726431
"KANSL1",0.66798418972332,1.90029722468822
"KANSL1-AS1",0.000494315433600527,0.1237706166445
"KANSL1L",-0.115612648221344,0.259721252045715
"KANSL1L-AS1",0.433234633294267,0.0229560898912617
"KANSL2",-0.408102766798419,-0.463945483138899
"KANSL3",-0.6699604743083,-2.7718803739304
"KARS1",-0.756916996047431,-1.42286949307638
"KASH5",0.534717090700122,0.451599147347451
"KAT14",-0.658265401860039,-1.09392509004744
"KAT2A",0.514822134387352,1.14633337595426
"KAT2B",-0.351778656126482,-0.400477509915277
"KAT5",-0.582591778562382,-1.04244477675772
"KAT6A",0.0968618759493751,0.506505372758278
"KAT6B",0.737154150197628,2.93544669648124
"KAT7",-0.546442687747036,-0.728112011350773
"KAT8",-0.149209486166008,0.0130225168769391
"KATNA1",-0.547430830039526,-1.10162678925436
"KATNAL1",-0.66699604743083,-0.884246150394302
"KATNAL2",-0.23002738342581,-0.678818561949741
"KATNB1",0.66699604743083,1.78232926321899
"KATNBL1",-0.381517184861824,-0.728982461830546
"KATNIP",0.560276679841897,1.33330002325105
"KAZALD1",0.375494071146245,0.4012362810297
"KAZN",0.440711462450593,1.6632937647149
"KBTBD11",-0.766798418972332,-2.25623135887618
"KBTBD12",-0.454186632965436,-0.726744903980054
"KBTBD2",-0.388339920948617,-0.336837465894628
"KBTBD3",-0.595849802371542,-0.897567728842807
"KBTBD4",-0.570793197558818,-0.336705348071662
"KBTBD6",-0.874505928853755,-2.00861340008812
"KBTBD7",-0.468379446640316,0.0193988225417824
"KBTBD8",-0.310847550878352,0.117603460048355
"KCMF1",-0.361660079051383,-0.229534875393637
"KCNA1",-0.480237154150198,-1.01433547694968
"KCNA10",-0.169139548614885,-0.461979230685847
"KCNA2",-0.687747035573123,-1.65358596799395
"KCNA3",0.273715415019763,0.557719130718948
"KCNA4",-0.324110671936759,-0.402973883865358
"KCNA5",-0.262116844344705,-0.525483078614388
"KCNA6",-0.204545454545455,-0.420735308455136
"KCNA7",0.121541501976285,-0.40272124765695
"KCNAB1",0.192687747035573,0.0717799760953235
"KCNAB2",-0.275691699604743,-0.924838906829287
"KCNAB3",0.350174426942817,0.152217632410702
"KCNB1",0.216403162055336,1.01596366931087
"KCNB2",-0.146245059288538,-0.199613718122568
"KCNC1",0.0731225296442688,-0.0805992665679807
"KCNC2",0.426488770124034,0.340427571914875
"KCNC3",0.634387351778656,0.981251339856693
"KCNC4",0.104743083003953,0.41383444550469
"KCND1",-0.00842003572564057,0.222600601983919
"KCND2",-0.201581027667984,0.346402585310142
"KCND3",-0.464426877470356,-0.884263178723092
"KCNE1",0.153541827938152,-0.271053769344889
"KCNE2",0.505202143538435,0.269181573223305
"KCNE3",0.00197628458498024,0.0892203775200445
"KCNE4",0.708178919568645,1.34634724549614
"KCNE5",-0.0978260869565217,-0.185376906974733
"KCNF1",-0.515810276679842,-1.04020299028773
"KCNG1",0.722332015810277,2.51798619971153
"KCNG2",0.219421800620013,0.820244423850277
"KCNG3",-0.474308300395257,-0.990641623601746
"KCNG4",0.370553359683794,0.48965368637844
"KCNH1",0.558832889496002,1.66918006248696
"KCNH2",0.740795673714864,1.50513142674986
"KCNH3",0.363232034810157,0.473929289529799
"KCNH4",0.385375494071146,0.25544462780495
"KCNH5",-0.289812209030183,-0.254798160916926
"KCNH6",0.730417615577431,1.04057201717818
"KCNH7",0.315217391304348,0.302285229678864
"KCNH7-AS1",-0.207549728255334,-1.00065477079856
"KCNH8",-0.182806324110672,-0.331428062212384
"KCNIP1",0.418581678209799,0.69676362909405
"KCNIP2",-0.273288864285737,-0.545933267949064
"KCNIP2-AS1",0.738324707491665,1.30927193344172
"KCNIP3",0.158102766798419,-0.16304597781722
"KCNIP4",-0.572134387351779,-0.635863008307809
"KCNJ1",0.212218811805747,-0.243757169367339
"KCNJ10",-0.16798418972332,0.0282057307321523
"KCNJ11",0.382789504760003,0.487941314040224
"KCNJ12",-0.41501976284585,-0.640284058891259
"KCNJ13",-0.0810476921209057,-0.147553539686913
"KCNJ14",0.282888367858814,-0.189726442887461
"KCNJ15",0.450592885375494,0.560416660190564
"KCNJ16",-0.0306324110671937,0.0176699943530869
"KCNJ2",-0.00790513833992095,0.287680998020872
"KCNJ2-AS1",-0.0604411458497449,-0.400629156363382
"KCNJ3",-0.161067193675889,0.219329881012095
"KCNJ4",0.175889328063241,0.694580736136733
"KCNJ5",0.429841897233202,0.655849861099934
"KCNJ5-AS1",-0.327398775389047,-0.254980463313865
"KCNJ6",-0.371541501976285,-0.566468533421188
"KCNJ8",-0.0207509881422925,0.217837314504907
"KCNJ9",-0.531620553359684,-1.85762342913874
"KCNK1",0.0296442687747036,0.52936893249685
"KCNK10",0.278656126482213,0.712485394964035
"KCNK12",0.347912044226327,1.03230731031707
"KCNK13",0.290091434603486,0.312325278612713
"KCNK15",0.241106719367589,0.504986182243585
"KCNK16",0.408102766798419,0.0827122991139754
"KCNK17",0.606525037027847,0.601813092830783
"KCNK2",-0.083518658344104,-0.534422153381327
"KCNK3",0.396637187102742,0.549036924528456
"KCNK4",0.352126779572509,0.0801645639460767
"KCNK5",0.041501976284585,-0.306233640760366
"KCNK6",0.686449396132926,0.882384850946013
"KCNK7",0.0993328421725734,-0.313139422420953
"KCNK9",0.455533596837945,0.991102990572401
"KCNMA1",0.16600790513834,0.241658578520793
"KCNMA1-AS1",0.459486166007905,0.495071210684986
"KCNMB1",0.598468019258639,0.583404321789838
"KCNMB2",0.0207509881422925,0.0605885791992793
"KCNMB2-AS1",0.320158102766798,0.480833095618061
"KCNMB3",0.316777869814028,0.283464818949042
"KCNMB4",-0.514949360914535,-1.27782758526653
"KCNN1",0.474425514854082,0.633230992270175
"KCNN2",-0.276679841897233,-0.341214447259173
"KCNN3",0.58399209486166,1.07927429079008
"KCNN4",0.399308141668852,0.450907784167216
"KCNQ1",0.785273065732434,1.64092922893226
"KCNQ1-AS1",0.370150740235112,0.429123570650934
"KCNQ1DN",0.479249011857708,0.917507981634386
"KCNQ1OT1",0.587595767876566,1.17111479036537
"KCNQ2",-0.423913043478261,-1.28260135082048
"KCNQ3",-0.599802371541502,-1.06445955911263
"KCNQ4",0.00296442687747036,-0.00301981837362026
"KCNQ5",-0.573122529644269,-0.828596670199854
"KCNRG",0.354336556406643,0.458015108592166
"KCNS1",0.408102766798419,0.349891980818151
"KCNS2",-0.284866608193491,-0.463803755103522
"KCNS3",-0.167161308280208,-0.000255227064429379
"KCNT1",0.550531274528591,0.526787124724487
"KCNT2",-0.236166007905138,-0.412180742449462
"KCNU1",0.662055335968379,0.677271581114919
"KCNV1",-0.736347934513107,-2.00886906017381
"KCNV2",0.345935271247768,0.235064695727752
"KCP",0.16699604743083,0.083760248182788
"KCTD1",-0.719367588932806,-1.88273190153762
"KCTD10",-0.560276679841897,-1.04087404011783
"KCTD11",0.348814229249012,0.827769173030759
"KCTD12",-0.548418972332016,-0.758724335565093
"KCTD13",0.611660079051383,1.85857193196408
"KCTD14",0.400199345077505,0.978246936241484
"KCTD15",0.467012616184487,0.960338216103138
"KCTD16",0.226284584980237,0.963584961811896
"KCTD17",-0.0548554501550032,-0.590550828846899
"KCTD18",0.589078347610485,0.592300200958372
"KCTD19",-0.0979228965665124,-0.354456359983144
"KCTD2",-0.66600790513834,-1.97364615661244
"KCTD20",-0.525691699604743,-1.39360480330986
"KCTD21",0.451581027667984,1.23167301427925
"KCTD3",-0.677865612648221,-0.82035311450403
"KCTD4",-0.473320158102767,-0.958380118888809
"KCTD5",-0.384482344329662,-0.21837417323036
"KCTD6",-0.358695652173913,-0.601874922282249
"KCTD7",-0.548418972332016,-1.86019955969752
"KCTD9",-0.563241106719368,-0.714686080409938
"KDELR1",0.791501976284585,2.9971053205034
"KDELR2",-0.813442080676895,-2.29236326190337
"KDELR3",0.616221864251891,1.46714573499223
"KDF1",-0.301681651038245,-0.590972024978778
"KDM1A",-0.685770750988142,-3.26846939555227
"KDM1B",0.173913043478261,0.839109291475175
"KDM2A",-0.0494193244639669,0.165624501747482
"KDM2B",-0.783596837944664,-1.39383019421177
"KDM3A",-0.677865612648221,-1.39292980649477
"KDM3B",-0.83300395256917,-3.20901081107098
"KDM4A",-0.16798418972332,0.0201499437637431
"KDM4B",0.543478260869565,0.882765493559187
"KDM4C",0.22337534657713,0.514631390609891
"KDM4D",0.00345935271247768,-0.102932443815445
"KDM5A",0.542490118577075,1.8122252666225
"KDM5B",-0.596837944664032,-1.39016584196992
"KDM5C",0.827279491526806,1.75431011499269
"KDM5D",-0.515810276679842,-0.847242880052833
"KDM6A",0.0741106719367589,0.82634947870746
"KDM6B",0.774703557312253,1.52808831612702
"KDM7A",-0.681818181818182,-2.48306129270209
"KDM7A-DT",-0.714144760818404,-1.79364768372576
"KDM8",-0.199159877589787,-0.894525500098307
"KDR",0.182896710432195,0.419057812669699
"KDSR",-0.266798418972332,-0.208774599633038
"KEAP1",-0.721343873517787,-1.57215765950175
"KEL",0.5800395256917,0.745494949934043
"KERA",-0.0365612648221344,-0.67976439042723
"KHDC1",-0.514822134387352,-0.865743415646581
"KHDC3L",0.111660079051383,-0.0122082409935715
"KHDC4",-0.560276679841897,-1.1067228322392
"KHDRBS1",-0.736166007905138,-1.02157155333935
"KHDRBS2",0.729249011857708,1.44743071904666
"KHDRBS3",-0.682806324110672,-1.09530359126931
"KHK",-0.588932806324111,-1.4196216553373
"KHNYN",0.137351778656126,0.201537727635462
"KHSRP",0.772727272727273,4.23858454569056
"KIAA0040",0.757905138339921,2.09669679931841
"KIAA0087",0.0899209486166008,0.102426263835523
"KIAA0232",-0.807312252964427,-3.29301853937753
"KIAA0319",-0.549407114624506,-0.763922822701143
"KIAA0319L",-0.669631846486751,-1.48122174609682
"KIAA0408",-0.147966074210741,-0.625939005555544
"KIAA0513",-0.714426877470356,-1.90474061015955
"KIAA0586",0.337944664031621,0.334101541081081
"KIAA0753",-0.644268774703557,-1.20342771567742
"KIAA0825",0.373517786561265,0.483736341689814
"KIAA0930",-0.0266798418972332,-0.240503685756785
"KIAA1143",-0.196640316205534,0.14467107277129
"KIAA1191",-0.371541501976285,-0.588187051024871
"KIAA1191P2",0.587537379399075,1.21101741443658
"KIAA1210",-0.0513833992094862,-0.389676869937631
"KIAA1217",0.175889328063241,0.5955185955221
"KIAA1328",-0.016798418972332,-0.348705520072685
"KIAA1549",-0.456634558047054,-0.711802436691816
"KIAA1549L",-0.737154150197628,-1.40764098595013
"KIAA1586",-0.606719367588933,-1.01140677925143
"KIAA1614",-0.0340993338801371,-0.811548623922003
"KIAA1614-AS1",0.733876968289908,1.5607850562276
"KIAA1656",0.494193244639669,0.952321156694871
"KIAA1671",-0.566205533596838,-1.27422737856705
"KIAA1755",-0.353115899739848,-0.528479841808933
"KIAA1958",-0.0153199905838297,0.130240097623978
"KIAA2012",0.620553359683795,0.819945150332349
"KIAA2012-AS1",0.0958734894600957,-0.176407508006598
"KIAA2013",-0.16501976284585,-0.701068245663951
"KIAA2026",0.0365612648221344,0.760050922278756
"KICS2",0.617588932806324,2.06662121777503
"KIDINS220",-0.762845849802372,-1.31842360634
"KIF11",-0.273783057530377,-0.713577124666398
"KIF12",0.66501976284585,1.40197359540522
"KIF13A",-0.198616600790514,0.0838483561598029
"KIF13B",0.102766798418972,0.574009037358146
"KIF14",-0.196834913300363,-0.450564981007855
"KIF15",-0.452569169960474,-0.405755565556962
"KIF16B",-0.343873517786561,0.0644497099918657
"KIF17",-0.00345935271247768,-0.064672376992334
"KIF18A",0.0573122529644269,-0.205969572353854
"KIF18B",0.155215046150566,0.358762907760924
"KIF19",0.190711462450593,-0.279960801455336
"KIF1A",0.577646177725689,2.1131466810595
"KIF1B",-0.778656126482213,-1.74175434538116
"KIF1C",0.608695652173913,1.09541346499742
"KIF1C-AS1",0.19372375189875,0.173469457651216
"KIF20A",0.409090909090909,0.47621586551319
"KIF20B",-0.552371541501976,-1.22071761297693
"KIF21A",-0.769762845849802,-1.68793994154346
"KIF21B",-0.102766798418972,-0.490408647850944
"KIF22",-0.636363636363636,-1.39531236366794
"KIF23",0.109710900310006,-0.270594425438353
"KIF23-AS1",0.614243623917214,1.24108978010766
"KIF24",-0.0890208150604658,-0.448118664406087
"KIF25",-0.058300395256917,-0.235169148894059
"KIF25-AS1",0.00791296133870808,-0.0454521487405163
"KIF26A",0.146245059288538,-0.0337575985750394
"KIF26B",-0.154150197628458,-0.0028425806554713
"KIF27",-0.619565217391304,-1.48202008178718
"KIF2A",-0.614624505928854,-0.829040290962815
"KIF2B",0.410079051383399,0.40445324802772
"KIF2C",0.499505684505947,0.421137800870242
"KIF3A",-0.274277250775016,-0.190417643376668
"KIF3B",-0.734189723320158,-1.86427398414312
"KIF3C",-0.539525691699605,-1.17521565019873
"KIF4A",-0.149209486166008,0.0787379030730018
"KIF5A",-0.574110671936759,-1.2207599708848
"KIF5B",0.0662218947817156,0.88877177825674
"KIF5C",-0.670948616600791,-0.830798231197893
"KIF6",0.407709426827727,0.268017902606112
"KIF7",0.533596837944664,0.607498141010552
"KIF9",-0.575098814229249,-0.91149390464117
"KIF9-AS1",0.373517786561265,0.0861506422728047
"KIFAP3",-0.714426877470356,-1.7871020894532
"KIFBP",-0.731225296442688,-1.41576304661121
"KIFC1",0.66403162055336,0.750429678297539
"KIFC2",0.49802371541502,0.617825372905342
"KIFC3",0.434782608695652,0.781694978836745
"KIN",-0.629446640316205,-0.924775895268891
"KIR2DL1",0.783596837944664,1.41555586234111
"KIR2DL2",0.647233201581028,1.20515217610121
"KIR2DL3",0.41699604743083,0.452774571184576
"KIR2DL4",0.306627251874938,0.630654667119752
"KIR2DL5A",0.818002378388947,1.34861419908806
"KIR2DS1",0.557863774378919,0.714267912739402
"KIR2DS2",0.741784060204143,1.3054504162657
"KIR2DS3",0.300469492740919,0.332814012881086
"KIR2DS4",0.311418723168332,0.340448143867141
"KIR2DS5",0.740118577075099,1.788320579475
"KIR3DL1",0.467391304347826,0.784333307053648
"KIR3DL2",0.633555739628055,1.04101707366111
"KIR3DL3",0.773906621105721,1.83249708727006
"KIR3DS1",0.481701521493854,0.788490615389409
"KIR3DX1",0.440326180973945,0.582178934389033
"KIRREL1",0.615612648221344,0.836899082674537
"KIRREL2",0.464047456716649,0.817015266758717
"KIRREL3",-0.0958498023715415,-0.261067527434595
"KIRREL3-AS2",0.258463066946547,0.107537700452733
"KIRREL3-AS3",0.461082297248811,0.444016957988758
"KISS1",0.0177865612648221,0.109323492756327
"KISS1R",0.16304347826087,0.662409114036171
"KIT",-0.316205533596838,-0.567470711356475
"KITLG",-0.0533596837944664,0.553690779821111
"KIZ",-0.234189723320158,-0.107286710448628
"KIZ-AS1",-0.161106997752532,-0.632464204658497
"KL",0.254940711462451,0.964505156691196
"KLB",0.226508518320519,0.644961051375651
"KLC1",-0.802371541501976,-2.19959525935306
"KLC2",0.61181123686391,1.62858999998983
"KLC3",0.744749219671981,0.973961635581751
"KLC4",0.810971114453697,2.03689424784809
"KLF1",0.414441350114835,0.569925085089213
"KLF10",0.0662218947817156,0.13194663054823
"KLF11",-0.121077344936719,0.0159164612748465
"KLF12",-0.640316205533597,-1.73160204733297
"KLF13",-0.322134387351779,-0.622292327073923
"KLF14",0.655138339920949,1.1921463068413
"KLF15",0.646404763988687,0.959530273702971
"KLF16",0.480850027034398,0.304525436369056
"KLF17",0.335889448056183,0.602535386748979
"KLF18",0.415122325497322,0.476246992630166
"KLF2",0.224308300395257,0.210977867746752
"KLF3",-0.439723320158103,-0.763081338260228
"KLF3-AS1",0.458117137780973,1.29369778047477
"KLF4",-0.0691699604743083,0.0661437871147861
"KLF5",0.200791393969717,0.534985352248367
"KLF6",-0.199604743083004,-0.176929975836934
"KLF7",0.578700289473052,1.35957253817069
"KLF8",0.306324110671937,1.01842584000389
"KLF9",0.631422924901186,2.60512540957776
"KLHDC1",-0.308300395256917,0.193817215044196
"KLHDC10",0.0148368025100776,0.224543815761187
"KLHDC2",-0.764822134387352,-1.58137517933938
"KLHDC3",-0.625494071146245,-1.19641037399154
"KLHDC4",-0.408102766798419,-0.953813913273741
"KLHDC7A",0.621167465088584,1.75823077010418
"KLHDC7B",0.0543478260869565,-0.570056270860107
"KLHDC7B-DT",0.514455167669895,0.376607394806947
"KLHDC8A",-0.00790513833992095,-0.333901731480867
"KLHDC8B",0.133432176052711,0.281460312764273
"KLHDC9",-0.50296442687747,-0.991316389439977
"KLHL1",-0.218595556981811,-0.149560230511468
"KLHL10",0.267358545350061,-0.179980526666772
"KLHL11",-0.689723320158103,-1.02368508375069
"KLHL12",-0.71608601148288,-1.56309739929161
"KLHL13",0.00840128515887437,0.0855658772300512
"KLHL14",0.368577075098814,0.797913667676718
"KLHL15",-0.600790513833992,-0.628261194392264
"KLHL17",0.302371541501976,0.704347245089263
"KLHL18",-0.617588932806324,-0.815883361358985
"KLHL2",0.197628458498024,0.533527952587674
"KLHL20",-0.441699604743083,-0.740434329099941
"KLHL21",0.338932806324111,1.11381769104623
"KLHL22",0.0276679841897233,-0.416896194015952
"KLHL23",0.189723320158103,1.0803840761034
"KLHL24",0.692858928984816,1.57965956893932
"KLHL25",0.693847315474095,0.865316303474924
"KLHL26",-0.0822191723797844,0.234331023768745
"KLHL28",-0.562391912399943,-0.645763118884802
"KLHL29",-0.373517786561265,-0.93206432575167
"KLHL3",-0.230237154150198,-0.489932663086885
"KLHL30-AS1",0.801383399209486,1.44047862573378
"KLHL31",0.226564605610798,0.352697007438868
"KLHL32",-0.174085149451578,0.0821231273172507
"KLHL34",0.655786670945432,1.23426036531123
"KLHL35",-0.259451453435826,-0.715311207435781
"KLHL36",0.268774703557312,0.554789259135673
"KLHL4",-0.0108695652173913,0.302819631792498
"KLHL40",0.665678118544761,0.937426182133217
"KLHL41",0.649209486166008,0.934242434464296
"KLHL42",-0.814229249011858,-0.713434449546623
"KLHL5",-0.280632411067194,-0.272024595563594
"KLHL6",0.662055335968379,1.62806732942186
"KLHL7",-0.74901185770751,-1.03860770623091
"KLHL8",0.588932806324111,2.62361622657145
"KLHL9",-0.717391304347826,-1.73175808874377
"KLK1",0.284584980237154,-0.107716216929228
"KLK10",0.077588339408428,-0.00727101225174966
"KLK11",0.355731225296443,-0.134630250083225
"KLK12",0.235410599826565,0.117878772423019
"KLK13",0.523715415019763,0.740983298213673
"KLK14",0.210474308300395,0.00117564483338908
"KLK15",0.0642292490118577,-0.654130675701955
"KLK2",0.458951757645068,0.245281965810909
"KLK3",0.577075098814229,0.86961983668851
"KLK4",0.754940711462451,1.59670836695069
"KLK5",-0.000988386489279338,-0.678560100482375
"KLK6",0.106719367588933,-0.160691171093523
"KLK7",-0.371541501976285,-0.846783020764631
"KLK8",0.306324110671937,0.145169756156393
"KLKB1",-0.41304347826087,-1.19173369937379
"KLLN",0.722332015810277,1.27216007018621
"KLRA1P",-0.164112723955375,-0.772280100137807
"KLRB1",0.599802371541502,0.938268651329271
"KLRC2",-0.49271066490575,-0.41239446126588
"KLRC3",-0.377470355731225,-1.03827362773783
"KLRC4",-0.0919881755624814,-0.879373059745249
"KLRC4-KLRK1",0.100890257068528,0.137380158360867
"KLRD1",0.216950834396815,-0.262749386539703
"KLRF1",-0.260934033169745,-1.31505234404851
"KLRG1",0.375586865926148,-0.0749358560262913
"KLRG2",0.70926418583043,1.1602278696186
"KLRK1",0.649209486166008,0.71008476803917
"KLRK1-AS1",0.405732653849168,0.356800293809159
"KMO",0.259881422924901,-0.119860038432014
"KMT2A",-0.0543478260869565,0.15080450557905
"KMT2B",0.275691699604743,0.659357079152216
"KMT2C",-0.0958498023715415,-0.0130464049280697
"KMT2D",0.623517786561265,1.29562757597175
"KMT2E",0.421936758893281,1.62228870731892
"KMT2E-AS1",0.427865612648221,0.324275921572058
"KMT5A",-0.293478260869565,-0.920829929112556
"KMT5B",-0.545454545454545,-0.582900079088795
"KMT5C",0.421936758893281,0.0962894401287696
"KNCN",0.701286198643003,1.36086474099433
"KNDC1",-0.402173913043478,-1.18376997277813
"KNG1",0.0880534930103101,0.0850043675985641
"KNL1",-0.00691699604743083,-0.109567248939507
"KNOP1",0.860671936758893,2.30428459667728
"KNSTRN",-0.280701762955332,-0.225211417745487
"KNTC1",-0.269829511573259,-0.93869652074489
"KPLCE",-0.26884112508398,-1.0233811160771
"KPNA1",-0.75098814229249,-1.07915148287004
"KPNA2",0.0780632411067194,0.65461830782031
"KPNA3",-0.662055335968379,-1.25871622059482
"KPNA4",-0.434782608695652,-0.245382525574529
"KPNA5",-0.142292490118577,0.555942117189446
"KPNA6",-0.521739130434783,-0.293125395970352
"KPNB1",-0.801383399209486,-2.94616732292583
"KPTN",0.696640316205534,1.68826275517394
"KRAS",-0.614624505928854,-0.772271220216007
"KRBA1",0.575240936760574,1.24987524032357
"KRBA2",0.509881422924901,0.457799172672662
"KRBOX1",-0.542490118577075,-1.50050157653889
"KRBOX1-AS1",0.751667925096936,1.43316000088826
"KRBOX4",-0.151185770750988,0.0377123360888034
"KRBOX5",0.340004952312092,0.811550747549938
"KRCC1",-0.464426877470356,-0.481141524521309
"KREMEN1",0.201630843812985,0.754023575666565
"KREMEN2",0.0449715852622099,-0.630799733657482
"KRI1",-0.302883574726684,-0.654258216863559
"KRIT1",0.234189723320158,1.30696937721268
"KRR1",0.554347826086957,3.97252028010163
"KRT1",-0.0256916996047431,-0.0816281065286844
"KRT10",-0.00197628458498024,0.695041837691088
"KRT10-AS1",-0.41501976284585,-0.65308873043475
"KRT12",0.646245059288537,0.703460381056958
"KRT13",0.138187645144337,-0.37377152102203
"KRT14",0.358695652173913,0.567595397247602
"KRT15",-0.102766798418972,-0.49660118545602
"KRT16",0.635532512606614,1.57364194837948
"KRT17",0.214479868173616,-0.0722677500700736
"KRT17P5",0.0632411067193676,-0.61132298391289
"KRT18",-0.287549407114625,-0.508747494402324
"KRT19",0.00395354595711735,-0.46052510015007
"KRT19P2",0.00989120167338509,-0.0340692450464566
"KRT2",0.437747035573123,0.319725018788138
"KRT20",0.117385203939813,-0.290143342666787
"KRT222",0.162589577486451,1.15523471513643
"KRT23",0.663207334306436,1.06693915431492
"KRT24",-0.202125037057625,-1.07857271825969
"KRT25",0.655138339920949,0.840061263535612
"KRT27",0.418030008967097,0.454241059635969
"KRT3",0.261857707509881,0.122471348252573
"KRT31",0.212997288439697,0.177933283104733
"KRT32",-0.052645364449377,-0.954575356483926
"KRT33A",0.337039792844254,0.79536897920201
"KRT33B",0.41403162055336,0.895639091344908
"KRT34",-0.0326409655221708,-0.775014780424485
"KRT35",0.196243227139409,-0.44368169785437
"KRT36",0.428853754940711,0.943335906227078
"KRT37",0.439723320158103,0.519437112048499
"KRT38",0.08300395256917,-0.165421114376438
"KRT4",0.493315034278707,0.396192257747367
"KRT40",0.248700452594852,0.176408847231026
"KRT5",0.576086956521739,1.12210873395081
"KRT6A",-0.285785918452624,-0.94938433619545
"KRT6B",0.440158474465637,0.421452336441521
"KRT7",-0.271739130434783,-1.22067027271854
"KRT7-AS",0.679841897233202,0.985329672591828
"KRT71",0.755928853754941,1.67141668045328
"KRT72",0.743760833182701,1.65823340808418
"KRT73",0.422639695728451,-0.058725092307942
"KRT74",0.691699604743083,0.852791949900948
"KRT75",0.652335082924363,1.25793150505835
"KRT76",0.399604547604758,0.588198947441429
"KRT77",0.0341077649184364,-0.747602810814002
"KRT78",0.274771444019656,0.121928704963482
"KRT79",0.375586865926148,0.55795536602228
"KRT8",0.154150197628458,0.292455165952692
"KRT80",-0.0938735177865613,-0.438063945407631
"KRT81",0.214479868173616,0.249628322456976
"KRT82",0.50296442687747,0.77512607223454
"KRT83",-0.122650900749975,-0.996641333498168
"KRT84",-0.183794466403162,-0.855814456312326
"KRT85",-0.0711462450592885,-0.34623976987297
"KRT86",-0.192241172164831,-0.60584787218311
"KRT8P12",0.176877470355731,0.187984021226327
"KRT9",0.622683488245983,1.12765029960884
"KRTAP1-1",0.498640983841426,0.60099719970712
"KRTAP1-3",0.557449979953546,1.17990071968777
"KRTAP1-5",0.401185770750988,0.384741931164923
"KRTAP10-11",0.603754940711463,1.32925373131196
"KRTAP10-12",-0.0790513833992095,-0.516559147568103
"KRTAP11-1",0.396637187102742,0.492233867737795
"KRTAP13-1",0.481344220279037,0.145306743009296
"KRTAP17-1",-0.0968379446640316,-0.342559403076099
"KRTAP19-1",0.112181866533205,0.0491886389016223
"KRTAP19-3",0.382411067193676,0.27351809591331
"KRTAP2-1",0.322708188749704,-0.117874744495957
"KRTAP2-3",0.562886105644583,1.14059225289253
"KRTAP2-4",0.656443737217311,0.940004176918877
"KRTAP3-1",0.755127277809414,0.964413772173414
"KRTAP3-2",0.115641219245683,-0.377110130204431
"KRTAP3-3",0.112676059777844,-0.371138504529288
"KRTAP4-1",0.628458498023715,0.824627611410228
"KRTAP4-11",0.075098814229249,-0.387692707790936
"KRTAP4-12",0.652173913043478,0.749593434578495
"KRTAP4-2",0.614282203087108,0.631753847086792
"KRTAP4-3",-0.400197628458498,-1.90516602890822
"KRTAP4-4",0.406142899707369,0.790122346250515
"KRTAP4-5",0.58596837944664,0.851084950750512
"KRTAP4-6",0.0148221343873518,-0.420706959797969
"KRTAP4-7",-0.41699604743083,-0.87246444463034
"KRTAP4-8",0.643280632411067,1.10987754247973
"KRTAP4-9",0.757905138339921,0.686300287449252
"KRTAP5-8",0.135375494071146,-0.156000695159095
"KRTAP5-9",0.404744267359889,0.454200321003642
"KRTAP5-AS1",0.621541501976285,2.09581927132313
"KRTAP7-1",0.535573122529644,1.27968038977363
"KRTAP8-1",0.668643459997472,1.30991786220166
"KRTAP9-2",0.369656546990472,0.0558416500391266
"KRTAP9-3",-0.13254210242336,-0.514525866200753
"KRTAP9-4",-0.058940250079484,-0.603967261000655
"KRTAP9-8",0.456634558047054,0.547561594382852
"KRTAP9-9",0.0454657785068495,0.00477634279611891
"KRTCAP2",-0.385470730818942,-0.436853211063804
"KRTCAP3",0.487154150197628,0.417412050361164
"KRTDAP",0.288537549407115,0.173403405178149
"KSR1",-0.0148221343873518,-0.320427635963823
"KSR2",-0.342885375494071,-0.773347419865811
"KTN1",-0.233201581027668,0.310922974244669
"KXD1",0.468989389163046,1.45197457421493
"KY",-0.465415019762846,-1.10799280778615
"KYAT1",-0.558300395256917,-0.93725230050316
"KYAT3",-0.554347826086957,-0.616618943298689
"KYNU",0.0178041630120932,-0.440845547439846
"L1CAM",0.643280632411067,2.7807104651949
"L1TD1",0.299975299496279,0.303216153292816
"L2HGDH",-0.147763780147261,-0.168499115836877
"L3HYPDH",-0.386363636363636,-0.866105630972563
"L3MBTL1",-0.0711462450592885,0.2361271882194
"L3MBTL2",0.373887423253957,0.385787122158477
"L3MBTL3",-0.699604743083004,-1.56697204831533
"L3MBTL4",-0.382999764595743,-0.42581900242193
"L3MBTL4-AS1",-0.222332015810277,-0.475774438152638
"LACC1",-0.654150197628458,-1.36364964948942
"LACRT",0.374104286192229,0.776319907748333
"LACTB",-0.43291328230435,-0.444659083047788
"LACTB2",-0.267786561264822,-0.00400784437618199
"LACTB2-AS1",0.080553498876266,-0.310509710471375
"LAD1",0.738142292490119,1.40848155394582
"LAG3",0.439831987729305,1.08844175532838
"LAGE3",-0.688735177865613,-1.58790948220748
"LAIR1",0.622156585255922,0.699889263285097
"LAIR2",0.555967400219627,0.965688616668116
"LALBA",0.604502069992129,0.819337016589955
"LAMA1",0.322134387351779,0.619423361716875
"LAMA2",-0.0405238460604528,0.204709712493339
"LAMA3",-0.0513833992094862,-0.341692006145617
"LAMA4",-0.526679841897233,-1.05459077537263
"LAMA4-AS1",-0.187747035573123,-0.871196509147818
"LAMA5",0.785573122529644,1.60591406193693
"LAMA5-AS1",0.421052644432998,0.892912983589024
"LAMB1",-0.519762845849802,-1.14460658211886
"LAMB2",-0.08300395256917,0.514312043226078
"LAMB2P1",0.241345320830596,0.0113519409810024
"LAMB3",0.199604743083004,0.194481942556371
"LAMB4",0.477272727272727,0.674514140187971
"LAMC1",0.207509881422925,1.0870106986035
"LAMC2",0.488262925703993,0.741574461391945
"LAMC3",0.427299912290236,0.590578259308756
"LAMP1",0.00592885375494071,-0.508815131553037
"LAMP2",-0.637351778656126,-0.754176521126827
"LAMP3",0.602766798418972,0.821252541498538
"LAMP5",-0.675889328063241,-1.4189752829465
"LAMTOR1",-0.602766798418972,-1.07946297569374
"LAMTOR2",-0.526679841897233,-1.04280980138593
"LAMTOR3",-0.650197628458498,-1.22319856962318
"LAMTOR4",-0.837944664031621,-2.59519545914827
"LAMTOR5",-0.66897233201581,-1.24642095480509
"LAMTOR5-AS1",-0.502594529798543,-1.02870965065938
"LANCL1",-0.788537549407115,-1.84546732923713
"LANCL2",-0.569310617824898,-0.733239380346325
"LANCL3",-0.377470355731225,-0.665719938983297
"LAP3",-0.754940711462451,-2.05386143765014
"LAPTM4A",-0.640474445053011,-1.28647487904601
"LAPTM4B",-0.25296442687747,-0.109840762299912
"LAPTM5",-0.370553359683794,-0.787897459372286
"LARGE-AS1",0.0326167541462181,-0.592260380721397
"LARGE1",-0.645256916996047,-1.91207538509852
"LARGE2",0.115727059578606,-0.290565268403501
"LARP1",-0.5800395256917,-1.34035360800311
"LARP1B",-0.169508282911406,-0.253306049389988
"LARP4",-0.421936758893281,-0.416418224243778
"LARP4B",-0.737154150197628,-1.88281632266367
"LARP6",-0.696640316205534,-1.1755977356281
"LARP7",-0.571146245059289,-1.26102835254924
"LARS1",-0.719367588932806,-1.67965933439741
"LARS2",-0.262845849802372,-0.34730277720047
"LAS1L",-0.204545454545455,-0.632623482993276
"LASP1",0.204545454545455,0.657368150827587
"LASP1NB",-0.716403162055336,-1.32413638191068
"LAT",0.738142292490119,1.23888753607364
"LAT2",0.652173913043478,0.938163937712035
"LATS1",0.180830039525692,0.399682794114345
"LATS2",-0.16600790513834,-0.50062758931548
"LAX1",0.332097860397857,0.887742138797481
"LAYN",-0.239130434782609,-0.130102523487208
"LBH",-0.314306903590829,-0.309328283749502
"LBHD1",-0.481344220279037,-0.927273952558804
"LBP",0.776679841897233,1.92737926474071
"LBR",-0.522727272727273,-1.03145915032214
"LBX1",0.33300395256917,0.421260150128295
"LBX1-AS1",0.135375494071146,-0.375206202002506
"LBX2-AS1",0.328063241106719,1.06593843901048
"LCA5",0.598814229249012,1.71298404930749
"LCA5L",0.574252550271295,0.404060411540107
"LCAL1",0.210578374713825,0.0834138013777452
"LCAT",-0.254645483334171,-0.955377476980499
"LCDR",0.214426877470356,-0.139745821656268
"LCE1B",0.467391304347826,0.526572840260428
"LCE1E",0.736842127757746,1.36350395686644
"LCE2B",0.0256916996047431,-0.00403230624153178
"LCE3D",0.453196040527125,0.927064632376479
"LCIIAR",0.574678817223674,0.798908900434077
"LCK",0.425500383634755,0.421638343201039
"LCLAT1",-0.631422924901186,-1.06918196971863
"LCMT1",-0.864624505928854,-1.90944513775638
"LCMT1-AS2",0.719090361655096,1.3893846283427
"LCMT2",-0.534584980237154,-0.660259293977867
"LCN1",0.498640983841426,1.08777684920207
"LCN10",0.497650640271752,0.794516366701366
"LCN12",0.566345458357061,1.10214182941242
"LCN15",0.61181123686391,1.09098152779345
"LCN2",0.519762845849802,0.997755814322675
"LCN6",0.700592885375494,1.25845186157066
"LCN8",0.425500383634755,0.0504479286421407
"LCNL1",0.587944664031621,1.01739996151799
"LCOR",0.314229249011858,1.58396689618545
"LCORL",0.0454545454545455,0.761392782124259
"LCP1",0.806324110671937,1.71416502785345
"LCP2",0.399209486166008,0.671802092700621
"LCT",0.160475975006326,0.0146586951291622
"LCT-AS1",-0.174901185770751,-0.858506551610757
"LCTL",-0.406126482213439,-1.13041660608826
"LDAF1",-0.0192735365409471,0.0722998976872047
"LDAH",-0.672924901185771,-1.25618062239307
"LDB1",0.892292490118577,2.48545010728726
"LDB2",-0.58498023715415,-0.859868885879758
"LDB3",0.528656126482213,1.6827706741373
"LDC1P",0.577075098814229,1.74762723622883
"LDHA",-0.772727272727273,-1.57030458504479
"LDHAL6A",0.288823088862845,0.690042085783236
"LDHAL6B",0.248085008809114,0.0352554440898859
"LDHB",-0.85050657402487,-2.15573591902672
"LDHC",-0.25395256916996,-0.833813591078802
"LDHD",-0.0688461744625906,-0.241480861352806
"LDLR",-0.539525691699605,-1.48711543662875
"LDLRAD3",-0.315217391304348,-0.467414423459412
"LDLRAD4",-0.0464426877470356,0.397470435981235
"LDLRAD4-AS1",0.141304347826087,-0.238908354654888
"LDLRAP1",0.579051383399209,0.915971446332561
"LDOC1",-0.425889328063241,-0.593867504661817
"LEAP2",0.386363636363636,1.05632999135944
"LECT2",0.445268113420342,0.329075187932411
"LEF1",0.0118577075098814,0.130794783819124
"LEF1-AS1",0.0444664031620553,-0.551608561396841
"LEFTY1",-0.511857707509881,-0.869944714208855
"LEFTY2",0.228486758655196,-0.200108673988931
"LEISA1",-0.472565554522104,-0.656358400998499
"LEKR1",0.200642457323706,0.25809858822782
"LELP1",0.729249011857708,0.614902900925118
"LEMD1",0.314540213213646,0.419628358629171
"LEMD1-AS1",-0.0444664031620553,-0.114485816677987
"LEMD2",-0.0770750988142292,-0.0944828147243057
"LEMD3",-0.66897233201581,-1.11094175604297
"LENEP",0.747714379139819,2.15926807389247
"LENG1",0.18595459145964,0.591150534512226
"LENG8",0.78931789353613,1.70242171567289
"LENG9",0.732213438735178,1.17397159100125
"LEO1",-0.703557312252964,-1.39788475779774
"LEP",0.410484869445481,0.538862666750644
"LEPR",-0.540513833992095,-1.55589785518788
"LEPROT",-0.114624505928854,-0.0983783381995523
"LEPROTL1",-0.714426877470356,-1.8804071738876
"LERFS",-0.183794466403162,-0.696802346446191
"LETM1",-0.437191113963621,-0.942650905596367
"LETM2",-0.0741289866959503,-0.468002711177052
"LETMD1",-0.872529644268775,-2.21844298587619
"LETR1",0.0765999529191487,0.0758570360810276
"LFNG",0.041501976284585,0.00879873881566318
"LGALS1",-0.565217391304348,-1.40933190583763
"LGALS12",0.579194482717692,1.14431940673518
"LGALS13",0.065727701537076,-0.45519487088892
"LGALS14",0.387735105596696,0.82727502252523
"LGALS2",0.0390412663265338,-0.537507780914771
"LGALS3",-0.194664031620553,-0.301361698383298
"LGALS3BP",0.00296736050201553,-0.123833357236407
"LGALS4",0.590909090909091,0.853643146347705
"LGALS7",0.244071146245059,-0.196977164581687
"LGALS8",-0.609683794466403,-2.12673231969645
"LGALS8-AS1",0.239683723650239,0.150358297209467
"LGALS9",0.610822850374631,1.02423490200306
"LGALSL",-0.783596837944664,-2.32554913168285
"LGI1",-0.613636363636364,-2.39785394108245
"LGI2",0.254940711462451,0.176733441525339
"LGI3",-0.107707509881423,-0.195612730696446
"LGI4",0.222552037651165,0.697041169164626
"LGMN",-0.619565217391304,-1.01734548652779
"LGR4",0.240118577075099,0.937315656775379
"LGR5",0.140455063762068,0.257494258293639
"LGR6",-0.236399719993904,-0.704724604835252
"LGSN",-0.350383010449525,-1.07836113207479
"LHB",0.478260869565217,0.205720480719645
"LHCGR",0.0444664031620553,-0.146260188615084
"LHFPL1",0.383399209486166,0.409653490162079
"LHFPL2",-0.546442687747036,-0.839988395347014
"LHFPL3",-0.33498023715415,-0.474948307908789
"LHFPL3-AS1",0.402173913043478,0.420354633387997
"LHFPL3-AS2",0.625494071146245,0.580418613072417
"LHFPL4",-0.571287390803457,-1.98738148026514
"LHFPL5",0.099802371541502,-0.171189009244649
"LHFPL6",-0.0286561264822134,0.331286374558667
"LHPP",0.494071146245059,0.884972386067787
"LHX1",0.0889328063241107,0.0634016365746544
"LHX2",0.536561264822134,1.05494824187773
"LHX3",0.625494071146245,0.437863921595478
"LHX4",0.461462450592885,0.127603690525222
"LHX5",0.624166067979902,0.668438737627684
"LHX6",-0.272727272727273,-0.236450957341758
"LHX8",0.00791100341183443,-0.321505777478588
"LHX9",0.217445027641454,0.619509574042864
"LIAS",-0.202569169960474,-0.369624854794693
"LIAT1",-0.0454545454545455,0.0547140855864316
"LIF",0.466403162055336,0.223179153069958
"LIF-AS2",0.594861660079051,0.915298919915781
"LIFR",-0.150197628458498,0.152029972400475
"LIFR-AS1",-0.318496693883,-0.768615828557855
"LIG1",-0.450592885375494,-0.733527540493235
"LIG3",-0.404150197628458,-0.734596911287176
"LIG4",-0.0395256916996047,0.350200942622372
"LILRA1",0.359278488853039,0.198918269823789
"LILRA2",0.251606555702668,0.456839859484411
"LILRA3",0.402173913043478,0.636925562870614
"LILRA4",0.294466403162055,0.561724399018694
"LILRA5",0.493083003952569,1.04412862039296
"LILRA6",0.433794466403162,0.587551113869913
"LILRB1",0.74901185770751,1.3812976774923
"LILRB2",0.400197628458498,0.616415918248709
"LILRB3",0.673585392443869,0.720579563590357
"LILRB4",0.199802273802379,-0.245376283009294
"LILRB5",0.482451863194115,0.764204312771543
"LILRP2",0.0948851029708164,-0.11033753698508
"LIM2",0.382411067193676,0.874034976760833
"LIMA1",-0.787549407114625,-2.037110727982
"LIMCH1",-0.531620553359684,-0.665855076879763
"LIMD1",0.728260869565217,1.15729238757059
"LIMD1-AS1",0.0301457879230198,-0.464283582334351
"LIMD2",0.288823088862845,-0.0337524620766707
"LIME1",0.350790513833992,0.297596590921543
"LIMK1",0.50098814229249,0.82543030516578
"LIMK2",0.197628458498024,0.444963824270594
"LIMS1",-0.116600790513834,0.374953461814614
"LIMS2",0.618577075098814,0.677835305657109
"LIMS3",0.231454119157211,0.433019316032433
"LIN28A",0.265875965616142,-0.201417544836254
"LIN28B",-0.326086956521739,-0.184871067417119
"LIN28B-AS1",0.58215964218553,0.552598359069336
"LIN37",-0.24703557312253,-0.7714525427201
"LIN52",-0.494071146245059,-0.498213191926879
"LIN54",-0.000988142292490119,-0.265499406642883
"LIN7A",-0.572134387351779,-1.63971716481964
"LIN7B",-0.114624505928854,0.291890813432574
"LIN7C",0.157647645040054,0.741679306552635
"LIN9",-0.297010140028441,-0.581318306480743
"LINC-PINT",-0.49802371541502,-0.593407853986542
"LINC00028",0.598962212503279,0.824151170836362
"LINC00029",-0.0177865612648221,-0.40783647618344
"LINC00032",0.446640316205534,0.196467844470092
"LINC00051",0.164848109523376,0.0233976265533986
"LINC00052",0.689723320158103,0.645502789781187
"LINC00092",0.166048930198929,0.548625688617217
"LINC00102",0.253654644877618,-0.0350488333292302
"LINC00106",0.397233201581028,0.0513558358863155
"LINC00112",0.41798418972332,0.606777882777597
"LINC00113",0.543161434411913,0.92411951698106
"LINC00115",0.214479868173616,0.548385182562702
"LINC00158",0.114624505928854,-0.0368863064500946
"LINC00161",0.584136415164089,0.664829229285309
"LINC00163",0.0227272727272727,-0.215938067273374
"LINC00165",0.228260869565217,0.129552106973281
"LINC00173",-0.353754940711462,-0.43652165025349
"LINC00174",0.83201581027668,1.70024862148707
"LINC00184",-0.0079070919142347,-0.124685326700995
"LINC00189",-0.565851265112421,-1.0524101340556
"LINC00205",-0.50296442687747,-1.10764595306023
"LINC00208",0.657277015370759,1.26113538113113
"LINC00210",0.577711902983773,0.665283747866086
"LINC00221",0.386757795056331,0.133577059052826
"LINC00226",0.188781819452353,-0.274980469362775
"LINC00240",0.162055335968379,-0.247068358911967
"LINC00242",0.327390800861672,0.327906287717917
"LINC00244",0.448727466132819,-0.13177623942706
"LINC00260",0.574746743515935,0.698680536092178
"LINC00261",0.102766798418972,-0.536627315112025
"LINC00265",0.58596837944664,0.539969757395511
"LINC00269",0.587101574631927,1.06703025889312
"LINC00276",0.66600790513834,1.2206411078851
"LINC00280",0.738142292490119,1.57086268834245
"LINC00290",0.0326409655221708,0.27304685552958
"LINC00293",0.2678527385947,0.426617034718722
"LINC00298",-0.420948616600791,-1.46818107709297
"LINC00299",0.370517226206305,0.286808298060414
"LINC00301",0.505559689266381,0.164280617075369
"LINC00302",0.418581678209799,0.1555530156473
"LINC00304",0.507418645844655,0.895296069140278
"LINC00305",-0.119366388816434,-0.563100357665603
"LINC00307",0.552371541501976,0.586930541372035
"LINC00308",0.556461593464267,1.24608819483669
"LINC00309",0.314306903590829,0.0804231957997639
"LINC00310",0.0770941461637883,-0.369554185239265
"LINC00311",0.556324110671937,1.08674270865815
"LINC00312",0.355094140074525,0.580933754912127
"LINC00313",0.0563241106719368,-0.249189137319312
"LINC00314",0.107760764524915,-0.201120910683652
"LINC00315",0.493570963501916,0.661270947965597
"LINC00317",-0.359050620743879,-1.3564207483684
"LINC00319",0.131422924901186,-0.110470780049513
"LINC00320",-0.258463066946547,-0.618431861186759
"LINC00323",0.329626894174659,0.19034047943909
"LINC00324",0.505065496021742,1.03756024918786
"LINC00326",0.544106762348275,0.559483122793861
"LINC00327",-0.125618261251991,-0.194596873937435
"LINC00328",0.239130434782609,-0.0848041325393753
"LINC00330",0.24703557312253,0.225136207677469
"LINC00334",0.542624182614356,1.03071237535794
"LINC00339",-0.558300395256917,-1.49815469564288
"LINC00342",0.597826086956522,0.862662084668744
"LINC00343",0.366197194277995,0.380540035901751
"LINC00347",-0.307578952095459,-0.833273975244034
"LINC00348",0.413452229947497,0.390809195554033
"LINC00354",0.37311589970295,1.18310372699162
"LINC00358",0.203758754471733,-0.243452404654181
"LINC00382",0.299975299496279,0.509051856542935
"LINC00391",-0.274975406520106,-1.11139963807655
"LINC00396",-0.247096622319834,-0.622536194794023
"LINC00408",0.632411067193676,0.598598354120419
"LINC00410",0.25302694125551,0.342759396746086
"LINC00421",0.332097860397857,0.150778278197886
"LINC00423",0.25197628458498,-0.0849331626762196
"LINC00424",0.647887343722606,0.647382215197713
"LINC00437",-0.544466403162055,-2.43811753075423
"LINC00445",0.441699604743083,0.555401854961556
"LINC00452",0.478260869565217,0.636455600664749
"LINC00454",0.289525691699605,-0.00442564387387824
"LINC00458",0.283596837944664,0.00696739463809653
"LINC00459",0.154302746104807,-0.500881763634315
"LINC00460",0.205533596837945,0.167125490278881
"LINC00462",0.372529644268775,0.545581029359386
"LINC00463",0.840909090909091,1.6386639401722
"LINC00466",0.0311650003351097,-0.0637888749088476
"LINC00467",-0.319743029281866,-0.676402251052521
"LINC00470",-0.0336801429025623,-0.372017823199636
"LINC00471",-0.559426752932105,-1.57685130932644
"LINC00472",0.431430702570431,0.992160337768776
"LINC00473",-0.0696812474941933,-0.292689621381279
"LINC00474",0.212450592885376,-0.322139264658936
"LINC00475",0.187299239718434,-0.0146451921938779
"LINC00477",-0.386459117308221,-1.02991587423849
"LINC00479",0.538081371032149,0.849896346744935
"LINC00482",0.463897358481761,0.649347319459452
"LINC00485",-0.382411067193676,-1.13238340608774
"LINC00486",0.316518453548323,0.397673275534245
"LINC00487",0.22585507593483,0.417762821498992
"LINC00488",0.3300395256917,0.456552148031407
"LINC00491",0.778656126482213,1.58811873995974
"LINC00494",0.288537549407115,0.127538662707769
"LINC00504",0.591493860068429,0.819536944620123
"LINC00507",-0.466403162055336,-0.945900994367118
"LINC00508",0.297430830039526,0.416267718114578
"LINC00511",0.0928853754940711,0.507749463293495
"LINC00513",-0.064883804709348,-0.175908175428413
"LINC00515",-0.468379446640316,-0.72916593525906
"LINC00518",-0.371633319969031,-1.23947496666073
"LINC00520",0.754940711462451,1.54718089189242
"LINC00523",0.662713141061796,1.34895631276111
"LINC00525",-0.367185580767274,-1.04418402666808
"LINC00526",-0.644268774703557,-1.54628900376258
"LINC00528",0.603754940711463,0.681528112075406
"LINC00529",-0.506461059379046,-1.21748048298581
"LINC00536",0.480850027034398,0.787280852560289
"LINC00537",0.489130434782609,1.05711732788739
"LINC00540",0.21251503275905,0.237466963917533
"LINC00543",0.65678282212612,0.950424898797889
"LINC00544",-0.0772662101882312,-0.100297845316614
"LINC00545",0.0593031893567603,0.0903949884014882
"LINC00550",0.643933797765488,0.531674491793133
"LINC00555",0.233432359491888,0.275270138377289
"LINC00556",0.212482078017636,0.0595257276515578
"LINC00557",0.528786771764446,0.308459341665087
"LINC00558",-0.371541501976285,-1.24400486243296
"LINC00559",0.000988142292490119,-0.475992926269431
"LINC00560",-0.156018309033928,-0.123381891339319
"LINC00561",0.647393150477966,1.01788298073658
"LINC00563",0.449060555971683,0.309262880791076
"LINC00564",-0.156280986439484,-0.883246491809028
"LINC00566",0.429278152624913,0.693397086426299
"LINC00567",0.215962447907535,-0.0296700738814753
"LINC00572",0.486647122330547,0.626928690192405
"LINC00574",0.423973563596961,0.256208083603497
"LINC00582",0.631422924901186,0.870239872056592
"LINC00587",-0.114652832756403,-0.490196435652912
"LINC00588",-0.0795651123869867,-0.662373766337021
"LINC00589",0.234741791203843,-0.0167723903049168
"LINC00592",0.12008895844744,-0.0597608477130902
"LINC00593",0.295454545454545,0.267364877749794
"LINC00595",0.633399209486166,1.00592815411209
"LINC00597",0.217391304347826,1.00249136250689
"LINC00598",0.356313329385201,0.750175923043817
"LINC00605",0.608695652173913,0.916961803789136
"LINC00606",-0.099802371541502,-0.637260394781645
"LINC00607",0.263404999392943,0.494464791770619
"LINC00608",0.273715415019763,0.118697052967439
"LINC00612",0.226834699289608,0.273475555420991
"LINC00615",0.249073395298393,0.454057606750721
"LINC00616",0.304649011540261,0.40701236655429
"LINC00619",-0.697628458498024,-2.24115927394225
"LINC00620",0.436866828261467,-0.142538467678627
"LINC00622",-0.192687747035573,0.494263322893981
"LINC00623",-0.176877470355731,-0.43015004651414
"LINC00624",0.115899315282347,0.0756561554326883
"LINC00626",-0.254940711462451,-0.83182591648276
"LINC00628",0.571146245059289,0.726411071102687
"LINC00629",0.0350877203694165,-0.495684433712737
"LINC00630",-0.373453349243117,-0.640937036434193
"LINC00632",0.440711462450593,0.929677217900258
"LINC00635",-0.0837050610372504,-0.114012773369169
"LINC00636",0.237388840161242,0.115309321507438
"LINC00638",0.538537549407115,0.729093198965264
"LINC00639",-0.24703557312253,-0.97901567348476
"LINC00641",0.434782608695652,0.84114886931076
"LINC00642",0.703557312252964,1.07294289059916
"LINC00643",-0.16897233201581,-0.303051080032005
"LINC00644",0.315217391304348,-0.0390367798279554
"LINC00645",0.21266083597778,0.380026929372322
"LINC00648",0.184250193525782,-0.303113253519695
"LINC00652",0.729249011857708,1.28841649407211
"LINC00654",0.630512086984732,0.969548485090004
"LINC00656",0.179886341048839,0.0819466391887308
"LINC00658",-0.0780632411067194,-0.533812991770871
"LINC00659",0.32863850768538,0.550944259273174
"LINC00661",0.256486293967988,0.320547462033516
"LINC00662",0.203557312252964,0.351423052971229
"LINC00663",0.590909090909091,1.4436951498194
"LINC00664",0.407114624505929,0.562213834643379
"LINC00665",-0.172924901185771,-0.412334764983429
"LINC00667",-0.104743083003953,-0.394176663508302
"LINC00668",0.437361021506107,0.432353040136436
"LINC00671",0.703557312252964,0.7789331861991
"LINC00673",0.0989120167338509,-0.185834823234994
"LINC00674",0.407114624505929,1.07399375598085
"LINC00680",0.152211519349018,0.205418108575219
"LINC00682",0.446640316205534,0.522669896421539
"LINC00685",0.588932806324111,0.362513930569803
"LINC00687",0.502473045007963,0.902064733087708
"LINC00689",0.505928853754941,1.04128927019765
"LINC00690",0.33695652173913,-0.0292522158690553
"LINC00691",0.350790513833992,0.610924745628841
"LINC00692",0.235177865612648,0.229453075648851
"LINC00698",0.0464886478649099,-0.513492175571516
"LINC00700",0.719090361655096,1.21298653795603
"LINC00703",-0.110205093554646,-0.80299007459046
"LINC00705",0.693675889328063,0.893524794256659
"LINC00708",-0.277667984189723,-1.12726426713772
"LINC00710",0.0830860940564348,0.115866831465467
"LINC00824",0.247280041834627,-0.161287103994392
"LINC00836",0.464426877470356,0.533183495288327
"LINC00837",-0.0889547840351404,-0.491388106314444
"LINC00838",0.106719367588933,0.0123123746838733
"LINC00839",-0.334568826621056,-0.87791156093608
"LINC00841",0.609834463885351,0.933087922006649
"LINC00842",0.615612648221344,1.42181937140115
"LINC00844",-0.147233201581028,-0.0905413939081948
"LINC00845",0.442302953952504,0.700356047695927
"LINC00847",0.205533596837945,0.575236651212131
"LINC00851",0.71018828014905,0.900944724071702
"LINC00852",0.3874475037975,0.33374035848225
"LINC00853",0.819169960474308,1.58602592448653
"LINC00856",0.646245059288537,0.906394582382075
"LINC00857",0.0681818181818182,0.227442135484365
"LINC00858",0.255256193220899,-0.0855945814840642
"LINC00862",0.0258195834193239,-0.273195409653173
"LINC00865",0.0286561264822134,-0.127721643940868
"LINC00867",0.0871721345713377,-0.0930966917180508
"LINC00868",0.649209486166008,1.18802533125079
"LINC00869",-0.00296442687747036,-0.0907414404287077
"LINC00870",0.0845070448333834,-0.207025959119098
"LINC00877",0.233753404714563,0.0205623730597565
"LINC00879",0.204747874639071,-0.361894823246557
"LINC00880",0.206521739130435,-0.370162602565666
"LINC00881",0.566345458357061,0.771566610220448
"LINC00882",-0.256916996047431,-0.702002706992842
"LINC00886",0.454995276975714,0.753052863913444
"LINC00887",0.271086034660955,0.0807019207660961
"LINC00892",-0.465035843205928,-1.68827051334132
"LINC00895",-0.107292983773004,-0.775494804370236
"LINC00896",0.649209486166008,1.22900773881438
"LINC00899",0.619377238301461,0.5908052126761
"LINC00900",0.116600790513834,0.420938828681899
"LINC00901",0.491106719367589,0.812546594637265
"LINC00905",0.257474680457267,0.0135240970502142
"LINC00906",0.463438735177866,0.808699756133241
"LINC00907",0.450592885375494,0.514503782636378
"LINC00908",0.553359683794466,1.10563207844761
"LINC00910",0.287905241191014,0.298417919956107
"LINC00911",0.305638131707599,-0.202380056669036
"LINC00917",0.460474308300395,0.411256459612117
"LINC00919",0.536561264822134,0.0264762466360495
"LINC00920",0.349802371541502,0.373440015915888
"LINC00921",0.177052509953593,-0.106876491758157
"LINC00922",0.0667160880263553,-0.366905749485814
"LINC00923",-0.0177909568070281,-0.147598109328442
"LINC00924",0.297304209546047,0.850277422997992
"LINC00926",0.560276679841897,1.2012209661901
"LINC00927",0.400197628458498,0.425944659504391
"LINC00928",0.794466403162055,1.22017248613682
"LINC00929",0.435384248527548,0.638702608058914
"LINC00930",0.648221343873518,0.398770814236843
"LINC00933",-0.122529644268775,-0.48455456683466
"LINC00934",0.33596837944664,0.00908221061642171
"LINC00937",0.108722513820727,-0.367363411279493
"LINC00938",-0.532608695652174,-0.81524922550241
"LINC00939",-0.139856688233026,-0.964664406881725
"LINC00942",0.241899764505852,0.561975583537088
"LINC00943",0.372127513213671,0.848154228697246
"LINC00944",0.754940711462451,1.09788725888507
"LINC00951",0.676079339147023,1.20426584276813
"LINC00954",0.294539173805243,0.320967946545895
"LINC00955",-0.0988142292490119,-0.840246304943128
"LINC00957",0.460474308300395,0.895281765267856
"LINC00958",0.127501857117035,-0.289096869446694
"LINC00960",-0.0682661912102404,-0.553499770405095
"LINC00963",0.3300395256917,0.699436603787551
"LINC00964",0.108228320576087,-0.365549265170816
"LINC00967",0.406126482213439,0.233740834305295
"LINC00968",0.372127513213671,0.732842310269763
"LINC00970",0.509164513291677,0.696721008301301
"LINC00993",0.17889795455956,-0.292101272130601
"LINC00996",-0.140350881477666,-0.439237754882452
"LINC00997",0.657114624505929,0.922932667273608
"LINC01000",0.266798418972332,0.902920001162208
"LINC01002",0.531620553359684,1.4227532628883
"LINC01003",-0.386363636363636,-0.28315388537558
"LINC01004",0.127470355731225,0.0737401141453022
"LINC01007",0.357707509881423,0.507938733128697
"LINC01010",0.22337534657713,0.188717448132156
"LINC01012",0.155670872061496,-0.106631971211909
"LINC01013",0.446093195469668,0.493075738897643
"LINC01015",0.54401609203618,1.15155028051888
"LINC01016",0.648875730211885,0.448939711776844
"LINC01018",-0.0685212021512826,-0.458748746803462
"LINC01019",0.0688461744625906,0.0289143386445657
"LINC01020",0.245180455065862,-0.160413633120501
"LINC01023",-0.116716179745944,-1.03789562671527
"LINC01029",0.466403162055336,0.499629671019133
"LINC01049",0.654150197628458,1.19555407015547
"LINC01056",0.67160861946531,0.89270373533636
"LINC01069",0.754940711462451,1.79053814940589
"LINC01082",0.0316205533596838,-0.690660057063065
"LINC01085",-0.0232270824980644,-0.399814498594976
"LINC01087",-0.180830039525692,-0.887879056312905
"LINC01088",-0.0276679841897233,-0.251560443100156
"LINC01089",0.637509285585173,1.08143085626276
"LINC01091",-0.368577075098814,-1.36018474839936
"LINC01093",-0.0424901185770751,-0.374302097500613
"LINC01094",-0.19421794514339,-0.449506446369955
"LINC01095",0.620553359683795,0.838733647194328
"LINC01096",0.351137659405171,0.158108662579382
"LINC01097",0.144798620679423,-0.2874860872802
"LINC01098",-0.0980686513927549,-0.704138261669267
"LINC01101",0.537549407114625,0.954474741144126
"LINC01102",-0.0879446640316206,-0.225443204784601
"LINC01103",0.0948616600790514,0.194841803653265
"LINC01104",0.231282438491365,0.506311673807428
"LINC01106",-0.394366209222456,-1.28558692194153
"LINC01107",0.331603667153218,0.389785429789383
"LINC01111",0.392680706433388,-0.105333891474339
"LINC01114",-0.379446640316206,-0.5751151243777
"LINC01115",0.559920946176745,1.19291593090154
"LINC01116",0.252038554766231,0.474253135689494
"LINC01118",0.33201581027668,-0.162307246403929
"LINC01119",-0.193867552798348,-0.495657371914552
"LINC01120",0.703990723381045,1.70978043555925
"LINC01121",0.57072233655432,0.673149045648917
"LINC01122",0.20904374248258,0.553650893258262
"LINC01126",0.315217391304348,0.267262812380804
"LINC01127",0.399209486166008,0.422832093651761
"LINC01128",0.0765999529191487,0.585428726061659
"LINC01133",0.481326116286695,0.885674872906164
"LINC01134",0.358695652173913,0.177897944054736
"LINC01138",0.071658020472752,-0.212553918486285
"LINC01139",-0.0583580898729721,-0.568106140803444
"LINC01140",0.672924901185771,0.9583820754905
"LINC01141",0.263833992094862,0.279612674885209
"LINC01142",0.484923440362117,0.423142349131039
"LINC01144",0.529775158253725,0.982865824234267
"LINC01148",-0.00890208150604659,-0.151251614724595
"LINC01149",0.319169960474308,0.193166372881891
"LINC01153",0.450704239111378,0.448996463610144
"LINC01159",0.575098814229249,1.04795732237371
"LINC01165",0.146317368345756,0.214450648908708
"LINC01169",-0.397825561934933,-1.0100217143894
"LINC01180",0.333334355491536,-0.134574493880021
"LINC01181",0.469367588932806,0.658729212476698
"LINC01186",0.665184107284994,0.928273464070955
"LINC01187",0.515443554159175,0.0597755787204626
"LINC01191",0.616221864251891,0.63786920885565
"LINC01192",-0.0138339920948617,-0.294554901182476
"LINC01193",0.366600790513834,0.485003445359243
"LINC01198",-0.30213069368475,-1.32351911393963
"LINC01204",0.25098814229249,0.400136524847259
"LINC01206",0.412651359274123,0.383133518935882
"LINC01208",0.610671936758893,0.578331696998075
"LINC01209",0.299407114624506,0.212435635411395
"LINC01210",0.733201581027668,1.46173462130588
"LINC01213",-0.359050620743879,-0.966211880485756
"LINC01214",0.268051565348736,0.0754278244695811
"LINC01215",-0.139856688233026,-0.435465641242376
"LINC01220",0.0336051406354975,-0.581210743578719
"LINC01222",0.420948616600791,0.25300046434204
"LINC01224",0.0583580898729721,-0.30768001201421
"LINC01226",0.438735177865613,0.613625669286497
"LINC01227",0.259039922618237,0.116347733480594
"LINC01231",0.706521739130435,0.869502176315071
"LINC01233",0.33695652173913,0.41634641419672
"LINC01234",0.180830039525692,0.314817991566911
"LINC01238",0.132739386733628,0.0807213114543088
"LINC01241",0.675889328063241,1.7493002037325
"LINC01242",-0.261175016895469,-1.04914184227831
"LINC01243",-0.109683794466403,-0.599803514998542
"LINC01252",-0.206521739130435,-0.187911271200145
"LINC01254",0.193420875095681,-0.261934248941052
"LINC01255",0.280701762955332,-0.068499255229903
"LINC01257",-0.0439831987729305,-0.188772612698055
"LINC01260",-0.114624505928854,-0.141993828838426
"LINC01267",0.259881422924901,0.381745281328707
"LINC01270",0.788238225200272,1.64443061234675
"LINC01271",0.445652173913043,0.368218022632
"LINC01278",0.249073395298393,0.384631996636311
"LINC01281",0.0613254503749876,-0.0539968301058382
"LINC01282",0.214639076312457,0.310415557498008
"LINC01289",0.109710900310006,-0.285794029258929
"LINC01293",0.530763544743004,0.667505356420702
"LINC01300",0.38476774509468,1.36844737325872
"LINC01304",-0.0928853754940711,-0.702947188692
"LINC01305",0.182987230957624,0.693331892784573
"LINC01310",0.662055335968379,0.850225173488523
"LINC01312",0.767786561264822,1.75543740748604
"LINC01315",0.411067193675889,1.09593666744077
"LINC01333",0.276748216998215,0.338316512215493
"LINC01339",0.631084773404857,0.989051971831109
"LINC01341",-0.0355731225296443,-0.345731957887337
"LINC01342",0.454995276975714,0.848640583931192
"LINC01343",0.570158102766798,0.475857809248574
"LINC01346",0.0187747035573123,-0.342773800247615
"LINC01347",0.773715415019763,1.63179720017483
"LINC01348",0.158180938752169,-0.427254467512149
"LINC01350",0.66304347826087,1.22458640289873
"LINC01352",-0.281097160324447,-0.612354787326472
"LINC01354",-0.273715415019763,-0.171361926897131
"LINC01355",-0.41798418972332,-1.14996441490581
"LINC01356",0.653817662658282,1.27127931733972
"LINC01359",0.206835676479868,-0.28717198472566
"LINC01360",0.504571302777102,0.645880632740691
"LINC01361",0.161067193675889,0.160031671226901
"LINC01362",0.257968873701907,-0.007696132688542
"LINC01364",0.458498023715415,0.703687143543466
"LINC01365",0.794662737380587,2.07781398617491
"LINC01366",0.777615064073865,1.02799494908477
"LINC01393",-0.0820969738890963,-0.580993537271915
"LINC01395",-0.0266798418972332,-0.482816992334454
"LINC01398",0.00988142292490119,-0.250580928425658
"LINC01405",0.125030890893836,-0.407665237204276
"LINC01410",0.299407114624506,0.516587999446378
"LINC01416",0.262416612903664,0.253697362204689
"LINC01419",-0.0948851029708164,-0.485539860108262
"LINC01424",0.351952588723575,0.299786132004443
"LINC01425",0.196688911366588,-0.421375764240734
"LINC01426",0.222332015810277,-0.303082522634526
"LINC01428",0.542129989369717,0.707998117547281
"LINC01431",0.410091829806444,0.748523282823755
"LINC01432",0.470355731225296,1.19073737320529
"LINC01440",0.614624505928854,0.582483151077018
"LINC01442",0.143280632411067,0.150387129729142
"LINC01448",-0.275691699604743,-1.46060235668647
"LINC01449",0.429841897233202,0.544770578747667
"LINC01465",0.0993328421725734,-0.29625573652701
"LINC01467",-0.183976351124963,-0.46363871105651
"LINC01477",0.561897719155303,0.983067801579594
"LINC01482",0.361660079051383,0.13365906375832
"LINC01487",0.35512738913437,0.241253325625039
"LINC01490",-0.299703410703568,-0.802216959272269
"LINC01492",0.185240785964093,-0.383227712627099
"LINC01494",-0.210474308300395,-0.639575688711821
"LINC01500",-0.16897233201581,-0.284034543295406
"LINC01503",0.0790513833992095,0.61527025546796
"LINC01504",0.707509881422925,1.18884040458856
"LINC01505",0.450719559431349,0.528923909423503
"LINC01511",0.389328063241107,0.698052104818124
"LINC01512",0.536332245456572,0.610945324779556
"LINC01514",-0.00296515946783801,0.413965780160372
"LINC01516",-0.285573122529644,-1.26336992615055
"LINC01520",0.620553359683795,1.24177057431263
"LINC01521",-0.0785767258977073,-0.572870470033638
"LINC01523",0.427865612648221,0.135416509974318
"LINC01525",0.411168779540204,0.2461412999688
"LINC01526",0.558932559687465,0.57452837003771
"LINC01527",-0.426877470355731,-1.26382598561916
"LINC01530",0.571146245059289,0.688296569419451
"LINC01532",0.495059288537549,1.17653589717849
"LINC01533",0.456521739130435,0.467103048523379
"LINC01535",-0.130434782608696,-0.17926918882199
"LINC01537",0.19881315363504,0.434939165605326
"LINC01538",-0.160118611263253,-0.878336440200449
"LINC01539",0.459486166007905,1.06328789500163
"LINC01541",-0.0128458498023715,-0.934278837280191
"LINC01545",0.490118577075099,0.461969435127944
"LINC01547",0.553496433996429,0.356865937299533
"LINC01549",-0.375586865926148,-1.28250123526848
"LINC01550",0.448616600790514,0.831264606611668
"LINC01551",0.140845074722306,-0.0765551578156226
"LINC01553",0.575098814229249,0.493429389793878
"LINC01554",-0.185770750988142,-0.681010957959013
"LINC01555",0.273986286352767,0.0903763035698675
"LINC01558",0.464162192150895,0.562556715442559
"LINC01560",-0.126019277383116,-0.24817941990259
"LINC01561",0.441808760707864,1.08366496427834
"LINC01563",0.636026705851254,0.933756019958481
"LINC01565",0.549778803262414,0.468689708839839
"LINC01566",0.49703557312253,0.98096855701713
"LINC01569",0.791501976284585,1.44280886443584
"LINC01579",0.383493957840383,0.206798530243079
"LINC01580",0.344861660079051,0.807447517051831
"LINC01581",0.312561972878969,0.247038447032729
"LINC01583",0.0123548311159917,-0.175300916312389
"LINC01585",0.0791296133870807,0.210209739093967
"LINC01587",0.626482213438735,0.99110267355585
"LINC01588",0.526809998785887,0.303426639463142
"LINC01590",-0.0163083770731091,-0.325065291440763
"LINC01592",0.217445027641454,-0.12507837848911
"LINC01599",0.230237154150198,0.0548845856315184
"LINC01600",0.0296736050201553,0.235863239163244
"LINC01607",0.285855728360829,0.418169780747834
"LINC01613",-0.127007663872395,-0.444030899636073
"LINC01614",-0.319743029281866,-1.01260465659471
"LINC01616",-0.542490118577075,-1.03902857229948
"LINC01618",0.318181818181818,0.542731279937572
"LINC01619",-0.273715415019763,-1.00820771855595
"LINC01620",0.170496669400686,-0.239837107627787
"LINC01622",0.0849802371541502,-0.196153698595184
"LINC01635",0.587595767876566,0.471011292528267
"LINC01644",0.346923657737048,0.166167321963978
"LINC01647",0.370644933479752,0.00569994547577931
"LINC01648",0.41600790513834,0.713582469817261
"LINC01649",0.325673348217542,0.548825217453117
"LINC01653",0.693373237304295,1.54525332851643
"LINC01654",0.291234176863333,0.675325212626518
"LINC01656",0.289174528656308,0.48196620919451
"LINC01657",0.719051170950718,1.66851072598809
"LINC01664",0.340993338801371,0.203715659084364
"LINC01667",0.538537549407115,0.155962254869601
"LINC01676",0.690387962761617,1.76154789297456
"LINC01679",0.41600790513834,0.309744176488208
"LINC01686",0.646884589439385,1.24341173900781
"LINC01687",0.130434782608696,-0.604561422132023
"LINC01689",0.126593401990088,-0.158839119857436
"LINC01692",0.224308300395257,0.382253401258773
"LINC01694",-0.391401049754618,-1.43942589347599
"LINC01697",0.167410122074501,0.0118481472411637
"LINC01700",0.637015092340533,0.974971638019099
"LINC01703",0.586607381387287,0.761710366575889
"LINC01704",0.466403162055336,1.01531721844409
"LINC01706",0.0192735365409471,-0.414242267413485
"LINC01711",0.247590815564474,0.0793908714177757
"LINC01718",0.496047430830039,1.00368378238445
"LINC01720",0.429278152624913,0.461091483404482
"LINC01722",-0.0489372279264522,-0.621571883157356
"LINC01723",0.601778656126482,1.00153721214298
"LINC01725",0.121541501976285,-0.120900406603518
"LINC01730",-0.0514342487016025,0.150369021655059
"LINC01731",0.626113065925276,1.1258249048168
"LINC01732",0.779644268774704,1.9335507643252
"LINC01734",0.472332015810277,0.632882469600568
"LINC01737",0.413145552518763,0.402249603457791
"LINC01741",0.391895242999257,0.791440647447862
"LINC01743",0.420948616600791,0.12443699093915
"LINC01750",-0.361749455076238,-1.42558797686598
"LINC01751",0.270750988142292,0.472144243319291
"LINC01753",0.536332245456572,0.610475677877895
"LINC01756",0.250061781787672,-0.126721782658861
"LINC01770",0.563874492133862,0.707882168681344
"LINC01775",0.50098814229249,1.0007757730966
"LINC01777",0.394268774703557,0.23501647725551
"LINC01782",0.460588104004171,0.516163180440382
"LINC01785",0.494071146245059,0.291140316689516
"LINC01788",0.507905138339921,0.370876702304038
"LINC01792",-0.185816659984515,-0.472648966182035
"LINC01798",0.258957260191186,-0.150902468784693
"LINC01799",0.287833968695506,-0.0596097392930049
"LINC01800",0.408506629110804,0.168002510958602
"LINC01806",0.364624505928854,0.253890066311294
"LINC01808",-0.126607381419329,-0.387775524381669
"LINC01809",-0.201581027667984,-0.537337069266205
"LINC01812",0.149357145268115,0.0933793594931561
"LINC01813",-0.146281200413342,-0.687616824922074
"LINC01815",-0.0756115664298693,-0.964195619418644
"LINC01816",0.457622944536333,0.742650902326691
"LINC01821",0.0182851500516677,-0.568491295908346
"LINC01828",0.00592885375494071,-0.645501406396437
"LINC01831",0.591897233201581,1.04221659307228
"LINC01834",0.5800395256917,1.34166034616925
"LINC01838",0.758893280632411,1.77836708354221
"LINC01842",0.0237388840161242,-0.336210909982459
"LINC01843",-0.0291574014337405,-0.317059048923948
"LINC01844",0.0928853754940711,-0.207259125181307
"LINC01845",0.433020319834062,0.626049905275839
"LINC01847",0.272727272727273,0.207250538592735
"LINC01852",0.0983130291735794,-0.317919032288014
"LINC01854",0.0420064257943719,-0.752019694068843
"LINC01857",0.470355731225296,-0.196596934270116
"LINC01858",0.592043507078323,0.885589346021456
"LINC01859",0.486647122330547,0.856062240407533
"LINC01864",0.132244090514473,-0.489316555363416
"LINC01869",0.758893280632411,1.498295280035
"LINC01874",0.421936758893281,0.63292185139289
"LINC01875",0.139362494988387,-0.108116792534639
"LINC01876",-0.16501976284585,-0.122634933994989
"LINC01877",0.185770750988142,-0.106441282631899
"LINC01883",0.290585627848125,0.402498220353268
"LINC01887",0.25098814229249,0.333147945983446
"LINC01896",-0.361660079051383,-0.50376057939457
"LINC01898",0.618577075098814,0.966722843076713
"LINC01904",0.436866828261467,0.651506270752751
"LINC01905",0.611660079051383,0.772219653569614
"LINC01913",0.660242174838597,0.815421471804984
"LINC01917",-0.0202819843450714,-0.294254918840644
"LINC01920",-0.0985639476119103,-0.591271137033476
"LINC01922",0.605880917928234,0.580751567091954
"LINC01924",0.449840659275151,0.569708450116072
"LINC01926",0.08300395256917,-0.420596812956885
"LINC01927",0.0405138339920949,-0.525726031705014
"LINC01931",0.257729605945907,0.160534923331612
"LINC01933",0.202669327776216,-0.0769829278152224
"LINC01936",0.379822144257988,0.554704588320544
"LINC01943",0.293056594071324,0.294416425392905
"LINC01949",0.702248600632969,1.1002424431872
"LINC01957",-0.016798418972332,-0.707755903202892
"LINC01963",-0.58695652173913,-0.919138783369918
"LINC01968",0.297918270222968,0.532908353296315
"LINC01970",0.348814229249012,0.371815966240808
"LINC01974",0.322517917608065,0.486079962139817
"LINC01977",-0.272300477796458,-0.869253541334127
"LINC01981",-0.00791296133870808,-0.379015090733916
"LINC01986",0.260869565217391,0.210849009771455
"LINC01988",0.329051383399209,0.148238288354018
"LINC01990",-0.151185770750988,-0.28146668092466
"LINC01992",0.529644268774703,0.406909285481482
"LINC01996",0.602766798418972,1.15642787345987
"LINC01998",0.393280632411067,0.304743512013986
"LINC02003",-0.368941822417264,-1.08373851352776
"LINC02008",0.25395256916996,-0.0361297339922848
"LINC02011",0.449604743083004,0.254424850397317
"LINC02016",-0.0771513730524037,-0.514714115123741
"LINC02023",-0.0242154689873438,-0.492388711111836
"LINC02026",0.630434782608696,1.13748470650631
"LINC02028",0.303359683794466,0.357427570950044
"LINC02029",0.332592053642497,0.369920459775278
"LINC02032",0.274345065648293,0.483951423940092
"LINC02035",-0.304423038698036,-0.867355246094076
"LINC02036",-0.191184340593957,-0.527923111484779
"LINC02042",0.153694099082937,-0.42957189793618
"LINC02043",0.646898957233326,0.598737048035202
"LINC02044",0.22386953982177,-0.44430034583769
"LINC02047",0.109216707065367,0.0557651461048338
"LINC02052",-0.0306324110671937,-0.56682014115899
"LINC02053",-0.380434782608696,-0.691839614004469
"LINC02059",-0.191746978920191,-0.95062089617349
"LINC02060",0.464541649961289,0.7539919187283
"LINC02064",0.593472100403106,0.75050162930052
"LINC02065",0.530763544743004,0.646934596579085
"LINC02067",-0.648221343873518,-2.28587596207911
"LINC02070",-0.200642457323706,-0.635389555938827
"LINC02071",0.535211283944761,0.772395797822293
"LINC02076",0.505928853754941,0.418056885828753
"LINC02078",0.793478260869565,1.39195429173383
"LINC02086",0.420948616600791,-0.0540160301395887
"LINC02091",0.561403525910664,0.956623568358577
"LINC02092",0.582963649945821,0.695477676201061
"LINC02097",-0.0538670636657239,-0.166641258775297
"LINC02099",-0.107734127331448,-0.385204236944265
"LINC02109",0.0164471742743027,-0.606183097830718
"LINC02112",0.448293418198841,0.77402885134919
"LINC02114",0.0691699604743083,-0.546775859364653
"LINC02116",0.501111950064624,0.438588437983757
"LINC02119",0.319485814050339,0.439051638304797
"LINC02123",0.148404763500523,0.112986005571606
"LINC02126",-0.142292490118577,-0.975039147490443
"LINC02135",-0.0943909097261767,-1.01185406200158
"LINC02139",0.335557213110335,0.390398694386558
"LINC02140",0.66403162055336,1.84610525772469
"LINC02145",0.469453735206653,0.777734214291089
"LINC02148",-0.193675889328063,-0.844964348208248
"LINC02149",0.272300477796458,-0.393765783677487
"LINC02150",0.0543612569103636,0.0408116222967693
"LINC02152",0.546807025947482,1.00716120125222
"LINC02153",0.215415019762846,-0.121615283321466
"LINC02171",0.576086956521739,0.61165243949941
"LINC02172",0.310847550878352,0.567828898301256
"LINC02175",0.735177865612648,1.97302301783293
"LINC02179",0.351137659405171,-0.113697361222421
"LINC02180",0.050395256916996,-0.275540698361529
"LINC02186",-0.188781819452353,-0.493445045559284
"LINC02189",-0.160612804507892,-0.656227686666329
"LINC02192",-0.358695652173913,-0.915079846655278
"LINC02199",0.219970367952235,0.229872276495114
"LINC02201",0.430936509325791,0.339520563345784
"LINC02204",0.454545454545455,0.597658552010337
"LINC02209",0.717391304347826,1.40094393180078
"LINC02210",-0.488142292490119,-1.17053207353759
"LINC02211",0.0489251312193272,0.172479261309567
"LINC02218",0.134387351778656,-0.221526889401211
"LINC02221",0.585618994898008,0.970458717054934
"LINC02223",0.157647645040054,0.190367677803823
"LINC02225",-0.49802371541502,-1.95221756510699
"LINC02226",0.487636242497885,0.750432315213633
"LINC02232",-0.671284213567364,-1.95610932496684
"LINC02239",0.157647645040054,-0.407384361259054
"LINC02240",0.370553359683794,-0.192660297317962
"LINC02241",0.058300395256917,-0.099380488736305
"LINC02243",0.419075871454439,0.197013719485314
"LINC02245",0.295454545454545,0.588812394982114
"LINC02249",0.0286561264822134,-0.500508660586099
"LINC02250",-0.262845849802372,-0.738839499718933
"LINC02254",0.135509462925376,0.170567623365429
"LINC02256",0.772727272727273,1.43234410249551
"LINC02260",0.264393385882223,0.182183410593857
"LINC02264",0.443785533686423,0.881075971356177
"LINC02269",0.489614482832562,0.926510983962412
"LINC02270",0.688427636467603,1.17000633301719
"LINC02273",0.71658020472752,1.43387741129463
"LINC02274",0.278656126482213,-0.0521783550191762
"LINC02282",0.387735105596696,0.296883341247348
"LINC02283",-0.16798418972332,-0.60656700028614
"LINC02287",0.375865663588634,-0.192858336843583
"LINC02297",-0.130758201857007,-0.944978952512067
"LINC02303",0.124536697649197,-0.276756456983907
"LINC02314",0.227823085778887,0.388828713272212
"LINC02318",-0.0536252886401342,0.0854555037333344
"LINC02325",0.463438735177866,0.789702933475191
"LINC02339",0.124505928853755,0.156696966971586
"LINC02345",0.297725170368891,0.494249125990038
"LINC02347",0.444114955134991,0.543412914420713
"LINC02349",0.242094861660079,0.191569372602459
"LINC02350",0.203758754471733,-0.158175174021571
"LINC02352",0.205533596837945,-0.46250480284001
"LINC02353",-0.145256916996047,0.148322934744034
"LINC02355",0.644922184254768,0.614519128982252
"LINC02361",0.073140600206671,-0.611141029661824
"LINC02363",0.66699604743083,2.13568841860881
"LINC02366",0.305486937965126,0.0279538127114684
"LINC02367",0.265810276679842,0.12356693158342
"LINC02372",-0.326409655221708,-1.37332642287131
"LINC02375",0.169014089666767,-0.303018259341242
"LINC02380",0.556955786708907,0.944004931587666
"LINC02381",0.375092672681509,0.792837292540189
"LINC02387",-0.0658743971476586,-0.274442092408347
"LINC02388",0.295033367049882,0.198829838129586
"LINC02395",0.0633036907096646,-0.324103133766322
"LINC02397",-0.127996050361674,-0.868642069626227
"LINC02400",0.601778656126482,1.04118914418655
"LINC02401",-0.173010401760185,-0.18838075845282
"LINC02402",0.0790513833992095,0.336481160096808
"LINC02405",0.0761622528850652,0.026519330685945
"LINC02415",0.204545454545455,0.151384096528349
"LINC02419",0.294757809866876,0.892776143379468
"LINC02421",0.366600790513834,-0.0415502514993569
"LINC02424",-0.128458498023715,-0.856006212195571
"LINC02426",0.314591209955639,0.423678833653449
"LINC02431",0.615612648221344,0.630641428206204
"LINC02433",-0.131455403074152,-0.754115847032475
"LINC02436",0.378458498023715,-0.154210900024408
"LINC02443",0.541048731534165,0.344043265403106
"LINC02450",0.463553263472009,0.910066054617427
"LINC02458",0.0706696339834726,-0.0818090207175632
"LINC02465",-0.131520431721747,-0.0369131258847682
"LINC02466",-0.130434782608696,-0.920945256323978
"LINC02475",0.395839963393001,0.539369119038173
"LINC02481",0.344861660079051,0.185307402984916
"LINC02482",-0.263002292371479,-0.669132500957554
"LINC02483",0.520277208020056,0.86752438812338
"LINC02487",0.732213438735178,1.55435688493854
"LINC02492",0.271312091307178,0.558841193138824
"LINC02493",-0.241106719367589,-0.642387608376794
"LINC02499",0.5668396516017,0.862239903032954
"LINC02502",0.421365191286205,0.82284581931112
"LINC02504",-0.0187793432963074,-0.852658806694443
"LINC02510",0.326742501609948,0.216768118704051
"LINC02511",-0.157309049310554,-0.912108550159694
"LINC02517",0.729429229088151,1.34997868833828
"LINC02520",0.427865612648221,0.267347517561396
"LINC02523",0.693353122229455,1.00550240963698
"LINC02525",0.169014089666767,0.0347217352874137
"LINC02530",-0.178041630120932,-0.562807739901889
"LINC02532",-0.0623145705423261,-0.200131133642829
"LINC02533",0.484189723320158,0.334068585605351
"LINC02535",-0.0955921702969783,-0.360512560881659
"LINC02537",0.724035962491789,0.768738831191299
"LINC02544",0.0681818181818182,-0.5375909626848
"LINC02546",0.240672110139519,-0.194697733930463
"LINC02549",0.259451453435826,0.197611646228225
"LINC02551",0.296094944726716,0.545336727618526
"LINC02555",-0.659743151614786,-1.90412893470137
"LINC02562",0.0460625483814455,-0.205105394997629
"LINC02575",0.458611331025613,0.262976708569035
"LINC02577",0.332344376225739,0.439567881498046
"LINC02579",0.234421479659227,0.461227576322289
"LINC02580",0.594861660079051,1.4784509010971
"LINC02582",0.186310853229155,-0.413225405424537
"LINC02583",-0.242094861660079,-1.0229021699004
"LINC02591",0.564229249011858,0.675834226687214
"LINC02593",0.450592885375494,0.469720716634533
"LINC02595",0.229249011857707,-0.265307802856935
"LINC02603",0.736842127757746,0.892460013823761
"LINC02604",0.752656311586216,1.6980337891043
"LINC02606",-0.0108695652173913,-0.0676518874974829
"LINC02610",-0.0464541649961289,-0.298432724122952
"LINC02615",0.108803218407236,-0.0950187580774813
"LINC02616",0.382011378106464,1.12385720657473
"LINC02619",-0.114624505928854,-0.454511233329674
"LINC02620",0.529644268774703,0.741276298074025
"LINC02622",0.318496693883,0.531310223553367
"LINC02624",0.247648109577664,-0.12667987558949
"LINC02653",-0.468989389163046,-1.03699483820779
"LINC02656",0.0420064257943719,0.410127202467302
"LINC02667",0.597973826013999,0.983462905047842
"LINC02670",-0.0306324110671937,-0.795360631975496
"LINC02673",0.628613807181659,0.403802000725599
"LINC02683",0.510501621712778,0.898807259241156
"LINC02685",0.600444792237198,1.15473955278232
"LINC02688",0.310583732544292,-0.0539385085530136
"LINC02693",-0.370553359683794,-0.841559347341175
"LINC02703",0.888229910269981,1.78674318597035
"LINC02708",0.427865612648221,0.0497485438881367
"LINC02709",0.74901185770751,1.41775233056997
"LINC02712",-0.213491481684337,-1.01289094018139
"LINC02716",0.685770750988142,1.00001501939562
"LINC02724",0.559920946176745,0.733725977210794
"LINC02727",0.64096863829765,0.647116876571085
"LINC02728",-0.0474308300395257,-0.385663314329245
"LINC02731",-0.186805046473795,-0.752044513858972
"LINC02743",0.117617992224241,-0.387337927076735
"LINC02749",0.49703557312253,0.297899873331627
"LINC02753",0.738142292490119,0.633833913107608
"LINC02754",0.234189723320158,0.246283183728612
"LINC02757",0.422535224166917,0.950267571124001
"LINC02762",0.652173913043478,0.988382973286604
"LINC02763",0.281620553359684,-0.00910609877511103
"LINC02777",-0.101879377235866,-0.601229638485706
"LINC02790",0.781319519775316,1.42452469047021
"LINC02796",0.394658946768065,0.380786493133649
"LINC02800",0.0583148028674809,0.386691152919184
"LINC02802",0.607707509881423,1.05176205509324
"LINC02805",0.251236522503981,0.614298919689236
"LINC02806",0.652829276169003,1.1162675287636
"LINC02809",0.241106719367589,-0.00746635831672705
"LINC02825",0.360671936758893,0.609948515204901
"LINC02833",0.601778656126482,1.13448369712175
"LINC02837",0.455533596837945,0.477685393519417
"LINC02838",0.66403162055336,0.951847970918543
"LINC02842",-0.0938735177865613,-0.836459441690689
"LINC02843",0.0415430470282174,0.0908625810185302
"LINC02844",0.193165525470578,-0.0250710057336298
"LINC02846",0.0602766798418972,-0.231851562746722
"LINC02850",-0.218379446640316,-0.853295467286749
"LINC02853",0.638339920948617,1.01039794509998
"LINC02860",0.495675824373588,0.864080979752042
"LINC02861",0.684782608695652,1.0627800980797
"LINC02864",0.695652173913043,0.656853822565558
"LINC02870",0.647233201581028,1.91615884642827
"LINC02871",0.406528388776127,0.49875623559388
"LINC02873",0.292490118577075,0.61258100002934
"LINC02874",0.720039557439997,1.65802314169562
"LINC02875",0.521739130434783,0.740405171847337
"LINC02877",0.177052509953593,0.0132121965880124
"LINC02878",-0.0172967635623884,0.0693229733746977
"LINC02880",0.397825561934933,0.339064632800092
"LINC02882",0.383988151085023,0.5030369394703
"LINC02888",-0.287833968695506,-0.639585438989144
"LINC02891",0.510133527475744,1.01429378404515
"LINC02893",0.495059288537549,0.504010677189356
"LINC02899",-0.194265965405007,-0.676869622608789
"LINC02901",0.603409951705036,0.557224410871059
"LINC02905",0.57072233655432,0.649573748405748
"LINC02907",0.152173913043478,-0.115089608456825
"LINC02909",-0.50753646224494,-1.67434593973919
"LINC02910",-0.106356747175375,-0.82412206363912
"LINC02912",0.424017803900836,0.524061548654487
"LINC02915",0.050395256916996,-0.106803834177693
"LINC02918",0.717391304347826,0.993278968623046
"LINC02937",-0.0800593056316263,-0.200676193104017
"LINC02941",0.550037081283951,0.803695939099873
"LINC02944",0.203557312252964,0.0976529639549462
"LINC02946",0.211020515461139,0.221975858673042
"LINC02961",0.646898957233326,1.08066419354262
"LINC02981",0.737154150197628,1.64597898774109
"LINC02984",0.0306399811676595,-0.392758081768558
"LINC02985",0.416048824090475,-0.0794494563235038
"LINC02987",0.0884605907905007,0.178650257037958
"LINC02992",0.629108000426298,1.49790305849792
"LINC02994",0.290091434603486,0.210174528402684
"LINC02995",0.145256916996047,-0.2010663510845
"LINC02996",-0.249567588543033,-1.27576392788709
"LINC02997",0.686758893280632,1.20471181605062
"LINC03002",0.115928099416724,-0.266186332209485
"LINC03006",0.0889328063241107,-0.00824728704905825
"LINC03007",-0.245059288537549,-0.777798707952241
"LINC03008",0.396245059288538,0.2764904967303
"LINC03011",0.0306324110671937,0.0980927774913634
"LINC03013",-0.33596837944664,-0.56698095189019
"LINC03014",0.058940250079484,-0.389311002090043
"LINC03018",0.223541157818503,0.0611248802992234
"LINC03019",0.488262925703993,0.831887294989115
"LINC03020",-0.172967635623884,-0.794265785635844
"LINC03021",0.123640020917314,0.278628156388676
"LINC03024",0.33695652173913,0.968803121656904
"LINC03025",-0.0108695652173913,-0.356730516421063
"LINC03026",0.108228320576087,-0.327619477156618
"LINC03027",0.200592885375494,0.72883276201034
"LINC03031",0.535573122529644,1.14500999235304
"LINC03032",0.567609467152006,0.617481860624613
"LINC03040",0.743083003952569,1.18727419748711
"LINC03043",0.0598121674656638,-0.309061077933864
"LINC03048",0.520750988142292,0.914048921262522
"LINC03064",0.443675889328063,0.534517681752413
"LINC03066",0.66699604743083,0.857414643779262
"LINC03068",0.620553359683795,0.698573770684185
"LINC03074",0.384368337466353,0.560723417202891
"LINC03086",0.217939220886094,0.0160070578731867
"LINC03093",0.297725170368891,0.250916712077097
"LINC03095",0.290801329197522,-0.259511363735957
"LINC03103",-0.346837944664032,-1.40830360151833
"LINC03112",-0.5800395256917,-0.987997304683612
"LINGO1",0.367588932806324,0.618492190578532
"LINGO1-AS1",0.402173913043478,0.351482978492885
"LINGO1-AS2",0.49802371541502,0.701815460880152
"LINGO2",-0.107707509881423,-0.358542475122847
"LINGO3",0.355324942895922,0.338442134570738
"LINP1",0.0444664031620553,-0.534494183100741
"LINS1",-0.368500387051564,-0.721486286330816
"LIPA",-0.74703557312253,-1.43996875069284
"LIPC",-0.044982704457648,-0.425028217252017
"LIPC-AS1",0.162215707443516,-0.138776257573732
"LIPE",0.621541501976285,1.42537065950276
"LIPE-AS1",0.66304347826087,0.624996356132167
"LIPF",0.616600790513834,1.01061495007914
"LIPG",-0.359861635661184,-1.17603945922177
"LIPH",0.554347826086957,-0.0509055866034821
"LIPI",0.581602658395044,1.08221314578802
"LIPJ",0.058300395256917,-0.636703516483294
"LIPT1",-0.554979013730348,-0.488058467455607
"LIPT2-AS1",-0.231282438491365,-0.283194871980266
"LITAF",-0.0770941461637883,-0.179066691007348
"LITAFD",-0.183794466403162,0.0587538255369625
"LITATS1",0.0237212757427041,-0.480955793997174
"LIX1",-0.392292490118577,-0.551604810458697
"LIX1L",-0.209486166007905,0.0383427025804
"LKAAEAR1",0.529644268774703,1.10791531711141
"LL0XNC01-250H12.3",0.126513470627755,0.380485269189382
"LL22NC03-63E9.3",0.472799439987807,0.175431500873392
"LLCFC1",0.612648221343874,0.852807853014086
"LLGL1",0.481225296442688,1.20648381899609
"LLGL2",0.0494071146245059,-0.139225760595955
"LLPH",-0.365612648221344,-0.308021453064518
"LMAN1",-0.619565217391304,-1.25210891015512
"LMAN1L",0.237388840161242,-0.0192037108070547
"LMAN2",-0.792490118577075,-1.83125924885002
"LMAN2L",-0.33300395256917,-0.746619355778651
"LMBR1",-0.410079051383399,-0.830253884439197
"LMBR1L",0.429841897233202,0.409747424688436
"LMBRD1",-0.780632411067194,-2.00911467127531
"LMBRD2",-0.686758893280632,-1.0329413971284
"LMCD1",-0.0870425747257888,-0.2795878169845
"LMF1",0.267786561264822,0.381642990044715
"LMF2",0.879446640316205,1.43866044969777
"LMLN",0.397233201581028,1.54159327187096
"LMNA",0.443675889328063,-0.108926125412265
"LMNB1",-0.124042504404557,-0.795426154817592
"LMNB2",-0.379046218638626,-1.11819902528711
"LMNTD1",0.615612648221344,1.36253086842416
"LMNTD2",0.492094861660079,0.43652553881256
"LMNTD2-AS1",0.591897233201581,0.658486923369321
"LMO1",0.0543478260869565,0.113553096386551
"LMO2",-0.551383399209486,-1.84238578205642
"LMO3",-0.865612648221344,-2.21009609949173
"LMO4",-0.131455403074152,0.188329266682755
"LMO7",0.284655308912449,1.13665634166549
"LMO7DN",-0.341981725290651,-1.42912402586208
"LMOD1",0.228317279023527,-0.474039417478493
"LMOD2",0.319248836037226,-0.235751939596314
"LMOD3",0.515810276679842,1.03944128810586
"LMTK2",-0.755928853754941,-1.29603656480581
"LMTK3",0.725296442687747,1.61458186399407
"LMX1A",0.408506629110804,0.490980955444056
"LMX1A-AS1",0.673913043478261,0.857938380734283
"LMX1A-AS2",0.577711902983773,0.818769123007298
"LMX1B",0.588584154365846,1.04855052688216
"LNC-LBCS",0.410674586295565,0.158977453545461
"LNCAROD",0.0810276679841897,-0.293240786540264
"LNCARSR",0.483201581027668,1.01895827676655
"LNCATV",-0.148368025100776,-0.610706565764126
"LNCOC1",0.108496810992575,0.530744446453725
"LNP1",-0.49802371541502,-1.0766294052539
"LNPEP",-0.129446640316206,-0.243355458908362
"LNPK",-0.527667984189723,-0.965577132010998
"LNROP",0.0817238761606291,-0.0323628123862762
"LNX1",-0.0523715415019763,0.126996475068789
"LNX2",-0.348406237470966,-0.735619491212572
"LOC100127955",0.694664031620553,1.44685000150884
"LOC100128079",0.327075098814229,0.33968039956496
"LOC100128288",0.0979228965665124,0.034763779586576
"LOC100128653",0.613636363636364,1.22435142415016
"LOC100128988",0.675889328063241,0.752319506230053
"LOC100128993",-0.0978502624386544,-0.160114262212515
"LOC100129034",-0.457509881422925,-0.927913505819603
"LOC100129098",0.445652173913043,0.778033279913484
"LOC100129175",0.216403162055336,-0.107596221618297
"LOC100129455",0.150197628458498,0.0474779276962023
"LOC100129603",0.560276679841897,0.705871462806589
"LOC100129935",0.380528798372545,0.549329349451123
"LOC100130268",0.43125639295959,0.761242711428403
"LOC100130331",0.37361009294759,0.303531429176131
"LOC100130357",0.458498023715415,0.755888182354213
"LOC100130452",-0.211462450592885,-0.687924279191482
"LOC100130548",0.143810234190144,-0.112957845164572
"LOC100130691",-0.43125639295959,-1.18397377419967
"LOC100130744",0.262910806148304,0.672898393607796
"LOC100130872",-0.17840376131492,-0.3014601072827
"LOC100130964",0.0276748216998215,-0.375904451119882
"LOC100130987",-0.386331050941156,-0.834407936178064
"LOC100130992",-0.228260869565217,-1.23086792736887
"LOC100131496",0.66403162055336,0.853736307060012
"LOC100131532",0.532377721987768,0.842830403918331
"LOC100132077",0.161067193675889,0.196439856541073
"LOC100132078",-0.462908238314422,-1.21878044115797
"LOC100132249",0.320474934217677,0.907765601071481
"LOC100132356",-0.272794671041097,-0.846404407417288
"LOC100132686",0.430936509325791,1.21501879244886
"LOC100133920",0.579051383399209,0.714452128987006
"LOC100134040",0.655300242392201,1.32523289325825
"LOC100134368",0.493083003952569,0.36315206682608
"LOC100190986",-0.211462450592885,-0.312649447407105
"LOC100240728",0.602374181909152,0.978060931765332
"LOC100240734",0.425889328063241,0.616053695891506
"LOC100240735",-0.513466781180616,-1.28886585939441
"LOC100272217",0.0331109473908578,0.276862175348468
"LOC100286922",0.444829782517393,0.148632956447903
"LOC100287290",0.539164829901879,1.00042163192417
"LOC100287387",-0.454545454545455,-1.51747656790022
"LOC100287704",0.587944664031621,0.866954340515596
"LOC100287808",0.646245059288537,1.48639361461399
"LOC100288069",0.339510759067452,0.414649167268852
"LOC100288123",-0.0731948923830497,-0.121530076752673
"LOC100288570",0.264095084679382,0.416211766542695
"LOC100288590",-0.0377363142282426,-0.287898006539088
"LOC100288656",0.560276679841897,0.698049553542037
"LOC100288966",-0.290801329197522,-0.68646629661705
"LOC100289230",0.296021753539162,0.46726083206993
"LOC100289333",0.780632411067194,1.68976452507453
"LOC100289361",-0.24802371541502,-0.875297020595416
"LOC100289473",0.614624505928854,0.529887947412781
"LOC100289495",0.514342487016025,1.45640095338597
"LOC100289518",0.608695652173913,1.33972462487119
"LOC100294145",-0.0879446640316206,-0.751632685988463
"LOC100310756",0.592537700322963,1.21353291168928
"LOC100419741",0.595997053035441,1.02306642373328
"LOC100420872",0.219915993864653,0.105955515427244
"LOC100421171",0.25395256916996,0.02275309725402
"LOC100421494",0.443785533686423,0.663769828290382
"LOC100422212",-0.453557312252964,-1.14666935103724
"LOC100422526",0.135509462925376,-0.253017739623119
"LOC100422781",0.624505928853755,1.11751393063183
"LOC100505498",0.560276679841897,0.840761836343684
"LOC100505555",0.244071146245059,0.44094393060634
"LOC100505664",0.338932806324111,0.481045839923568
"LOC100505711",0.710474308300395,1.10117420387439
"LOC100505715",-0.0573122529644269,0.180546414975399
"LOC100505716",0.0692384117136957,-0.287650770500655
"LOC100505728",0.128458498023715,0.494156837070677
"LOC100505774",0.376575252415428,0.345011867572629
"LOC100505782",0.311913038601933,0.652514780644418
"LOC100505851",0.324110671936759,0.207659750938875
"LOC100505874",-0.284866056259044,0.0132041301622778
"LOC100505912",0.475413901343361,0.793815715031375
"LOC100505915",0.112648221343874,-0.239477210957067
"LOC100505918",0.497652597352147,0.965815905691234
"LOC100505942",0.544466403162055,1.30041752259351
"LOC100505978",-0.14140918598654,-0.45687664667142
"LOC100505985",-0.100790513833992,-0.928390384227239
"LOC100506016",-0.117617992224241,-0.679283365584282
"LOC100506071",0.521373873094851,1.08208895752202
"LOC100506076",-0.474308300395257,-0.917672378797071
"LOC100506207",0.387735105596696,0.60896271205969
"LOC100506236",0.535114010530134,0.547717050640255
"LOC100506271",0.351865590183444,-0.173950780331079
"LOC100506274",0.0385375494071146,-0.421887755054708
"LOC100506403",-0.132937982808071,-0.549267159361142
"LOC100506405",0.5800395256917,0.697440676188806
"LOC100506446",-0.425994576879395,-1.50310356195987
"LOC100506472",0.405138339920949,0.434659339938149
"LOC100506489",0.16798418972332,0.760608945625908
"LOC100506563",-0.58399209486166,-1.11629370206785
"LOC100506606",0.483320993257596,0.637507838770625
"LOC100506639",0.402173913043478,1.02195287987874
"LOC100506730",0.479861640545118,1.32481239841072
"LOC100506790",0.476284584980237,1.13162353924819
"LOC100506851",-0.380434782608696,-0.738701120294898
"LOC100506858",0.524703557312253,1.12303591899128
"LOC100506929",0.62713122744774,0.439498607480763
"LOC100506974",-0.300395256916996,-0.650342127211647
"LOC100507006",0.652173913043478,1.18728227915491
"LOC100507053",0.091897233201581,0.304161129809511
"LOC100507221",-0.262011699933169,-1.306340514771
"LOC100507250",0.564862878623141,1.04698716970304
"LOC100507336",0.598962212503279,0.751988837921067
"LOC100507351",0.0286561264822134,0.152313619199313
"LOC100507384",0.745059288537549,1.0514282544884
"LOC100507389",0.287549407114625,-0.105852629927829
"LOC100507395",0.711462450592885,1.12609624567132
"LOC100507403",0.325753870742747,0.538755305069067
"LOC100507443",0.356313329385201,0.205145735291031
"LOC100507513",0.322213995505064,0.332421092715332
"LOC100507560",0.00988142292490119,-0.0153526217814445
"LOC100507562",0.493083003952569,0.416510127712052
"LOC100507634",0.0158102766798419,0.0255130209956573
"LOC100508046",0.277667984189723,0.0634292669029866
"LOC100630923",0.220628415070777,0.0723697304390218
"LOC100652768",0.684457643825941,0.786164782161155
"LOC100652999",0.297430830039526,-0.028087364742514
"LOC100996385",-0.100321228661853,0.0258734053296346
"LOC100996549",-0.0405539268608789,-0.523433077768534
"LOC100996583",0.0924369860832986,-0.143014379057745
"LOC100996671",0.140316205533597,-0.114193062132067
"LOC100996681",0.689416756634941,0.925306203982331
"LOC100996720",0.233201581027668,0.38814822036108
"LOC100996756",0.528656126482213,1.40500865150856
"LOC101060400",0.755621471054054,1.49010748939318
"LOC101060553",0.577646177725689,1.01318588735664
"LOC101593348",0.50197628458498,0.829183447142822
"LOC101926907",0.402571908106773,0.823812102026478
"LOC101926915",0.701581027667984,1.14048073607843
"LOC101926944",0.12611873439439,0.338957185136022
"LOC101926948",0.443785533686423,0.594953258980697
"LOC101926959",0.227823085778887,0.0901903180533639
"LOC101926984",0.575667937391012,1.20027173669422
"LOC101927018",0.400197628458498,0.0243895217637611
"LOC101927020",0.430548742666059,0.265341404250431
"LOC101927040",0.267062445181398,-0.293218414440659
"LOC101927044",0.170002476156046,-0.206348586856492
"LOC101927066",-0.134387351778656,-0.478559625680983
"LOC101927069",0.58498023715415,1.21424731700318
"LOC101927089",0.369656546990472,0.440587143383615
"LOC101927093",-0.261428226414385,-1.04804751047216
"LOC101927098",0.151185770750988,-0.581426778292321
"LOC101927131",0.510869565217391,0.628644105582962
"LOC101927143",0.148899446045524,-0.463862232365445
"LOC101927157",0.0963676827047354,-0.359493807676881
"LOC101927159",0.43125639295959,0.225259797392438
"LOC101927164",0.0345849802371542,-0.204034464384348
"LOC101927166",0.829051383399209,1.91764752242631
"LOC101927237",0.344230872312953,0.49936899824467
"LOC101927247",-0.134981495714425,-0.740736807352346
"LOC101927253",0.606869304417513,1.47328767495422
"LOC101927263",0.0948851029708164,-0.0518305979980683
"LOC101927268",-0.382411067193676,-0.922002707965884
"LOC101927272",0.0760869565217391,-0.52127160784052
"LOC101927310",0.0681986677602743,0.0988768932344063
"LOC101927314",-0.0785767258977073,-0.988187777070294
"LOC101927330",0.0108803218407236,0.166870482112736
"LOC101927342",0.279288219984298,0.238668811791401
"LOC101927358",0.327075098814229,0.0958011978538682
"LOC101927377",0.546577728571474,0.857230598938261
"LOC101927410",0.133399209486166,-0.2702280477029
"LOC101927432",0.322213995505064,0.539026620190819
"LOC101927446",-0.14875216663654,-0.966996463477918
"LOC101927450",-0.0938735177865613,-0.230551143522955
"LOC101927467",0.314229249011858,0.0289996719554663
"LOC101927468",0.33300395256917,0.906111785253518
"LOC101927495",0.58300395256917,0.403173444949343
"LOC101927499",0.219915993864653,0.313583627517875
"LOC101927513",0.614624505928854,1.01288165514581
"LOC101927516",0.682492915463571,1.41483591074989
"LOC101927531",0.531751931232284,0.377523618600066
"LOC101927539",0.33596837944664,0.0315234597887954
"LOC101927543",0.622837446336664,0.608771087918148
"LOC101927550",0.0286561264822134,-0.567003612257094
"LOC101927552",0.446750693154261,0.351646895181477
"LOC101927588",0.714426877470356,1.1459069042139
"LOC101927603",0.270750988142292,-0.190228626155711
"LOC101927604",0.699358261447323,0.818106844461422
"LOC101927608",0.638339920948617,0.913657864721417
"LOC101927609",-0.172967635623884,-0.363105467946494
"LOC101927610",0.566765855884966,0.925353219890154
"LOC101927623",0.616258976065667,1.09148974217894
"LOC101927636",0.0316205533596838,-0.0321009725106053
"LOC101927647",0.0553359683794466,-0.439709047385538
"LOC101927657",-0.406142899707369,-0.864114694925985
"LOC101927668",0.100346033020907,0.0407610228111844
"LOC101927690",0.517914520382373,0.680965905440945
"LOC101927709",0.189770205941633,-0.327328864553734
"LOC101927723",0.0691699604743083,-0.303241689489128
"LOC101927769",0.313241106719368,0.293935504558983
"LOC101927787",0.1592483469415,-0.158026745836192
"LOC101927790",0.296021753539162,-0.121061623895524
"LOC101927798",0.698318838140988,1.18604505227607
"LOC101927814",0.471522000635872,0.935348656080167
"LOC101927829",0.24530180149995,0.323463458345928
"LOC101927839",0.357707509881423,0.349239485856312
"LOC101927914",-0.0934025232368974,-0.589422401877185
"LOC101927948",0.246169085933063,0.193532470389219
"LOC101927950",0.588089961121206,1.06060773572093
"LOC101927967",0.282184342689251,0.02734551293683
"LOC101928002",0.280207569710692,0.405745062016436
"LOC101928009",-0.168519896422127,-0.375340005723043
"LOC101928012",-0.0207715235141087,-0.383870941924161
"LOC101928014",0.132411067193676,-0.167627988597063
"LOC101928045",0.766568129687345,1.07182988899627
"LOC101928047",0.685446030315221,0.863206463489248
"LOC101928052",-0.160237467108839,-0.394235328839217
"LOC101928068",0.362648221343874,0.374882694903314
"LOC101928087",0.386363636363636,0.6944012202083
"LOC101928107",-0.107814098239898,-0.820159019478478
"LOC101928120",0.555335968379447,0.694655882630967
"LOC101928135",0.0256916996047431,-0.171799808190885
"LOC101928160",0.481225296442688,0.461393543469948
"LOC101928188",0.0356083260241863,0.205812103631132
"LOC101928191",0.328063241106719,0.337749718463727
"LOC101928196",0.232213438735178,0.120825522933126
"LOC101928201",0.0958498023715415,-0.306101182415944
"LOC101928211",-0.310276679841897,-1.05268460930007
"LOC101928214",0.153313625937469,0.244264592037084
"LOC101928230",-0.114158639511763,-0.763007459747422
"LOC101928236",0.382789504760003,0.392322735909593
"LOC101928251",0.452681012089937,0.920503091015962
"LOC101928255",0.541141602880437,0.543885373137409
"LOC101928263",0.199604743083004,-0.151031631860885
"LOC101928269",0.172106909116901,-0.441325974185468
"LOC101928273",0.421546837677638,0.413170390229858
"LOC101928277",0.722057722157112,1.23294987951876
"LOC101928283",-0.0415430470282174,-0.617373942252792
"LOC101928306",0.400692861451411,-0.00208707999812565
"LOC101928317",0.0662055335968379,-0.469186701329861
"LOC101928326",-0.116188125386958,-0.314616434741433
"LOC101928335",-0.0726464069620313,0.176008042989718
"LOC101928343",0.765999529191487,0.82390898565974
"LOC101928361",-0.360671936758893,-1.23771623541029
"LOC101928371",0.634387351778656,1.34487596139828
"LOC101928373",0.37262170645831,0.162011730912898
"LOC101928386",-0.247096622319834,-0.786734389393242
"LOC101928389",0.0217391304347826,-0.433050351866819
"LOC101928401",-0.13392636929735,-1.26387090853713
"LOC101928409",0.58695652173913,1.12842262796967
"LOC101928417",0.0840752142237733,0.198289546424187
"LOC101928419",0.460474308300395,0.731074163059624
"LOC101928446",0.276953646854783,0.221349649913342
"LOC101928462",0.577711902983773,0.793748108044972
"LOC101928475",-0.264822134387352,-0.811209056758744
"LOC101928487",0.199604743083004,0.469499809341083
"LOC101928491",-0.59747963276936,-1.30586263913276
"LOC101928495",0.0975733551735996,-0.0062024994998989
"LOC101928505",-0.194664031620553,-0.825437465856195
"LOC101928510",0.114624505928854,-0.332682114600015
"LOC101928516",0.539070491199488,1.00755326120212
"LOC101928519",-0.17313889075061,-0.745586058690107
"LOC101928525",0.571287390803457,1.13424105570576
"LOC101928526",0.752656311586216,1.80851775015175
"LOC101928535",0.249567588543033,0.281392489726356
"LOC101928551",0.363636363636364,0.408113358044807
"LOC101928553",0.0588672228552073,-0.37672595090332
"LOC101928557",0.24802371541502,0.176768351247183
"LOC101928565",0.505559689266381,0.60756867513512
"LOC101928574",0.763034369723649,1.7886484682827
"LOC101928618",0.211671715810441,0.162863569068216
"LOC101928622",-0.173913043478261,-0.43982472053888
"LOC101928626",-0.0909090909090909,-0.65563541267194
"LOC101928651",0.714426877470356,1.20057649068223
"LOC101928658",0.514455167669895,0.623777124994145
"LOC101928663",0.436372635016827,0.321830256449591
"LOC101928669",0.409090909090909,0.247035353486779
"LOC101928682",0.306324110671937,-0.126667070525808
"LOC101928697",0.293478260869565,-0.00750945058216393
"LOC101928708",0.798122090093065,1.57161362037241
"LOC101928718",0.353115899739848,0.513955966539582
"LOC101928728",0.601385061741814,0.765744314992432
"LOC101928730",0.359050620743879,0.575680131377044
"LOC101928748",0.469045519540096,0.509292798137513
"LOC101928760",0.31331851710155,0.154681437143489
"LOC101928762",-0.270750988142292,-0.214498255666824
"LOC101928797",-0.0454545454545455,-0.712823021345004
"LOC101928817",0.354743083003953,0.560628992297798
"LOC101928833",0.355324942895922,0.578990233469761
"LOC101928834",-0.423134011162051,-1.03647997396823
"LOC101928844",0.733201581027668,1.35113832336089
"LOC101928847",-0.270817898062539,-0.507500178755547
"LOC101928850",0.72997068349582,1.7296375853989
"LOC101928861",0.404250074115249,0.383912018727266
"LOC101928881",-0.111660079051383,-0.790360426827166
"LOC101928893",-0.175889328063241,-0.222686233514094
"LOC101928894",0.505928853754941,0.929190830569503
"LOC101928896",0.224308300395257,0.277542936355136
"LOC101928902",0.621541501976285,1.14243411837924
"LOC101928933",-0.0276679841897233,-0.0294717673816281
"LOC101928937",-0.179841897233202,-0.506577986729482
"LOC101928940",-0.266930334144285,-0.855776984816064
"LOC101928957",-0.138476823427391,-0.711312930746971
"LOC101928961",-0.0345935271247768,-0.308264773682395
"LOC101928985",0.679841897233202,1.42210715401735
"LOC101928988",-0.295454545454545,-1.10619102952653
"LOC101929004",0.485177865612648,0.909409448156775
"LOC101929007",0.478873254055839,0.749351809509898
"LOC101929050",0.273850750214692,-0.244192950301846
"LOC101929073",0.764022756212928,1.10395210766107
"LOC101929109",-0.0998270354172131,-0.60086455634395
"LOC101929116",0.407215233583087,0.531658934750549
"LOC101929148",0.0217606436814472,-0.398408341955073
"LOC101929154",0.314229249011858,0.291929923638767
"LOC101929174",0.192735365409471,0.313248918128262
"LOC101929208",0.171867788046899,-0.0257041888335746
"LOC101929248",0.386953310552861,0.547438489803967
"LOC101929255",-0.401779107892051,-0.657022874418478
"LOC101929268",0.29799852651772,-0.143222594945627
"LOC101929269",0.546442687747036,1.17789717443398
"LOC101929279",0.140455063762068,0.197813824369885
"LOC101929297",0.576086956521739,0.772462651976945
"LOC101929305",0.380434782608696,0.0636126215304578
"LOC101929319",0.331603667153218,-0.219848419079022
"LOC101929341",-0.0268126443200671,-0.65291272606611
"LOC101929372",0.524703557312253,0.738616445156612
"LOC101929398",0.568744096219643,0.836988829371458
"LOC101929413",0.158636031529334,-0.290979514763282
"LOC101929460",-0.176877470355731,-0.741831771699121
"LOC101929473",0.0533596837944664,-0.180136168709281
"LOC101929488",0.498146790596786,1.47228212483191
"LOC101929528",0.395648066935404,-0.334348811715229
"LOC101929536",0.200642457323706,-0.213263006930869
"LOC101929538",-0.151335385602792,-0.863556648805147
"LOC101929550",-0.363636363636364,-1.10339221623996
"LOC101929552",0.66798418972332,1.26142911784589
"LOC101929586",0.493315034278707,0.5261106901228
"LOC101929609",0.546442687747036,1.02142107380628
"LOC101929621",0.0859683794466403,0.0376112826594252
"LOC101929622",0.118577075098814,-0.263026668754971
"LOC101929645",-0.276254023753575,-0.668185246902285
"LOC101929657",0.294466403162055,0.146709056808457
"LOC101929662",0.0439831987729305,0.507095130760276
"LOC101929718",0.615422714832656,0.688245703289645
"LOC101929719",-0.0361566239983389,-0.503639038556581
"LOC101929748",-0.353754940711462,-0.095965290306173
"LOC101929752",0.305335968379447,0.352533081115312
"LOC101929762",0.0296442687747036,-0.434454691222082
"LOC101929774",0.295033367049882,-0.0202173776672038
"LOC101929902",-0.161067193675889,-0.486576009304789
"LOC101929963",0.161067193675889,-0.161010516954907
"LOC101930028",0.0622529644268775,-0.50532558739917
"LOC101930081",0.0326409655221708,-0.736089161969219
"LOC101930112",-0.11910057195816,-0.198925166812869
"LOC101930149",0.415616518741961,0.0534918600405729
"LOC101930421",0.0504077109532462,-0.1357895532749
"LOC102546299",0.519891293360932,1.04494049323395
"LOC102723335",0.38843589028678,0.347600825453818
"LOC102723364",0.678033131645626,1.46936013333961
"LOC102723380",0.439723320158103,0.302854197057848
"LOC102723409",-0.297177731493197,-0.556885283394639
"LOC102723458",0.166048930198929,-0.0659499299050519
"LOC102723506",0.401185770750988,0.22748941980356
"LOC102723657",-0.212008901950418,-1.40663822944175
"LOC102723665",-0.49703557312253,-1.21740341206363
"LOC102723678",0.221398573598572,-0.119546890741047
"LOC102723692",0.176877470355731,0.154831761570395
"LOC102723701",0.369565217391304,0.653449434682605
"LOC102723704",0.377470355731225,0.454371229569379
"LOC102723722",0.0642292490118577,-0.29394394280856
"LOC102723769",0.150346265435453,0.0758561799493947
"LOC102723786",0.434890055282909,0.26627286759003
"LOC102723831",0.386745985429357,0.300178264322898
"LOC102723847",0.520750988142292,0.25789554257657
"LOC102723996",-0.00296442687747036,-0.206521861488951
"LOC102724023",-0.705533596837945,-1.32036370873118
"LOC102724030",0.179886341048839,-0.154646357040724
"LOC102724159",-0.526679841897233,-1.44238196264781
"LOC102724323",0.339016565822813,0.0176147061476635
"LOC102724382",0.585124801653368,0.880737474183618
"LOC102724434",0.642451218031569,1.58477033909056
"LOC102724511",0.657114624505929,0.899256138634571
"LOC102724542",0.312561972878969,0.733409549316282
"LOC102724551",0.274771444019656,0.650760778205819
"LOC102724560",0.0839920948616601,0.389993407198765
"LOC102724587",0.130434782608696,0.185399069954851
"LOC102724593",-0.075098814229249,-0.913118983148336
"LOC102724612",0.260743550338896,0.322443674540423
"LOC102724638",0.587944664031621,0.779103569621099
"LOC102724701",-0.16600790513834,-0.500634289282746
"LOC102724859",-0.0988142292490119,-0.744997830975073
"LOC102724929",0.610671936758893,0.651436094982538
"LOC102724938",0.172924901185771,-0.227742374656836
"LOC102724965",-0.180830039525692,-0.807481496756855
"LOC102725116",0.0355731225296443,-0.583837279556142
"LOC102725228",0.609834463885351,0.816574117802252
"LOC103344931",-0.804347826086957,-1.65293191234684
"LOC105274304",0.235235984448482,0.140556717155089
"LOC105369167",0.534717090700122,0.903323953830686
"LOC105369187",0.407855763462189,0.330165226176768
"LOC105369199",-0.0978260869565217,-0.834590705917303
"LOC105369213",0.274277250775016,0.307437966121133
"LOC105369228",0.0741106719367589,0.29720641099816
"LOC105369308",0.546442687747036,0.469603416178519
"LOC105369341",0.508893280632411,1.06094783798501
"LOC105369477",-0.178853754940711,0.078858536985483
"LOC105369595",0.384482344329662,0.186832918195266
"LOC105369602",0.519762845849802,0.765573856503755
"LOC105369645",0.183839887005957,-0.0836013487201024
"LOC105369705",0.187299239718434,-0.122982262106645
"LOC105369746",0.160079051383399,-0.13148638619812
"LOC105369816",0.00395354595711735,-0.494946380500837
"LOC105369889",-0.101803808395772,-0.330518014136601
"LOC105369890",0.0188212563279025,-0.57938596265335
"LOC105369957",0.0736347934513106,0.107501977826839
"LOC105369974",-0.311264822134387,-1.25281322093901
"LOC105370027",-0.0133432176052711,-0.431773527623722
"LOC105370109",-0.595849802371542,-0.584476003129164
"LOC105370178",0.701581027667984,1.41431367812914
"LOC105370291",0.181818181818182,-0.236721846391821
"LOC105370461",0.486647122330547,0.326444048957372
"LOC105370475",0.531620553359684,0.743250425542233
"LOC105370478",0.0859896245673024,0.0148892900038784
"LOC105370549",-0.278057052208103,-0.77820071157119
"LOC105370569",0.481225296442688,1.45030097946776
"LOC105370612",0.174901185770751,0.185671809896788
"LOC105370622",0.611660079051383,0.97610471554167
"LOC105370638",0.735177865612648,1.46474692237944
"LOC105370697",0.33596837944664,0.176777461023543
"LOC105370746",-0.213985674928977,-1.16990043756134
"LOC105370752",0.485177865612648,0.957895033156929
"LOC105370792",0.532608695652174,0.257173081411633
"LOC105370829",0.549048694794672,0.590759570832995
"LOC105370832",0.145617088431666,0.172161233796771
"LOC105370834",0.556324110671937,1.16310447776943
"LOC105370890",0.428853754940711,0.721802788877317
"LOC105370939",0.211671715810441,-0.14953184556417
"LOC105370941",0.206726114973748,0.16414183028902
"LOC105370997",0.0351660315600283,-0.151981789714319
"LOC105371038",0.0701581027667984,-0.343581656519694
"LOC105371046",0.341246457731786,0.120490491706861
"LOC105371079",0.244071146245059,0.229786143427562
"LOC105371215",-0.235730177693122,-0.524350519039802
"LOC105371312",-0.550531274528591,-1.22758638222755
"LOC105371352",-0.361660079051383,-0.663435612696398
"LOC105371401",0.256916996047431,-0.411121784247347
"LOC105371414",0.20953793572722,-0.0842070336060315
"LOC105371472",-0.16600790513834,-0.123363684380493
"LOC105371485",-0.00592885375494071,-0.489377770688594
"LOC105371508",0.486647122330547,0.321100162712154
"LOC105371600",0.328063241106719,0.0314451984126369
"LOC105371622",-0.360266875342319,-0.793144416882321
"LOC105371672",0.0815418853655454,-0.509686200523942
"LOC105371692",0.38476774509468,-0.0120458788284886
"LOC105371693",-0.086483817811942,-0.12349212860512
"LOC105371703",0.206726114973748,-0.21291922436352
"LOC105371734",0.105862064630373,-0.413391276014431
"LOC105371763",0.643439604520849,1.09976810348259
"LOC105371932",0.57454361422018,1.26107222333406
"LOC105371967",0.43818023413096,0.679437072390814
"LOC105372069",0.217435040209189,-0.0561394766625456
"LOC105372179",0.245119849341276,-0.398642433499108
"LOC105372217",0.482627597761208,0.125176171534615
"LOC105372394",-0.0113664446267124,-0.278380614108415
"LOC105372404",0.180380534293479,0.0605906474932288
"LOC105372480",-0.643280632411067,-1.68309911925379
"LOC105372485",-0.25296442687747,-1.29056239878367
"LOC105372547",0.342235577899124,0.652135253233932
"LOC105372602",0.624505928853755,1.06369753798152
"LOC105372637",0.231454119157211,-0.366662471688096
"LOC105372640",0.611276263415199,1.43471616309672
"LOC105372695",-0.0123548311159917,-0.183620172412214
"LOC105372733",-0.221343873517787,-0.523071582289434
"LOC105372762",0.0884824626144944,-0.0233145109359016
"LOC105372766",0.463438735177866,0.325503507785276
"LOC105372793",0.312252964426877,0.608371155492215
"LOC105372969",0.439831987729305,0.0329097471471772
"LOC105372991",0.323737853642292,0.48230035128088
"LOC105373150",0.559426752932105,1.40129233944762
"LOC105373170",0.124319351007987,-0.0728808108154855
"LOC105373223",0.466518422939847,0.0902832288095003
"LOC105373225",0.525691699604743,0.577201399249235
"LOC105373334",0.00889328063241107,-0.326622304924528
"LOC105373383",-0.00790513833992095,0.407998819797284
"LOC105373418",0.793674350891308,1.19576233956847
"LOC105373554",0.196640316205534,-0.334060463333362
"LOC105373618",0.565217391304348,0.932775426256867
"LOC105373714",0.211671715810441,0.437845913292697
"LOC105373754",0.123517786561265,-0.187046996942907
"LOC105373876",0.241313798880604,0.161559927390319
"LOC105373942",0.706696339834726,1.51851962481184
"LOC105374042",0.286561264822134,0.40473022481616
"LOC105374118",0.326086956521739,0.40257531330262
"LOC105374240",0.599802371541502,0.75522531184911
"LOC105374325",-0.0108695652173913,-0.139155022408521
"LOC105374336",-0.505928853754941,-0.698898314486166
"LOC105374423",0.096326907372093,-0.411786596187416
"LOC105374428",0.605386724683594,0.969536653493446
"LOC105374584",0.844861660079052,2.29614792619893
"LOC105374621",0.6266370342031,0.693568074026527
"LOC105374629",0.277242410242854,0.112045760155508
"LOC105374690",0.444664031620553,0.817171607075368
"LOC105374768",0.439723320158103,0.545148070907168
"LOC105374775",0.657771208615399,1.01409986097886
"LOC105374809",0.395848788956375,0.660132600345909
"LOC105374869",0.0158259226774162,-0.543782445336866
"LOC105374928",0.170128668782224,0.062524707495226
"LOC105374937",0.524703557312253,0.703759508754456
"LOC105374947",0.24703557312253,0.469904865292474
"LOC105374953",0.0291574014337405,-0.516752533004081
"LOC105374989",-0.33300395256917,-0.543335347385987
"LOC105375026",0.679021518134905,1.01507648515595
"LOC105375038",0.16699604743083,0.122211702025702
"LOC105375061",-0.056379849538295,0.0302141242023197
"LOC105375075",-0.265875965616142,-1.14671203736461
"LOC105375116",0.169139548614885,0.0721131162104489
"LOC105375172",-0.00889328063241107,-0.811109202407845
"LOC105375206",0.0108722513820727,-0.529864901289351
"LOC105375218",0.201136650568345,0.0062167058052579
"LOC105375253",0.307312252964427,0.222278944406162
"LOC105375282",0.516926133893094,0.318222278111072
"LOC105375483",-0.0701581027667984,-0.528907502497906
"LOC105375509",0.254572448304272,0.197344893669697
"LOC105375527",0.567828038090979,0.253544042490471
"LOC105375547",-0.143952620595507,-1.26013908112169
"LOC105375571",0.292068207582044,-0.0475869069879965
"LOC105375582",0.41600790513834,0.3973395562411
"LOC105375602",0.178041630120932,-0.0962064523252712
"LOC105375707",-0.00543612569103636,-0.428149673251577
"LOC105375769",0.667655073508193,1.29927312402479
"LOC105375771",0.649209486166008,1.01890011842628
"LOC105375785",0.136397335520549,-0.196301086427717
"LOC105375839",0.205533596837945,0.196323761170643
"LOC105375875",0.807711418503261,1.37827972909014
"LOC105376023",0.617588932806324,0.980618735856498
"LOC105376031",0.396342982201014,0.397514495122336
"LOC105376037",0.169181430390596,0.154383003025263
"LOC105376081",-0.303359683794466,-0.856340369241515
"LOC105376100",0.239130434782609,-0.0320736226751767
"LOC105376139",-0.0681818181818182,0.146330910359733
"LOC105376166",0.696812474941933,0.653685216409927
"LOC105376196",0.599456405747918,0.647584447618003
"LOC105376204",0.360671936758893,0.756892887939852
"LOC105376236",0.448727466132819,0.167108202531023
"LOC105376292",0.470355731225296,0.360325916200311
"LOC105376301",0.660242174838597,1.27676454848606
"LOC105376360",-0.637351778656126,-1.61140954621729
"LOC105376387",0.315217391304348,-0.0850372837557278
"LOC105376489",0.603766091150345,1.66463700842909
"LOC105376689",0.113918130405725,0.310540574881572
"LOC105376717",0.341246457731786,0.458582231287682
"LOC105376805",0.0128458498023715,-0.0136827117210072
"LOC105376944",0.627470355731225,1.1253344964737
"LOC105376975",0.414441350114835,0.00178042945840753
"LOC105377085",0.071658020472752,-0.116737565729623
"LOC105377134",-0.502100336553904,-0.916180160473379
"LOC105377143",0.40326168762597,0.804743853393901
"LOC105377223",0.17903075028827,-0.236657102990345
"LOC105377276",0.221562917483826,0.0954814973187052
"LOC105377320",0.404150197628458,1.17489054061322
"LOC105377323",0.319248836037226,-0.0215787225020671
"LOC105377399",0.694341508718735,1.53746576143788
"LOC105377436",0.153694099082937,0.277068071467205
"LOC105377458",0.0509019041978859,-0.371227871811373
"LOC105377468",0.176921181581001,0.202736865843148
"LOC105377485",0.347417850981687,0.36832663981108
"LOC105377663",0.231339622925047,0.254453754908655
"LOC105377730",0.390304528006374,0.34893252531803
"LOC105377776",0.0712342864802508,0.00483261646498366
"LOC105377782",0.200791393969717,0.648897410320809
"LOC105377844",0.538176443412599,0.794293738677075
"LOC105377924",0.397626307270081,0.409570668716894
"LOC105377938",0.540153216391158,0.547566104107525
"LOC105377993",0.168150428447547,0.595617821866448
"LOC105378011",-0.445214290501568,-1.41924377151584
"LOC105378044",0.606719367588933,1.01567335978273
"LOC105378052",0.158494790129705,-0.4448681630142
"LOC105378067",-0.0820158102766798,-0.778497468850482
"LOC105378130",0.183794466403162,-0.282652779629704
"LOC105378146",0.788537549407115,1.72290957903546
"LOC105378231",0.158141838284694,0.332210530878758
"LOC105378311",0.251050168276952,-0.302085513789047
"LOC105378367",0.772918234616442,1.61524519785061
"LOC105378419",-0.123517786561265,0.16263680695512
"LOC105378515",0.077588339408428,-0.0248057937618499
"LOC105378577",0.315373246637136,0.387800705714713
"LOC105378589",0.223596510340787,-0.168373842978447
"LOC105378604",0.440711462450593,0.40643146411272
"LOC105378635",0.0266864352105421,-0.32835994422872
"LOC105378726",0.485177865612648,0.316317132762545
"LOC105378789",-0.427477156613314,-1.20788739471304
"LOC105378948",0.278656126482213,0.246093631808452
"LOC105378997",-0.50296442687747,-1.40385549877269
"LOC105379173",-0.423913043478261,-0.425351732928453
"LOC105379178",0.339016565822813,0.357924052730569
"LOC105379362",-0.0217391304347826,-0.33783153902028
"LOC105379385",0.380434782608696,0.264024136322441
"LOC105379426",0.530632411067194,0.80821465189345
"LOC105379448",0.0499135177086065,-0.0890186368641214
"LOC105379477",-0.0810276679841897,-0.595489631464377
"LOC105379524",-0.0731225296442688,-0.112499410045587
"LOC105379627",0.327075098814229,0.278656432471972
"LOC105379807",0.471460355386244,0.527186620405876
"LOC107984035",0.306324110671937,0.355542278536546
"LOC107984399",0.692687747035573,1.042544940411
"LOC107984678",0.25395256916996,0.0674128174319641
"LOC107984784",-0.255003714234069,-0.693965637904565
"LOC107984974",-0.106251547597529,-0.770484699738444
"LOC107985946",0.403162055335968,0.220766924640875
"LOC107986876",0.131748794295317,-0.445666173241853
"LOC112268068",0.458951757645068,1.02541215015251
"LOC112268140",0.135408949031269,-0.0341992158608907
"LOC112268198",0.468379446640316,0.416452117799927
"LOC114224",0.365612648221344,0.769998353866057
"LOC145474",0.00296442687747036,0.725330606862417
"LOC145845",0.610700238218519,0.620567857143606
"LOC147004",0.173913043478261,-0.0928475070059902
"LOC148696",0.58201581027668,0.568651543730149
"LOC149684",0.300395256916996,0.240934566590021
"LOC151760",0.178853754940711,0.618413047884035
"LOC153910",0.61181123686391,0.492670096153191
"LOC154761",0.403755880870609,0.668919629044551
"LOC155060",0.0667160880263553,0.0762972467743121
"LOC157273",0.493083003952569,0.730823761030779
"LOC158434",0.535211283944761,0.607934033112457
"LOC162137",0.696640316205534,0.96243369203795
"LOC220077",0.675067972177788,1.15178765161222
"LOC221946",0.671936758893281,1.31867350238696
"LOC254896",0.587944664031621,0.743307056446583
"LOC283038",0.121541501976285,-0.0173892450149044
"LOC283045",0.186758893280632,0.108144856548349
"LOC283194",0.66798418972332,1.16243993915185
"LOC283387",0.485177865612648,0.41646055100985
"LOC283683",0.635375494071146,1.82977876019697
"LOC283731",0.285643695401729,0.194207203739413
"LOC283788",0.263833992094862,0.476976664440965
"LOC284240",0.690882156006257,0.387575001433822
"LOC284379",0.258957260191186,-0.0847224965336678
"LOC284412",-0.400197628458498,-0.721950447676285
"LOC284600",0.719051170950718,0.718776603222545
"LOC284788",0.449604743083004,0.227458869634165
"LOC284798",0.560415139421384,1.03797080363505
"LOC284898",0.469832079485792,1.12900492943974
"LOC284912",0.789525691699605,2.24160400596282
"LOC284933",0.720355731225296,1.42201790104458
"LOC284950",-0.168896010731967,-1.09761568233812
"LOC285097",0.0928853754940711,0.254077695583016
"LOC285191",0.723320158102767,1.31288423135035
"LOC285422",0.604743083003953,0.77151941821344
"LOC285638",0.427865612648221,0.462942769531069
"LOC285819",0.518902906871652,0.935264323899898
"LOC285847",0.617741555799586,0.826326081277564
"LOC285889",0.132411067193676,0.100313616343877
"LOC286059",-0.11968354024796,-0.722904528687508
"LOC286083",0.220573797316488,-0.0922615484017244
"LOC286177",-0.567193675889328,-1.92471908836614
"LOC286297",0.266798418972332,-0.0138373727572437
"LOC286359",0.23869533716096,-0.077040398348375
"LOC286437",0.659090909090909,1.71544000958914
"LOC338694",0.478873254055839,-0.0781178773455451
"LOC338963",0.680504097868824,1.44126240484019
"LOC339166",0.225846312800329,-0.154517465608857
"LOC339260",-0.129972823340233,-0.336311621177164
"LOC339298",0.463438735177866,0.106832993520954
"LOC339352",0.591055120589044,0.846002242829924
"LOC339539",0.450815675443681,0.492303064360567
"LOC339593",0.364714614544076,0.967304636545058
"LOC339666",0.690711462450593,1.25527415432594
"LOC339685",0.508030655489579,1.00575688583961
"LOC339975",0.510007428468138,1.05094622297056
"LOC340090",0.0158141838284694,0.0402543924805607
"LOC340184",0.191794388237005,0.462592271992625
"LOC349160",0.342885375494071,0.288519852414248
"LOC374443",-0.0390412663265338,-0.328727411366265
"LOC375196",-0.264822134387352,-0.82726127830771
"LOC389199",0.708498023715415,1.10805443416183
"LOC389765",0.0518902906871652,0.0364020515428728
"LOC389831",-0.0800395256916996,-0.353216364121062
"LOC389834",-0.204545454545455,-0.611707519588793
"LOC389906",-0.555335968379447,-1.02467438680805
"LOC390705",0.257968873701907,0.255329898408748
"LOC399900",0.721343873517787,1.40337070784459
"LOC400499",-0.0770750988142292,-0.885863873163068
"LOC400541",-0.187793432963074,-0.876092919833598
"LOC400622",0,-0.125810380083044
"LOC400627",0.324684961728262,0.435680097719254
"LOC400748",0.58117125569625,0.941308115603951
"LOC400940",0.658102766798419,0.757726368551671
"LOC401261",0.239683723650239,0.241577979996051
"LOC401312",0.75296442687747,1.54808205778357
"LOC401324",-0.0780825326530677,-0.612371230150586
"LOC401442",-0.08300395256917,-0.373461877555745
"LOC403312",-0.0365703001033355,-0.315450758835895
"LOC414300",0.181008990622947,0.634016826276273
"LOC439933",0.184782608695652,-0.1141237923146
"LOC440570",0.18127841621085,-0.282413102185851
"LOC440895",0.697872372789857,1.25299946369929
"LOC441052",0.365974461915248,0.273424947577907
"LOC441081",0.342885375494071,0.568027331694867
"LOC441179",0.110205093554646,0.39704943877911
"LOC441666",-0.632411067193676,-1.96722785697722
"LOC442028",0.373887423253957,0.427504679384804
"LOC497256",-0.171979249134605,-0.626923046049512
"LOC550113",0.279644268774704,0.116971695892602
"LOC554206",0.0958734894600957,-0.145839944979334
"LOC574538",0.243083003952569,-0.0934701979497669
"LOC613266",0.433234633294267,0.639277997023248
"LOC642361",0.631422924901186,2.10164925776722
"LOC642696",0.625123945757938,0.515925421415175
"LOC644656",-0.377563638904707,-0.842372415647611
"LOC645188",0.488142292490119,0.496091768651296
"LOC645261",0.144268774703557,-0.362478352893794
"LOC645485",-0.0192735365409471,-0.389317586117403
"LOC646214",-0.232765018225284,-0.101048594580379
"LOC646736",-0.132443789563431,-0.265043934461518
"LOC646762",-0.241660496628798,-0.294073905698931
"LOC646903",-0.0563241106719368,-0.358103896789024
"LOC652276",0.711462450592885,1.37638633589006
"LOC654780",0.549407114624506,0.845522555000418
"LOC728024",-0.449233670773882,-0.988811056076547
"LOC728392",-0.717074397972159,-1.73155564329646
"LOC728485",0.279644268774704,0.316182001364108
"LOC728743",0.31157285271163,0.253320360130609
"LOC729218",0.585124801653368,1.57901579537209
"LOC729291",0.254183602421042,0.377110117589341
"LOC729296",0.541501976284585,0.938206787852293
"LOC729683",0.389279873091345,0.465876228346586
"LOC729732",0.391304347826087,0.858346530670321
"LOC729815",0.616258976065667,1.13305478924194
"LOC729870",0.155330319130547,0.139229984240934
"LOC730098",-0.0297992628958738,-0.40057261843956
"LOC730101",-0.155670872061496,-0.0995536019534172
"LOC731157",0.531257737987644,0.790783733834938
"LOC780529",0.647887343722606,1.2470864772228
"LOC84214",0.6524410117883,1.73735864640475
"LOC90246",0.490733891927191,0.224847477722189
"LOC91450",0.212450592885376,-0.043889573961093
"LOC93429",-0.0345849802371542,-0.415513288093721
"LOC93463",0.549048694794672,1.01679846745329
"LOH12CR2",-0.269762845849802,-0.333951283997617
"LOHAN2",0.369490979489875,-0.0147996892595608
"LONP1",-0.75,-1.73228929262931
"LONP2",-0.490118577075099,-0.808763913929049
"LONRF1",-0.152173913043478,0.000364328934640503
"LONRF2",-0.800395256916996,-1.35645790100426
"LONRF3",0.563241106719368,1.27477253860109
"LORICRIN",0.359278488853039,0.253618556564352
"LOX",0.482213438735178,0.80855425099267
"LOXHD1",0.155176678816856,0.157551837629371
"LOXL1",0.152856906405538,-0.0332961851226423
"LOXL1-AS1",-0.0885481755553118,-0.459203909774149
"LOXL2",0.128458498023715,0.153144069978725
"LOXL2-AS1",0.545095148837555,0.446275355295106
"LOXL3",0.483815186502236,0.723864063456372
"LOXL4",0.534584980237154,0.887135234834854
"LPA",0.256916996047431,0.0541498613669891
"LPAL2",0.394268774703557,0.760487687364588
"LPAR1",-0.108695652173913,0.0340173746891974
"LPAR2",0.0138374108499107,-0.322080770509644
"LPAR3",0.347912044226327,0.471130040592048
"LPAR4",0.132411067193676,0.340295209074903
"LPAR5",0.0355731225296443,0.145753707198198
"LPAR6",-0.694664031620553,-1.4238821035244
"LPCAT1",-0.58596837944664,-1.51489552918244
"LPCAT2",-0.455533596837945,-0.63575788384329
"LPCAT3",-0.209693475475764,-1.07437344735204
"LPCAT4",-0.538537549407115,-0.788115776192318
"LPGAT1",-0.773715415019763,-1.14583667284385
"LPIN1",0.399802334913492,1.04798619821369
"LPIN2",-0.490118577075099,-0.752862291587161
"LPIN3",0.295454545454545,0.132985939795066
"LPL",-0.297430830039526,-0.591472358673977
"LPO",0.679841897233202,1.49141609142636
"LPP",0.286561264822134,1.11809557830578
"LPP-AS2",0.0820158102766798,-0.444564352454814
"LPXN",-0.536103130697472,-0.583658604558141
"LRAT",0.341981725290651,-0.00576023756336598
"LRATD1",-0.161067193675889,-0.18693972789557
"LRATD2",-0.0800395256916996,0.535027623652725
"LRBA",-0.769762845849802,-1.52970886703782
"LRCH1",-0.241106719367589,-0.639586533341845
"LRCH2",-0.395848788956375,-0.514299914198722
"LRCH3",0.286561264822134,0.937804178254428
"LRCH4",0.733201581027668,1.28251526959115
"LRFN1",0.443675889328063,1.09153734937708
"LRFN2",0.219970367952235,0.106559120312886
"LRFN3",0.377470355731225,0.465790485812042
"LRFN4",0.706202146590087,1.40889444765287
"LRFN5",-0.576086956521739,-1.18480475558905
"LRFN5-DT",0.445104075302329,0.469130404652141
"LRG1",0.429948122836512,0.23305087196184
"LRGUK",0.293056594071324,0.115666931243231
"LRIF1",-0.674901185770751,-1.28343997978304
"LRIG1",-0.439723320158103,-1.01014918962419
"LRIG2",-0.360671936758893,-0.487744617448753
"LRIG2-DT",0.654311855902922,0.560050410293684
"LRIG3",-0.118577075098814,0.0740519580518833
"LRIT1",0.547566115060753,0.782348344641449
"LRMDA",0.612648221343874,0.932166608796943
"LRP1",0.0266930334144285,0.196519698061703
"LRP10",0.731225296442688,1.3421517351105
"LRP11",-0.564229249011858,-0.653296033290331
"LRP12",0.425889328063241,1.71747985161107
"LRP1B",0.120553359683794,0.782222275006844
"LRP2",-0.0691699604743083,-0.219845033281274
"LRP2BP",-0.291501976284585,-0.798654908615051
"LRP3",0.83399209486166,3.06013089154289
"LRP4",-0.0444664031620553,0.158466577636276
"LRP5",-0.16403162055336,-0.308446765249843
"LRP5L",0.633061546383416,1.7557652269423
"LRP6",-0.337533986088894,-0.0351267605099324
"LRP8",-0.551383399209486,-1.26306809513362
"LRP8-DT",-0.128458498023715,-0.532164579637501
"LRPAP1",-0.537549407114625,-0.82116010111626
"LRPPRC",-0.813241106719368,-1.87293192442349
"LRR1",0.473931321609442,0.435636319573069
"LRRC1",-0.358695652173913,-0.0808252092139007
"LRRC10B",0.122529644268775,-0.112791253260437
"LRRC14",-0.25098814229249,-0.421419742523342
"LRRC15",0.372898303086618,0.510944211635339
"LRRC17",-0.00395256916996047,-0.121063116814683
"LRRC18",0.707509881422925,1.23228957145504
"LRRC19",0.293346749186033,0.0398695871091983
"LRRC2",-0.273715415019763,-0.283909408296967
"LRRC2-AS1",0.641938988602693,0.309681722431158
"LRRC20",-0.482213438735178,-1.31438611642162
"LRRC23",0.374505928853755,0.733186437971151
"LRRC25",0.795454545454546,1.40580434681048
"LRRC27",-0.369565217391304,0.0574883299964199
"LRRC28",0.16456635046501,-0.148458946462978
"LRRC3",0.418397830784189,0.247329349205301
"LRRC31",0.0296736050201553,-0.21178513711922
"LRRC32",0.508893280632411,0.652941940913694
"LRRC34",-0.300395256916996,-0.482118481025743
"LRRC36",0.22386953982177,0.0351257796922429
"LRRC37A",0.0385470730818942,-0.378634855847118
"LRRC37A2",0.00988142292490119,-0.548258071327221
"LRRC37A3",-0.297504333273081,-0.710121497904503
"LRRC37A4P",0.200592885375494,0.121156394988844
"LRRC37A5P",0.488142292490119,0.194578546461863
"LRRC37A7P",0.294939087520738,0.687776705354531
"LRRC37A8P",0.010378058137433,-0.325508436288881
"LRRC37B",-0.240118577075099,-0.425574269160515
"LRRC37BP1",0.154150197628458,-0.14567587706151
"LRRC38",0.075098814229249,-0.413159966066884
"LRRC39",-0.215415019762846,-0.301105942287486
"LRRC3B",-0.160118611263253,-0.0664630230470292
"LRRC3C",0.151185770750988,0.0757760328447557
"LRRC4",-0.496047430830039,-0.752498713392209
"LRRC40",-0.343873517786561,-0.335693676739719
"LRRC41",-0.695652173913043,-2.04856751779542
"LRRC42",-0.621541501976285,-1.07604423920657
"LRRC43",0.602766798418972,0.59288876868645
"LRRC45",-0.0859683794466403,-0.291850339089266
"LRRC46",-0.425889328063241,-1.43994424729822
"LRRC47",-0.785573122529644,-1.77933674650457
"LRRC49",-0.783596837944664,-2.05056226850941
"LRRC4B",0.128458498023715,-0.0987631383032735
"LRRC4C",0.0849802371541502,0.60548582335333
"LRRC52",0.75,1.25787173001528
"LRRC52-AS1",0.233432359491888,-0.101926248973005
"LRRC55",0.345849802371542,0.135143267612312
"LRRC56",0.618577075098814,0.795123793525892
"LRRC57",0.142292490118577,0.527905105369725
"LRRC58",0.379446640316206,1.09237324486601
"LRRC59",-0.679841897233202,-1.4241559647047
"LRRC61",0.577075098814229,0.628941844431286
"LRRC63",-0.255497907478709,-0.902739076831596
"LRRC66",-0.0701581027667984,-0.42879769043172
"LRRC69",0.382789504760003,1.33081459205049
"LRRC7",-0.0731225296442688,0.257817941525817
"LRRC70",-0.0781404932197422,-0.315326391407998
"LRRC71",0.75395256916996,1.64692665295597
"LRRC72",0.574252550271295,1.41889490071049
"LRRC73",-0.493083003952569,-0.419294123965043
"LRRC74A",0.368356096363541,0.238294598889057
"LRRC74B",-0.257905138339921,-1.0141846557349
"LRRC75A",-0.50296442687747,-1.92855882401433
"LRRC75B",-0.0291574014337405,-0.469153139268436
"LRRC77P",0.677044745156346,0.88073068732845
"LRRC8A",-0.155138339920949,-0.577447182482726
"LRRC8B",-0.503582916287822,-1.00324051348756
"LRRC8C",-0.319743029281866,-0.322125507228339
"LRRC8C-DT",0.651507741485495,2.21447133843972
"LRRC8D",-0.423913043478261,-1.04881350492414
"LRRC8E",0.302371541501976,0.307688639440638
"LRRCC1",-0.0662710512116801,0.125821352710017
"LRRD1",-0.259945646680466,-1.00693887689608
"LRRFIP1",0.701581027667984,1.52495407040365
"LRRFIP2",-0.599802371541502,-1.31539070762976
"LRRIQ1",-0.0998517175873065,-0.222239166932985
"LRRIQ3",0.349802371541502,0.655930193020753
"LRRK1",-0.148130349254703,-0.486902130749453
"LRRK2",-0.372529644268775,-0.330947555198485
"LRRN1",-0.611660079051383,-1.01951049004104
"LRRN2",0.252532748010871,0.338003534164735
"LRRN3",-0.284584980237154,-0.54697811343712
"LRRN4",0.419570064699079,1.05193483587215
"LRRN4CL",-0.19471213838803,-0.473126216692306
"LRRTM1",-0.474308300395257,-0.751040196419115
"LRRTM2",-0.0859683794466403,0.0913967826411967
"LRRTM4",-0.16897233201581,-0.0576928495325208
"LRRTM4-AS1",0.257968873701907,0.350214767595738
"LRSAM1",0.579051383399209,0.886805169426423
"LRTM1",0.26933531832862,0.519115251692794
"LRTM2",-0.234741791203843,-0.488171283469761
"LRTOMT",0.192687747035573,0.401200923270857
"LRWD1",-0.255928853754941,-0.926598334065427
"LSAMP",0.468001002673766,1.69237582553606
"LSAMP-AS1",0.392769901790175,0.390008257819355
"LSG1",-0.751859660677788,-1.62549389056689
"LSM1",-0.802371541501976,-3.43082707526876
"LSM10",-0.292490118577075,-0.398967341337009
"LSM11",-0.700592885375494,-0.968611145241653
"LSM12",-0.808300395256917,-2.16724697184514
"LSM14A",-0.639328063241107,-1.15389853690979
"LSM14B",-0.464426877470356,-1.64004131709322
"LSM2",-0.484189723320158,-0.702957720510018
"LSM3",-0.734189723320158,-1.69381928749154
"LSM4",-0.686758893280632,-1.75289695916371
"LSM5",-0.230237154150198,-0.0180456140073368
"LSM6",-0.295454545454545,-0.418006158226854
"LSM7",-0.813241106719368,-1.76576819644936
"LSM8",-0.636363636363636,-0.852975875569477
"LSMEM1",0.128458498023715,0.263854116632001
"LSMEM2",0.49221647166111,0.471178688231974
"LSP1",0.41304347826087,0.115641388383442
"LSP1P4",0.588932806324111,0.529115907926082
"LSP1P5",-0.144268774703557,-0.33285701768396
"LSR",0.542624182614356,0.97926261786359
"LSS",0.156126482213439,0.504006919119858
"LST1",0.689723320158103,0.74243818685484
"LTA",0.146245059288538,-0.307355695002731
"LTA4H",-0.83695652173913,-2.59628381100162
"LTB",-0.352359783428084,-1.35667554885531
"LTB4R",0.162055335968379,0.203329641914517
"LTB4R2",0.490733891927191,0.36648787568557
"LTBP1",-0.105731225296443,0.0173579500481163
"LTBP2",0.556324110671937,1.56680849905721
"LTBP3",0.538670636657239,0.666861082053685
"LTBP4",0.361660079051383,0.549993415814137
"LTBR",0.280632411067194,0.216539561670156
"LTC4S",0.128585621754006,-0.146789638224303
"LTF",0.294539173805243,0.603259746328563
"LTK",0.596837944664032,0.850348329985804
"LTN1",-0.659090909090909,-0.474117908879131
"LTO1",-0.323122529644269,-0.673710370159462
"LTV1",-0.232270824980644,-0.462917808698091
"LUARIS",0.236224370937762,0.0853550772112848
"LUC7L",-0.0948616600790514,-0.408594370913405
"LUC7L2",-0.514822134387352,-0.978572466153515
"LUC7L3",-0.215415019762846,-0.508807226911935
"LUM",-0.237154150197628,-0.415851938749254
"LUNAR1",0.113198234294521,-0.346275101809494
"LURAP1",0.0959446562318354,-0.193613745848744
"LURAP1L",-0.349802371541502,-0.527069026537944
"LURAP1L-AS1",-0.0652173913043478,-0.725398847267792
"LUZP1",-0.209486166007905,-0.609684810684864
"LUZP2",0.483201581027668,1.2506850346193
"LUZP4",0.580182869206971,0.588030465539113
"LVRN",0.0518902906871652,-0.280707596575505
"LXN",0.0355731225296443,-0.411809978757045
"LY6D",0.211671715810441,0.514630023878669
"LY6E",-0.237154150197628,-0.716005054369255
"LY6E-DT",0.672924901185771,1.35440319513086
"LY6G5B",0.236718564182401,-0.136545565205664
"LY6G5C",0.57072233655432,1.5262367838532
"LY6G6C",0.593873517786561,0.928429332461286
"LY6G6D",0.544466403162055,0.762936367807757
"LY6G6E",0.66304347826087,1.43591724352454
"LY6H",-0.638339920948617,-1.33825778187372
"LY6K",0.181818181818182,-0.342394563237951
"LY6S-AS1",0.0968379446640316,-0.113952603178604
"LY75",-0.435384248527548,-1.18682799040088
"LY86",0.00790513833992095,-0.0158274807909562
"LY86-AS1",0.28317272917853,0.134700042110419
"LY9",0.74604743083004,1.41738279685849
"LY96",-0.613293816597829,-1.20063613571016
"LYAR",-0.198616600790514,-0.00266419231661928
"LYG1",0.279644268774704,0.231096491770077
"LYG2",0.10378058137433,0.1874143735247
"LYL1",0.58695652173913,0.882781266343335
"LYN",-0.0988142292490119,0.106901340192251
"LYNX1",-0.112648221343874,-0.0669687863222193
"LYNX1-SLURP2",0.642292490118577,1.13091580586124
"LYPD1",-0.1699604743083,-0.502135956397685
"LYPD3",0.439723320158103,0.825298082350399
"LYPD4",0.49172227841647,0.388866576210089
"LYPD5",0.372529644268775,0.416922410658136
"LYPD6",-0.267786561264822,-0.0441059912661938
"LYPD6B",-0.400197628458498,-0.908375544117514
"LYPD8",-0.303359683794466,-0.584169223319386
"LYPLA1",-0.264822134387352,-0.0183970266141467
"LYPLA2",0.80553498876266,2.20398659708947
"LYPLAL1",-0.647233201581028,-1.66906203413745
"LYPLAL1-AS1",0.384482344329662,0.818483705325012
"LYRM1",-0.733201581027668,-1.65067112403876
"LYRM2",-0.264822134387352,-1.3960451822053
"LYRM4",-0.5,-0.702897134662286
"LYRM4-AS1",0.530632411067194,1.38186126547287
"LYRM7",-0.745059288537549,-1.18060025392118
"LYRM9",-0.656126482213439,-2.59873999319007
"LYSET",-0.610671936758893,-0.697437362637181
"LYSMD1",-0.67655819445954,-1.33068281627249
"LYSMD2",-0.615612648221344,-0.993103181335461
"LYSMD3",-0.212450592885376,0.458533803014524
"LYSMD4",-0.684782608695652,-1.97173007244715
"LYST",-0.868577075098814,-1.91886017563102
"LYVE1",0.398221343873518,0.11205164735118
"LYZ",-0.216456641152175,-0.884388533267351
"LYZL1",0.076105759674509,-0.333354326375076
"LYZL4",0.300692530870907,0.219004782981289
"LYZL6",0.64391722893737,0.917420432251348
"LZIC",-0.124505928853755,-0.324965045031033
"LZTFL1",-0.536561264822134,-0.229033647261228
"LZTR1",0.517914520382373,0.432762376128179
"LZTS1",0.491106719367589,1.61075742202701
"LZTS1-AS1",0.636520899095893,1.02859420621043
"LZTS2",0.704545454545454,1.58936436690603
"LZTS3",0.425889328063241,1.214554766673
"M1AP",0.558300395256917,0.728557643999383
"M6PR",-0.806324110671937,-2.4125505195219
"MAB21L1",-0.0632567353138776,-0.603508129019889
"MAB21L2",-0.309288537549407,-0.934540102243895
"MAB21L3",-0.0781404932197422,-0.0400450518941201
"MAB21L4",0.296021753539162,-0.0787861697769885
"MACC1",-0.225846312800329,-0.768680091574118
"MACF1",-0.324110671936759,-1.2661391908594
"MACIR",-0.714426877470356,-1.39869275152793
"MACO1",-0.744071146245059,-1.60543949847712
"MACROD1",-0.124505928853755,0.126255175918296
"MACROD2",-0.193675889328063,0.160296604880581
"MACROD2-AS1",-0.302371541501976,-1.26150256847097
"MACROH2A1",-0.828063241106719,-2.56340940475456
"MACROH2A2",0.306399811676595,0.918803612928333
"MAD1L1",-0.58201581027668,-0.971048287379343
"MAD2L1",-0.434782608695652,-0.502548873715945
"MAD2L1BP",-0.757905138339921,-2.1356490568721
"MAD2L2",-0.13491475578663,-0.375466775564329
"MADCAM1",0.75197628458498,1.89362450482239
"MADD",-0.75,-2.90498161817492
"MADD-AS1",0.129574741921345,-0.23443427550716
"MAEA",-0.825098814229249,-2.3927382528782
"MAEL",-0.705533596837945,-1.76765052842201
"MAF",0.0879446640316206,0.440933298528281
"MAF1",0.195652173913043,0.572473969502449
"MAFB",-0.322213995505064,-0.148838027428212
"MAFF",0.143280632411067,0.90961233086973
"MAFG",0.371541501976285,1.07271945742787
"MAFIP",0.0266798418972332,-0.452837230858001
"MAFK",0.589920948616601,1.61087406517234
"MAG",0.141444183929407,0.184322032764397
"MAGEA1",-0.280632411067194,-0.970362205364571
"MAGEA10",0.697800861431212,0.868265846043206
"MAGEA11",0.0617741555799586,-0.564343033376103
"MAGEA12",-0.00197628458498024,-0.810941984744193
"MAGEA2",-0.0316518453548323,-0.459314200661805
"MAGEA3",-0.208704355308425,-1.0348387166958
"MAGEA4",-0.245059288537549,-1.05044171702745
"MAGEA5P",-0.343873517786561,-1.11846563421677
"MAGEA6",-0.041501976284585,-0.431240778531546
"MAGEA8",-0.156165065306135,-1.1044059196903
"MAGEA9",-0.436974843302866,-1.5495821287572
"MAGEB1",-0.352650908038594,-0.901636898798346
"MAGEB18",-0.372529644268775,-1.42349199335028
"MAGEB2",-0.0484189723320158,-0.342075018462663
"MAGEB3",-0.282608695652174,-1.12328634119833
"MAGEB4",0.602421565215756,1.08325268172339
"MAGEB6",-0.0375865663588634,-0.45543133841827
"MAGEC1",-0.20573699480641,-0.755959792190954
"MAGEC2",-0.308870777899793,-1.23045704613255
"MAGEC3",0.269762845849802,0.00295986244859329
"MAGED1",-0.702569169960474,-1.73950462149428
"MAGED2",-0.827075098814229,-2.25437208349764
"MAGED4B",-0.546442687747036,-1.23731209074249
"MAGEE1",0.0523715415019763,0.405682533855893
"MAGEE2",-0.0948851029708164,-0.129667791738658
"MAGEF1",-0.387351778656126,-0.653504185255049
"MAGEH1",-0.537549407114625,-0.694880023311887
"MAGEL2",-0.575735130005214,-1.42150721382214
"MAGI1",0.0227272727272727,0.551609793564728
"MAGI1-IT1",-0.161106997752532,-0.673448549934775
"MAGI2",0.363726228054796,0.961420263946229
"MAGI2-AS2",0.227497638487857,-0.0548732230563272
"MAGI2-AS3",0.0662055335968379,0.409525936047382
"MAGI3",-0.809288537549407,-2.40554850165399
"MAGIX",0.724035962491789,1.15166712713097
"MAGOH",-0.673913043478261,-0.993396378128184
"MAGOH-DT",0.267786561264822,0.635564320590276
"MAGOH2P",-0.648381536967245,-1.19486086748492
"MAGOHB",-0.474308300395257,-1.09009512117056
"MAGT1",-0.254940711462451,-0.373476692066087
"MAILR",0.24703557312253,-0.149874577573333
"MAIP1",-0.708498023715415,-1.17802160052063
"MAJIN",0.249567588543033,0.24598553753643
"MAK",-0.0158102766798419,-0.449034032157595
"MAK16",-0.628458498023715,-1.13463839816076
"MAL",-0.204545454545455,-0.382867327120236
"MAL2",-0.694664031620553,-0.911318760099464
"MALAT1",0.723320158102767,1.79433809634057
"MALL",0.678033131645626,1.20400852958885
"MALRD1",0.0424901185770751,-0.375661092281316
"MALSU1",-0.670948616600791,-1.16328212130845
"MALT1",-0.16699604743083,-0.0808554552859058
"MAMDC2",-0.491228085171831,-0.892254196521855
"MAMDC2-AS1",0.0326086956521739,-0.304226872131329
"MAMDC4",0.802371541501976,1.1709227869157
"MAML1",0.0395256916996047,0.0762193838230886
"MAML2",-0.0642292490118577,0.0970604495088059
"MAML3",-0.209486166007905,-0.451237160527739
"MAMLD1",-0.326661734706821,-0.00246919843784183
"MAMSTR",0.330121087419299,0.352240252715507
"MAN1A1",-0.0434782608695652,0.389531254154953
"MAN1A2",-0.74703557312253,-1.62382390964254
"MAN1B1",-0.29799852651772,-1.07388467132078
"MAN1B1-DT",0.651185770750988,1.40003778062798
"MAN1C1",0.367679774011914,1.18890512912957
"MAN2A1",-0.0365612648221344,0.312300113141155
"MAN2A2",-0.648221343873518,-1.51133775672965
"MAN2B1",0.482213438735178,0.370084641079588
"MAN2B2",-0.704545454545454,-1.0798569419351
"MAN2C1",-0.319169960474308,-0.853626578721064
"MANBA",-0.783596837944664,-1.59743885830361
"MANBAL",-0.75098814229249,-2.45515744516613
"MANEA",-0.672597005954589,-1.13940507128719
"MANEAL",-0.83300395256917,-2.4797759377037
"MANF",-0.278656126482213,-0.720649287680187
"MANSC1",0.494071146245059,1.44859939278365
"MAOA",-0.112181866533205,-0.053665075431529
"MAOB",-0.727272727272727,-1.42310739195081
"MAP10",0.244131462851996,-0.304824875106196
"MAP1A",-0.629446640316205,-1.52745920358993
"MAP1B",-0.731225296442688,-1.63787535624541
"MAP1LC3A",0.261175016895469,0.241614540777469
"MAP1LC3B",-0.777667984189723,-2.06817941533208
"MAP1LC3B2",0.588932806324111,1.07496929608868
"MAP1LC3C",-0.340004952312092,-1.22626683042254
"MAP1S",-0.337944664031621,-0.260425596790829
"MAP2",-0.0953792962154561,0.396398138342065
"MAP2K1",-0.673913043478261,-1.51014202835705
"MAP2K2",-0.33695652173913,-1.0465425127223
"MAP2K3",0.404150197628458,0.590052709085903
"MAP2K4",-0.74604743083004,-1.78861916252678
"MAP2K5",0.148257973391901,-0.234376055842048
"MAP2K6",0.256486293967988,-0.119048101048237
"MAP2K7",0.503952569169961,0.506813459677987
"MAP3K1",0.0928853754940711,0.21408551398582
"MAP3K10",0.637015092340533,1.13783546893007
"MAP3K11",0.627470355731225,1.25221401576106
"MAP3K12",-0.16798418972332,-0.350595320301646
"MAP3K13",-0.221343873517787,-0.0199398043880053
"MAP3K14",0.424511997145475,0.217171129867262
"MAP3K14-AS1",-0.0355731225296443,-0.534639390462403
"MAP3K15",0.625494071146245,1.06084362244926
"MAP3K19",0.512845849802371,0.800737225936396
"MAP3K2",-0.0316205533596838,0.0143920607516905
"MAP3K2-DT",-0.033596837944664,0.227563850867093
"MAP3K20",-0.184782608695652,-0.329912273469873
"MAP3K20-AS1",0.560553701702998,0.699849085705658
"MAP3K21",-0.798122090093065,-1.14518494138038
"MAP3K3",0.396245059288538,0.510535975352252
"MAP3K4",-0.565217391304348,-1.24178704004632
"MAP3K5",-0.269762845849802,-0.375416208945184
"MAP3K5-AS1",0.780825326530677,0.972092270698612
"MAP3K5-AS2",0.027241292053543,-0.544800187723541
"MAP3K6",0.346923657737048,0.843564438277585
"MAP3K7",-0.688735177865613,-1.14200828579557
"MAP3K7CL",-0.165966940404328,-0.0351392706095052
"MAP3K8",0.516798418972332,1.08566336708248
"MAP3K9",-0.780632411067194,-3.53235923970271
"MAP3K9-DT",0.31381271034619,0.104758452916919
"MAP4",0.395256916996047,0.976784731366161
"MAP4K1",0.537549407114625,0.792054740616559
"MAP4K2",0.205584389770102,0.147058296404662
"MAP4K3",-0.700592885375494,-1.25933668777939
"MAP4K3-DT",0.776679841897233,2.72717482036727
"MAP4K4",-0.337944664031621,-0.0301743122466141
"MAP4K5",-0.0948616600790514,0.243150529048697
"MAP6",0.381422924901186,1.31526876698769
"MAP6D1",-0.743083003952569,-1.43422201398272
"MAP7",-0.414628132252682,-0.528876990373907
"MAP7D1",-0.463438735177866,-1.36442668421804
"MAP7D2",-0.717391304347826,-1.63127245851889
"MAP7D3",0.401284914647411,-0.0568606501691843
"MAP9",-0.473320158102767,-0.0979269675884337
"MAPK1",-0.523715415019763,-0.735200953381627
"MAPK10",-0.775691699604743,-0.877200827302289
"MAPK10-AS1",0.763833992094862,1.43768032780415
"MAPK11",0.752162118341576,1.4217241265324
"MAPK12",0.332592053642497,0.787391411623771
"MAPK13",0.512845849802371,0.940812302509769
"MAPK14",-0.728260869565217,-2.08159169885049
"MAPK15",0.694341508718735,1.25594175788482
"MAPK1IP1L",0.496047430830039,1.7653384292008
"MAPK3",0.0187747035573123,0.0914590017464112
"MAPK4",0.395256916996047,0.386083103498918
"MAPK6",-0.702569169960474,-1.42597684314878
"MAPK7",0.786561264822134,1.71243130572869
"MAPK8",-0.707509881422925,-1.7212643333728
"MAPK8IP1",0.189698451936491,0.434638941379119
"MAPK8IP2",-0.187747035573123,-1.07986374688613
"MAPK8IP3",0.570158102766798,0.671921501413607
"MAPK8IP3-AS1",0.276254023753575,0.450623984657657
"MAPK9",-0.711462450592885,-1.82793546133927
"MAPKAP1",0.385375494071146,1.2905328127605
"MAPKAPK2",0.538537549407115,1.27842022462005
"MAPKAPK3",0.321719802260424,0.224813815165077
"MAPKAPK5",0.25197628458498,0.668111430063718
"MAPKAPK5-AS1",-0.366197194277995,-1.16415483778469
"MAPKBP1",0.790513833992095,2.20520188798144
"MAPRE1",-0.75395256916996,-1.25611296751598
"MAPRE2",-0.636363636363636,-1.50183713914527
"MAPRE3",-0.147233201581028,-0.627579966976357
"MAPT",0.292490118577075,0.807721356021746
"MAPT-AS1",0.530168409693441,0.495937895759704
"MARCHF1",0.463438735177866,1.74897765177252
"MARCHF10",0.278724989976773,0.247006371011665
"MARCHF10-DT",0.5668396516017,0.47266474151434
"MARCHF11",-0.589572540855125,-0.945188048836765
"MARCHF11-DT",0.364804789997189,0.425321763895031
"MARCHF2",-0.652173913043478,-1.44984025463331
"MARCHF3",-0.0948616600790514,-0.338341351168365
"MARCHF4",-0.198616600790514,-0.0583154860502723
"MARCHF5",-0.66403162055336,-1.16216173995482
"MARCHF6",-0.717391304347826,-1.30989106855044
"MARCHF6-DT",0.347417850981687,0.787024940403732
"MARCHF7",-0.25395256916996,0.0450211101110331
"MARCHF8",-0.238142292490119,0.241868666794535
"MARCHF9",-0.381422924901186,-0.619853099423564
"MARCKS",-0.523715415019763,-0.635056092250372
"MARCKSL1",-0.514949360914535,-1.26496126843905
"MARCO",-0.0118577075098814,-0.385085517303081
"MARF1",-0.785573122529644,-1.29523017683176
"MARK1",0.135375494071146,0.688006752433182
"MARK2",0.653162055335968,1.84571605867818
"MARK3",-0.685770750988142,-3.54956910411591
"MARK4",0.761857707509881,1.92809213760507
"MARS1",-0.547566115060753,-1.07360248233018
"MARS2",-0.219421800620013,-0.819777147773457
"MARVELD1",0.593526086812242,0.58733346648789
"MARVELD2",0.295454545454545,-0.103299170541526
"MARVELD3",0.601385061741814,0.429912732561966
"MAS1",0.571146245059289,0.880836713577008
"MAS1L",0.153199905838297,-0.150334403274798
"MASP1",-0.205584389770102,-0.849607488481654
"MASP2",-0.090639208105425,-0.719972417930943
"MAST1",0.0178041630120932,0.504067770638766
"MAST2",0.563241106719368,1.36006937789726
"MAST3",-0.698616600790514,-1.74531560370534
"MAST4",0.570158102766798,1.73262932279985
"MASTL",-0.511857707509881,-0.652631058574706
"MAT1A",0.686758893280632,0.814848893032529
"MAT2A",-0.354743083003953,-1.1827093486082
"MAT2B",-0.83498023715415,-1.89764534188318
"MATCAP1",0.479249011857708,1.0984629955123
"MATCAP2",0.0256916996047431,0.808929535537928
"MATK",-0.506916996047431,-1.44846269847591
"MATN1",0.386745985429357,0.0717780372715765
"MATN1-AS1",0.448071435804345,1.11534700890394
"MATN2",-0.203113423546904,-0.220660347835988
"MATN3",-0.577854741879016,-1.73048107738272
"MATN4",-0.0138339920948617,-0.0363296511153445
"MATR3",-0.686758893280632,-1.18160988153705
"MAU2",0.466403162055336,0.739389160128045
"MAVS",0.0711462450592885,-0.296319062470678
"MAX",0.303359683794466,1.10574083925312
"MAZ",0.780632411067194,1.25907371489655
"MB",0.694664031620553,1.03328766774266
"MB21D2",-0.609683794466403,-0.834569971713704
"MBD1",-0.571146245059289,-0.590319850971004
"MBD2",-0.50296442687747,-0.351906416381264
"MBD3",0.265810276679842,0.312791820837056
"MBD3L1",0.318181818181818,0.0765970497277871
"MBD3L2",0.459486166007905,0.246918389138908
"MBD4",0.487154150197628,1.29898927272366
"MBD5",-0.390316205533597,-0.269011622681536
"MBD6",0.522727272727273,1.1254916459597
"MBIP",-0.16600790513834,0.283718829724046
"MBL1P",0.52423368868941,0.825495492816072
"MBL2",-0.136363636363636,-0.666015888369123
"MBLAC1",-0.180830039525692,0.00463951746724441
"MBLAC2",-0.604743083003953,-1.20038911579567
"MBNL1",0.319169960474308,1.15699840514538
"MBNL1-AS1",0.512845849802371,1.04054138164026
"MBNL2",-0.683963450581302,-1.33276994068184
"MBNL3",-0.117617992224241,-0.922576597933234
"MBOAT1",-0.151717326104378,-0.563313800413132
"MBOAT2",-0.659090909090909,-2.21158039553467
"MBOAT7",0.116600790513834,0.0300427462712365
"MBP",-0.424901185770751,-1.24993443542161
"MBTD1",-0.128458498023715,0.263583434773486
"MBTPS1",-0.773715415019763,-2.32450082681218
"MBTPS2",-0.709486166007905,-0.797248211110073
"MC1R",0.367588932806324,0.129070264317356
"MC2R",0.394268774703557,0.278195133519076
"MC3R",0.393370052393023,0.264195519934019
"MC4R",-0.0889328063241107,-0.474121196794804
"MC5R",0.534124890362795,0.901369027390829
"MCAM",-0.0780632411067194,0.14494955084025
"MCAT",-0.838932806324111,-2.13527571279667
"MCC",-0.275759830508935,-0.548620941697797
"MCCC1",-0.648221343873518,-0.760787133374476
"MCCC2",-0.517914520382373,-1.21804223152875
"MCEE",-0.527667984189723,-0.931862359720549
"MCEMP1",0.237154150197628,-0.24258069449548
"MCF2",-0.862648221343873,-2.24366558028971
"MCF2L",-0.371541501976285,-1.16022405814906
"MCF2L-AS1",0.384387351778656,0.989299655927272
"MCF2L2",-0.0983444556832941,-0.0863367989703473
"MCFD2",-0.655138339920949,-1.24737341339609
"MCHR1",-0.182806324110672,-0.084503006093094
"MCHR2",0.340004952312092,0.109796266002749
"MCHR2-AS1",0.512845849802371,0.289723923332837
"MCL1",-0.210474308300395,-0.495707647617691
"MCM10",0.00593031893567602,-0.752361019754546
"MCM2",-0.564229249011858,-1.0717294331163
"MCM3",-0.692687747035573,-1.62496927334517
"MCM3AP",-0.83399209486166,-2.20387580289202
"MCM3AP-AS1",0.535573122529644,1.19021429045102
"MCM4",-0.384387351778656,-1.15488913060204
"MCM5",-0.216403162055336,-0.0140139919832476
"MCM6",-0.453557312252964,-0.457293402602505
"MCM7",0.0217391304347826,0.298535083757325
"MCM8",0.58399209486166,1.15196410559424
"MCM8-AS1",0.575735130005214,0.498865823947348
"MCM9",-0.266864352105421,-0.191642947634186
"MCMBP",-0.153162055335968,0.372492290909032
"MCMDC2",0.149209486166008,-0.327397944997732
"MCOLN1",-0.115641219245683,-0.287612171705942
"MCOLN2",0.126607381419329,0.365122544796189
"MCOLN3",-0.358695652173913,-0.197286736624166
"MCPH1",0.397233201581028,0.561491568685403
"MCPH1-AS1",0.269762845849802,0.777509145783381
"MCPH1-DT",-0.228260869565217,-1.03558742623953
"MCRIP1",0.358695652173913,0.0700182459247726
"MCRIP2",-0.0494071146245059,-0.32629057012363
"MCRS1",-0.227497638487857,-0.311398276299429
"MCTP1",0.479249011857708,1.36625357702914
"MCTP2",0.496047430830039,1.00486443138393
"MCTS1",-0.66699604743083,-1.43566561160531
"MCU",-0.556324110671937,-2.02034493027585
"MCUB",-0.191699604743083,0.00468570705581406
"MCUR1",-0.25098814229249,-0.228870794774618
"MDC1",-0.319169960474308,-0.770905306249422
"MDFI",0.130467016584873,-0.495855513237618
"MDFIC",-0.324110671936759,-0.747773770336938
"MDGA1",0.7462317994059,1.42943611987199
"MDGA2",0.100321228661853,-0.256649147398006
"MDH1",-0.733201581027668,-1.46942063188628
"MDH1B",0.136363636363636,0.533718507037425
"MDH2",-0.83498023715415,-2.2476551188157
"MDK",-0.0296736050201553,-0.731731375850638
"MDM1",-0.611660079051383,-0.460652992945808
"MDM2",-0.070175440738833,0.455190157867201
"MDM4",0.325098814229249,0.802665161213243
"MDN1",-0.854743083003953,-1.69631653338765
"MDP1",-0.761857707509881,-1.97469515594807
"MDS2",0.738818900736305,1.42833027640669
"ME1",-0.302940458964117,-0.0865570778006608
"ME2",-0.604743083003953,-1.12219061830945
"ME3",-0.698616600790514,-3.03377594323236
"MEA1",-0.309859164389072,-0.781307826948785
"MEAF6",-0.741106719367589,-1.5060738556779
"MEAK7",-0.25296442687747,-0.393545455360748
"MECOM",0.227328892534248,0.728572065912383
"MECP2",0.226284584980237,1.1719769877063
"MECR",-0.306324110671937,-0.786538469475162
"MED1",0.219367588932806,1.20474679846164
"MED10",-0.679841897233202,-1.57128033561762
"MED11",-0.436372635016827,-0.39363350215259
"MED12",0.491106719367589,0.764734024324266
"MED12L",-0.454545454545455,-1.21907725185518
"MED13",0.458498023715415,1.31078285945517
"MED13L",0.660079051383399,1.34342461495588
"MED14",-0.536561264822134,-0.810770920907145
"MED14OS",-0.260869565217391,-0.688867167052643
"MED15",-0.659090909090909,-1.3017592347099
"MED15P9",0.0500249181346881,-0.135013953021956
"MED16",0.620553359683795,1.29942097647154
"MED17",-0.570158102766798,-0.960485769798705
"MED18",-0.246290921667289,-0.252598540282494
"MED19",-0.468379446640316,-0.877817709820073
"MED20",-0.365612648221344,-0.547679615153729
"MED21",-0.670948616600791,-1.08859858183973
"MED22",-0.477272727272727,-0.717164886913312
"MED23",-0.367588932806324,-0.256548742634031
"MED24",-0.374505928853755,-0.515370155031838
"MED25",0.49901185770751,1.82698257732494
"MED26",0.527667984189723,1.23704059040813
"MED27",-0.476284584980237,-1.10969876543475
"MED28",-0.288537549407115,-0.0201051124776176
"MED29",-0.545454545454545,-0.944516044411304
"MED30",0.0385756865262019,0.460611659494258
"MED31",-0.489130434782609,-0.640621606679565
"MED4",-0.671936758893281,-0.820897651692665
"MED6",-0.0217391304347826,0.547800538612753
"MED7",-0.520750988142292,-0.839441778197626
"MED8",-0.452186818845297,-1.44616961505299
"MED9",-0.838932806324111,-3.39482500309932
"MEDAG",0.0647393150477966,-0.255284070902257
"MEF2A",-0.796442687747036,-2.64915363844432
"MEF2C",-0.778354360307478,-1.77830790472759
"MEF2C-AS1",0.260030515056547,0.427561551203414
"MEF2D",0.511857707509881,1.23051434836801
"MEFV",0.105731225296443,-0.500201492209719
"MEG3",0.688735177865613,1.58886759481721
"MEG8",0.146281200413342,0.0215922053367265
"MEG9",0.188287626207714,0.353885585454568
"MEGF10",-0.156126482213439,0.0421079858668193
"MEGF11",-0.214426877470356,-0.119382536928646
"MEGF6",0.23869533716096,0.502748435241354
"MEGF8",-0.378458498023715,-1.73669378254513
"MEGF9",-0.730237154150198,-1.51100963103293
"MEI1",0.155291866272146,0.0188193479453114
"MEIG1",-0.115612648221344,-0.442604251922544
"MEIKIN",0.0820969738890963,0.711600438187221
"MEIOB",0.271018925850752,0.0221977928950066
"MEIOC",0.688735177865613,1.14421198001143
"MEIS1",-0.219367588932806,-0.310368269465347
"MEIS2",0.150197628458498,0.721053634916439
"MEIS3",0.646404763988687,1.05379631886997
"MEIS3P1",0.0849802371541502,0.221433664726374
"MELK",-0.0395648066935404,-0.366049552702905
"MELTF",0.490239698682551,0.770909819284396
"MELTF-AS1",0.239130434782609,0.115362345147191
"MEMO1",-0.602915758460396,-1.59392213696277
"MEN1",0.151335385602792,0.466067768120719
"MEOX1",-0.5,-1.27433792224349
"MEOX2",-0.41798418972332,-0.651089138887441
"MEP1A",-0.187932831794317,-0.430642224165791
"MEP1B",0.359683794466403,0.196549018725222
"MEPCE",-0.327075098814229,-0.343225343877869
"MEPE",0.0484189723320158,-0.0796336388427845
"MERTK",-0.239130434782609,-0.330489236727182
"MESD",-0.658102766798419,-1.41700444858232
"MESP1",-0.634387351778656,-1.08357130449329
"MESP2",0.481225296442688,1.38931989378633
"MEST",-0.604743083003953,-1.1536454424814
"MET",0.362648221343874,1.27150698011939
"METAP1",-0.703557312252964,-1.21312266902565
"METAP1D",-0.660242174838597,-2.02144820113823
"METAP2",-0.674079585688508,-1.12738356573554
"METRN",0.789525691699605,1.30626982309582
"METRNL",0.360671936758893,0.567943864372696
"METTL1",-0.237154150197628,-0.989193911693459
"METTL13",-0.407215233583087,-0.393334677526151
"METTL14",-0.137351778656126,0.0145621495895694
"METTL14-DT",0.436866828261467,0.348903029372164
"METTL15",-0.50445128534264,-1.20099843763217
"METTL16",-0.41798418972332,-0.57040359769603
"METTL17",-0.33498023715415,-0.547308239343103
"METTL18",-0.655138339920949,-1.49304970657579
"METTL21A",-0.529644268774703,-0.892827042469259
"METTL21C",-0.126638731520446,-0.648730405551792
"METTL21EP",-0.217939220886094,-0.691020631198495
"METTL22",-0.378458498023715,-0.896046617245913
"METTL23",-0.702569169960474,-1.30844097631993
"METTL25",-0.449604743083004,-1.26819506687838
"METTL25B",0.00444773920175702,-0.20234066986828
"METTL26",-0.653162055335968,-2.05075880864176
"METTL27",0.1906676929427,0.172751433179982
"METTL2B",-0.408697813317006,-0.570702784589942
"METTL3",-0.758893280632411,-2.19719408977755
"METTL4",-0.465415019762846,-0.63446425765962
"METTL5",-0.476284584980237,-0.567551878741035
"METTL6",0.66403162055336,0.910575181761956
"METTL8",-0.326167541462181,-0.927665399306023
"METTL9",-0.35829010236376,-0.403381966534266
"MEX3A",0.210474308300395,-0.139224878532834
"MEX3B",0.0385375494071146,0.0566181131435295
"MEX3C",0.0771513730524037,0.509146916858035
"MEX3D",0.482826800012956,0.20429760372024
"MFAP1",-0.679841897233202,-0.828755196764386
"MFAP2",-0.268051565348736,-0.245199178920854
"MFAP3",-0.367588932806324,-0.394635535418912
"MFAP3L",-0.447628458498024,-0.923540094554235
"MFAP4",0.209486166007905,0.293874533140217
"MFAP5",0.369656546990472,0.227776734493737
"MFF",-0.517786561264822,-0.766250290335358
"MFF-DT",0.490239698682551,1.28281295936884
"MFGE8",0.25296442687747,-0.0614672304137292
"MFHAS1",-0.346923657737048,-0.609897086899193
"MFN1",-0.780632411067194,-1.6374334218548
"MFN2",-0.349802371541502,-0.863392171526347
"MFNG",0.213491481684337,-0.385406628957093
"MFRP",0.502594529798543,0.497452332925268
"MFSD1",-0.458498023715415,-0.894599909030783
"MFSD10",0.0123548311159917,-0.0977334588589394
"MFSD11",0.600790513833992,0.816306459072477
"MFSD12",-0.125525084138476,-0.621138454407161
"MFSD13A",0.373517786561265,0.819384591685274
"MFSD14A",-0.626482213438735,-0.423260232523124
"MFSD14B",-0.771739130434783,-1.82969070232033
"MFSD14CP",-0.138187645144337,-0.92951382312801
"MFSD2A",0.392680706433388,0.978041916831129
"MFSD3",-0.241106719367589,-0.747937017197565
"MFSD4A",-0.659090909090909,-1.53095651015395
"MFSD4A-AS1",-0.574252550271295,-1.07148065002442
"MFSD4B",0.681818181818182,1.31974732791106
"MFSD5",-0.694664031620553,-1.50863163904745
"MFSD6",-0.698616600790514,-1.55882612107341
"MFSD6L",0.339773206340555,0.461624906364381
"MFSD8",-0.681503795296233,-1.36794175965783
"MFSD9",-0.291501976284585,-0.15880488659291
"MGA",-0.817013258221609,-1.35181419744969
"MGAM",-0.0884605907905007,-0.692969784071628
"MGAM2",0.247096622319834,0.0499544313882375
"MGARP",-0.0227272727272727,0.516963684754685
"MGAT1",-0.318181818181818,-0.488797015238447
"MGAT2",-0.755127277809414,-1.65045060459638
"MGAT3",-0.408203620072366,-1.16809269602227
"MGAT4A",-0.429841897233202,-0.470677596917767
"MGAT4B",0.25098814229249,0.408494479959672
"MGAT4C",0.153694099082937,0.741326253806673
"MGAT4D",0.0693414706817459,0.217587382695253
"MGAT4EP",-0.17889795455956,-0.575042531887758
"MGAT5",-0.703557312252964,-1.72203609033347
"MGAT5B",0.311341744122991,0.606864775616829
"MGC12916",0.235235984448482,-0.176502671499445
"MGC15885",-0.0326409655221708,-0.186535536883272
"MGC16025",0.67655819445954,0.853732471067242
"MGC16275",-0.192878432631009,-0.864123760658193
"MGC27382",0.625494071146245,1.08008156680582
"MGC2889",0.3300395256917,1.05590595081102
"MGC32805",0.706202146590087,1.26843418189453
"MGC34796",0.277942767022121,0.243539289163546
"MGC4859",-0.216403162055336,-1.0571621634914
"MGC70870",-0.0701581027667984,0.184641536292231
"MGLL",-0.0968379446640316,-0.368988909778845
"MGME1",-0.0909090909090909,-0.387121017149209
"MGMT",-0.574252550271295,-1.70837120326871
"MGP",0.226508518320519,0.0865615361789912
"MGRN1",0.239130434782609,0.47926418217757
"MGST1",-0.411067193675889,-1.06603714065739
"MGST2",-0.615612648221344,-1.89840931130724
"MGST3",-0.648221343873518,-0.857824886342264
"MIA",0.277667984189723,0.456420232903476
"MIA2",-0.0459599717514892,0.204498437865039
"MIA3",-0.807312252964427,-1.71285711888304
"MIAT",0.0326086956521739,0.0857236000044323
"MIATNB",0.314229249011858,0.298699081856854
"MIB1",-0.480237154150198,-0.833215815923374
"MIB2",-0.195652173913043,-0.251479241699142
"MICA",-0.0553359683794466,-0.30396878075166
"MICA-AS1",0.117385203939813,-0.638204176800772
"MICAL1",0.492094861660079,0.759351900804738
"MICAL2",0.560276679841897,1.41725223592456
"MICAL3",0.66600790513834,0.970621700398509
"MICALL1",0.671936758893281,0.931791397518904
"MICALL2",0.554347826086957,0.656775114353417
"MICB",0.466403162055336,0.693534929244925
"MICOS10",-0.531620553359684,-0.66590829641343
"MICOS10P1",-0.262845849802372,-0.620017626465666
"MICOS13",-0.715415019762846,-1.01915714493818
"MICU1",-0.759881422924901,-2.3207267869344
"MICU2",-0.599802371541502,-0.754863637157994
"MICU3",-0.25197628458498,0.282835339510524
"MID1",0.0266798418972332,0.344562362833777
"MID1IP1",0.447628458498024,1.10159471274037
"MID2",-0.228260869565217,0.0803717563358192
"MIDEAS",-0.0504077109532462,-0.113569384712902
"MIDEAS-AS1",0.158141838284694,-0.0945299320164668
"MIDN",0.649209486166008,0.998000403705288
"MIEF1",-0.528292578519806,-0.964204923163128
"MIEF2",-0.553359683794466,-1.63945877296543
"MIEN1",-0.566765855884966,-1.17919320717295
"MIER1",-0.269762845849802,0.0250944786095932
"MIER2",0.846837944664032,2.45134051857737
"MIER3",-0.326086956521739,-0.396976633941673
"MIF",-0.812252964426878,-2.44340715285698
"MIF-AS1",-0.119565217391304,-0.630409868408658
"MIF4GD",-0.421936758893281,-1.17345186267564
"MIGA1",-0.132443789563431,0.420423047235412
"MIGA2",0.512845849802371,0.728586496823617
"MIIP",0.560276679841897,0.826979090191231
"MILIP",0.723498910152475,0.956957632978951
"MILR1",-0.414628132252682,-1.38950725784892
"MINAR1",-0.455533596837945,-0.402769234739701
"MINCR",-0.052423368868941,-0.341816039941069
"MINDY1",0.75296442687747,1.69832799308744
"MINDY2",-0.521739130434783,-0.427265093645957
"MINDY2-DT",-0.239426351780843,-0.0736831798271408
"MINDY3",-0.725296442687747,-1.31857569716797
"MINDY4",0.425954748473582,1.12442121921642
"MINK1",0.760869565217391,3.36361282780395
"MINPP1",-0.6699604743083,-0.804009807755591
"MIOS",-0.686758893280632,-1.59580907275114
"MIOS-DT",-0.343873517786561,-0.247152493925729
"MIOX",0.379396903872981,0.350603350503243
"MIP",0.25197628458498,0.184965665720564
"MIPEP",-0.246108235830555,-0.708023411407731
"MIPEPP3",0.530168409693441,0.435838474426758
"MIPOL1",-0.345849802371542,-0.419293284595227
"MIR1-1HG",0.159090909090909,-0.0435703583412644
"MIR100HG",-0.761857707509881,-2.14739886348841
"MIR101-1",0.433794466403162,0.209921047974416
"MIR124-1HG",-0.091897233201581,-0.454753050398134
"MIR124-2HG",-0.349802371541502,-0.553079988869472
"MIR1244-1",-0.243083003952569,-0.621795513277148
"MIR133A1HG",0.562252964426877,0.627760004308256
"MIR137HG",-0.241345320830596,-1.0280239646393
"MIR155HG",-0.0989120167338509,-0.690566542637402
"MIR17HG",-0.500494804673286,-2.09230535896936
"MIR181A2HG",0.124505928853755,-0.195070510665985
"MIR18A",-0.27984236382276,-0.446769552618191
"MIR1915HG",0.567193675889328,1.00977441680794
"MIR194-2HG",0.659253788349318,1.46654763615215
"MIR200CHG",0.518774703557312,0.415377485714195
"MIR2052HG",0.460474308300395,0.422317355932642
"MIR205HG",0.232328253792248,0.448201645022855
"MIR210HG",0.102766798418972,-0.269956531243855
"MIR22HG",-0.442687747035573,-1.17376215562785
"MIR23AHG",0.31157285271163,-0.110108650135936
"MIR29B2CHG",-0.109683794466403,-0.308617182603089
"MIR30DHG",0.636363636363636,1.42183306471502
"MIR3142HG",-0.322708188749704,-1.3621737642556
"MIR3147HG",0.345849802371542,0.0161900972252506
"MIR3150BHG",0.531620553359684,1.07368441979735
"MIR31HG",0.161067193675889,-0.0909618769682521
"MIR34AHG",-0.03078488792304,0.0632217698824119
"MIR34BHG",0.467391304347826,0.465725848390039
"MIR3663HG",-0.143280632411067,-0.62757619733931
"MIR3667HG",0.549542888039312,0.858397053273364
"MIR3681HG",-0.0592885375494071,-0.470056972451796
"MIR3682",-0.16897233201581,-0.0396364169744574
"MIR3936HG",0.458498023715415,0.714641009044855
"MIR3945HG",0.400197628458498,0.439830532466534
"MIR3976HG",0.274957671693512,-0.0759116856228589
"MIR4290HG",0.382411067193676,0.603266296374911
"MIR4296",0.136320594056443,0.341375926585131
"MIR4300HG",0.1699604743083,0.023123823561514
"MIR4307HG",-0.0647393150477966,-0.582034274745995
"MIR4435-2HG",-0.251610479330907,-1.15583642604869
"MIR4453HG",-0.378458498023715,-0.910119834720712
"MIR4458HG",-0.689893769516978,-1.42348529427067
"MIR4500HG",0.642292490118577,1.70595783088975
"MIR4527HG",0.754138891320135,1.51492490774054
"MIR4755",0.607857690906793,0.78394568008319
"MIR497HG",0.268774703557312,0.0143924053940078
"MIR503HG",0.428853754940711,0.197427490541524
"MIR5188",0.455151978313135,0.275119143941973
"MIR548XHG",0.351778656126482,0.332386769810102
"MIR570HG",0.231776631736005,0.337708856493227
"MIR600HG",-0.0909090909090909,-0.11867653791332
"MIR622",-0.11275969907659,-0.582612120034233
"MIR646HG",-0.0197628458498024,0.012956767782123
"MIR663AHG",-0.0849802371541502,-0.628345906369181
"MIR670HG",0.137027064965483,0.147794390733857
"MIR7-3HG",-0.441699604743083,-0.914497441962138
"MIR7515HG",0.296736050201553,0.450399478133668
"MIR9-1HG",-0.387351778656126,-1.44343710198179
"MIR9-2HG",-0.620553359683795,-1.64753882963006
"MIR9-3HG",-0.207509881422925,-0.661814445848861
"MIR924HG",0.0429948122836512,-0.400674217500048
"MIR99AHG",0.192687747035573,0.761894799870595
"MIRLET7BHG",0.689723320158103,1.22511659290055
"MIRLET7D",0.236399719993904,0.596511051591531
"MIS12",-0.766987915680766,-1.49994296683016
"MIS18A",-0.0148221343873518,0.018582734856381
"MIS18BP1",-0.466518422939847,-0.943128766493796
"MISFA",0.398221343873518,0.597819136541656
"MISP",0.479249011857708,0.35408754942196
"MISP3",0.789525691699605,2.41572841518564
"MITD1",-0.726284584980237,-1.1758167792431
"MITF",0.224308300395257,0.699422078924945
"MIX23",-0.483815186502236,-1.12524455136498
"MIXL1",0.509881422924901,0.896268393344436
"MKI67",0.303928845453396,0.0896274774295662
"MKKS",-0.818181818181818,-2.70111943205469
"MKLN1",-0.794466403162055,-1.67551044195083
"MKNK1",0.767786561264822,2.33149958128612
"MKNK1-AS1",0.696640316205534,1.33474447989171
"MKNK2",0.601778656126482,0.807199713415576
"MKRN1",-0.723320158102767,-1.15310928943533
"MKRN2",-0.71608601148288,-1.66570879320279
"MKRN3",0.346429464492408,0.552257527761825
"MKRN7P",0.383493957840383,0.980686122583505
"MKS1",0.0484189723320158,-0.0886740637901774
"MKX",-0.19372375189875,-0.936395653696268
"MLANA",0.325098814229249,0.0692910712802932
"MLC1",0.0128458498023715,0.244215273255597
"MLEC",0.675889328063241,3.13512444051089
"MLF1",-0.521739130434783,-1.09019335265761
"MLF2",-0.593873517786561,-0.816417221722943
"MLH1",-0.640316205533597,-1.13057237699214
"MLH3",-0.490118577075099,-0.963369191422075
"MLIP",0.0187747035573123,-0.149244604528393
"MLKL",0.544466403162055,0.823575116948251
"MLLT1",0.346837944664032,0.628733222515127
"MLLT10",-0.739130434782609,-0.977533932173733
"MLLT10P1",0.248085008809114,0.0841771861522861
"MLLT11",-0.708498023715415,-1.43514170996298
"MLLT3",0.25098814229249,0.854855530919195
"MLLT6",0.124505928853755,0.171866137094152
"MLN",0.606375111172874,1.62131139155407
"MLNR",0.415038655256461,0.240843700284167
"MLPH",0.339920948616601,0.531064449078041
"MLST8",-0.601778656126482,-0.780312495605627
"MLX",0.139328063241107,0.178567417262349
"MLXIP",0.183794466403162,0.129902683225312
"MLXIPL",0.000989120167338509,-0.917727644907988
"MLYCD",-0.734189723320158,-1.009588094379
"MMAA",0.0563241106719368,0.316563698626796
"MMAB",-0.66403162055336,-2.19280719578726
"MMACHC",-0.106745740842168,-0.361341060703213
"MMADHC",-0.777667984189723,-2.001803829114
"MMD",-0.473320158102767,-0.711998961705195
"MMD2",-0.143280632411067,-0.41938625240471
"MME",0.412055335968379,0.630270835671173
"MMEL1",0.720079481822435,1.44815601842338
"MMEL1-AS1",0.267358545350061,0.194006041252245
"MMGT1",-0.75098814229249,-2.23922707598006
"MMP1",0.0187747035573123,0.30992002328544
"MMP10",-0.0583148028674809,0.0933188031896967
"MMP11",0.428959736347233,0.556549065385245
"MMP12",0.542666751866911,0.966632450434193
"MMP13",0.149209486166008,0.00709801624122773
"MMP14",0.75,1.3136792026444
"MMP15",0.299407114624506,0.43646950992573
"MMP16",-0.763034369723649,-2.30451256209532
"MMP17",0.616600790513834,1.05002099351064
"MMP19",0.504940711462451,0.2895144946207
"MMP2",0.458611331025613,0.0564662735276802
"MMP20",0.153199905838297,0.60990831422125
"MMP21",-0.130961209829512,-0.105889341433799
"MMP23B",0.555722357892278,0.770350707382961
"MMP24",0.450210045866738,0.148702947993735
"MMP24OS",-0.308300395256917,-1.21240240823616
"MMP25",0.502473045007963,0.187739769239252
"MMP25-AS1",0.506060243536782,0.727730637386493
"MMP26",0.531751931232284,0.803435072714123
"MMP27",0.165554736954289,0.0864202060006046
"MMP28",0.714426877470356,0.957759209052348
"MMP3",0.146389784766099,0.573003624622
"MMP7",-0.11968354024796,-0.625321465806419
"MMP8",0.174901185770751,-0.0926085410790203
"MMP9",0.0612648221343874,-0.100568611754376
"MMRN1",-0.180019870455609,-0.907662653080136
"MMRN2",0.050395256916996,0.589799403350131
"MMS19",-0.627470355731225,-1.99946932428416
"MMUT",0.435770750988142,2.04756602419937
"MN1",0.37311589970295,1.00932041495681
"MNAT1",-0.6699604743083,-1.22973168589363
"MND1",-0.443125834967652,-1.21035219802396
"MNDA",-0.0252038554766231,-0.0170301374912116
"MNS1",-0.280632411067194,-0.259269008187855
"MNT",0.761857707509881,1.56789570964041
"MNX1",0.519397100116292,0.481284949917585
"MNX1-AS1",0.300897452925198,0.381995053529522
"MOAP1",-0.694664031620553,-1.3612470314592
"MOB1A",-0.348406237470966,-0.702698019255754
"MOB1B",-0.513833992094862,-0.559863924913959
"MOB2",0.347417850981687,0.483599377789125
"MOB3A",0.608502298762249,0.9178336651822
"MOB3B",0.157647645040054,0.363111407389287
"MOB3C",0.211020515461139,0.466689536731078
"MOB4",-0.683794466403162,-1.51364299393988
"MOBP",-0.184782608695652,-0.281798895281106
"MOCOS",0.211020515461139,0.367222967066884
"MOCS1",-0.182806324110672,-0.601321160949661
"MOCS2",-0.736166007905138,-1.60163206761857
"MOCS2-DT",-0.229249011857707,-0.129529101397276
"MOCS3",0.233201581027668,0.260581868182022
"MOG",-0.16501976284585,-0.451099933664256
"MOGAT1",0.0692384117136957,-0.382684190322877
"MOGAT2",0.579688675962332,0.666671092994333
"MOGAT3",0.56379849538295,0.479632329143827
"MOGS",-0.274703557312253,-0.824088875907439
"MOK",-0.24802371541502,-0.360444023687074
"MON1A",-0.104846737737882,-0.287283207506402
"MON1B",-0.420948616600791,-0.702421662424844
"MON2",-0.343873517786561,-0.543001672213763
"MORC1",0.01878398647682,-0.373854913910291
"MORC2",0.451581027667984,0.84832876644842
"MORC2-AS1",0.16304347826087,0.28862360483904
"MORC3",-0.515443554159175,-0.790000769677897
"MORC4",-0.325179154972902,-0.720258318480277
"MORF4",-0.842885375494071,-1.81841094039331
"MORF4L1",-0.83695652173913,-1.7973452211598
"MORF4L2",-0.861660079051383,-2.26605635103702
"MORF4L2-AS1",0.456521739130435,0.38998665377368
"MORN1",0.280632411067194,-0.0518016952166184
"MORN2",-0.483815186502236,-0.558522273516838
"MORN3",0.704545454545454,1.47280832292106
"MORN4",-0.603754940711463,-1.43103665168125
"MORN5",0.615232744084553,1.00685615288224
"MOS",0.196640316205534,-0.0594189576196897
"MOSMO",0.675889328063241,2.92567659072534
"MOSPD1",-0.673913043478261,-0.832866487607956
"MOSPD2",0.476284584980237,1.13799585108993
"MOSPD3",0.588584154365846,1.11694807656596
"MOV10",0.598962212503279,0.476681847513908
"MOV10L1",0.201780514137056,0.495913533528717
"MOXD1",-0.536561264822134,-0.774371819448107
"MPC1",-0.423913043478261,-0.391956403938574
"MPC2",-0.693675889328063,-1.30074924769004
"MPDU1",0.599802371541502,0.81615961081838
"MPDZ",-0.647233201581028,-1.19107113024523
"MPEG1",-0.151185770750988,-0.490830119865695
"MPG",-0.41304347826087,-0.712952036210071
"MPHOSPH10",-0.148221343873518,0.168182074826849
"MPHOSPH6",-0.560276679841897,-0.582680060570016
"MPHOSPH8",0.682806324110672,1.74477989156244
"MPHOSPH9",0.0899209486166008,0.297830573631727
"MPI",-0.734189723320158,-2.20233504291635
"MPIG6B",0.0652819310443416,-0.157697247252348
"MPL",0.307882391410514,-0.0433779840905393
"MPLKIP",-0.177865612648221,0.408022577116882
"MPND",-0.58201581027668,-1.77883288269091
"MPO",0.0187793432963074,-0.261539877013123
"MPP1",-0.883399209486166,-2.39572336121843
"MPP2",-0.216950834396815,-0.329566537433686
"MPP3",-0.146245059288538,-0.148091284691989
"MPP4",0.341897233201581,0.461604239921891
"MPP7",-0.348900430715606,-0.355727613846786
"MPPE1",-0.599406821407137,-1.12248299698173
"MPPED1",-0.126482213438735,0.344359959580726
"MPPED2",-0.41501976284585,-0.970075032005782
"MPRIP",-0.698616600790514,-2.86574069915681
"MPRIP-AS1",0.347826086956522,1.22710437202933
"MPST",-0.113664446267124,-0.624056186718198
"MPV17",-0.728260869565217,-1.25390680604248
"MPV17L",0.810276679841897,1.78678209998197
"MPV17L2",0.316205533596838,-0.0436281934169308
"MPZ",0.500494804673286,0.780250307962988
"MPZL1",-0.0355731225296443,-0.169921004222278
"MPZL2",0.0681986677602743,-0.433148133339339
"MPZL3",-0.40455014844145,-1.05628988688533
"MR1",-0.467391304347826,-0.801876519139667
"MRAP",0.587944664031621,1.21696712955879
"MRAP-AS1",0.434395862038269,0.825303184282013
"MRAP2",-0.541501976284585,-0.794753334305609
"MRAS",-0.337944664031621,-0.931786984035577
"MRC1",0.0528786771764446,-0.0992482850969845
"MRC2",0.559288537549407,0.324075332306265
"MRE11",-0.264887579126862,0.0677303564758022
"MREG",-0.292490118577075,-0.484277174492487
"MRFAP1",-0.83201581027668,-1.78368883227433
"MRFAP1L1",-0.809288537549407,-1.84459721258535
"MRFAP1L2",-0.691699604743083,-1.80683940788388
"MRGBP",-0.19881315363504,-0.326156686622083
"MRGPRF",0.281620553359684,0.434373474560446
"MRGPRF-AS1",0.724308300395257,1.48570429929699
"MRGPRG-AS1",0.126019277383116,0.0868426125752712
"MRGPRX1",-0.475908094588001,-1.21359787674443
"MRGPRX2",0.0741289866959503,-0.231006808041822
"MRGPRX3",-0.316205533596838,-1.40218375203046
"MRGPRX4",0.0543612569103636,-0.249442504131311
"MRI1",-0.0118577075098814,0.0354828126112534
"MRLN",0.123517786561265,-0.244305182897328
"MRM1",0.16407215722037,-0.534167266128044
"MRM2",-0.49901185770751,-1.07353798028932
"MRM3",-0.819169960474308,-2.10358891767247
"MRNIP",-0.537549407114625,-1.61852397430935
"MRNIP-DT",-0.145256916996047,0.100943697654905
"MRO",-0.396245059288538,-0.793826198145406
"MROCKI",-0.180830039525692,-1.00363359062256
"MROH1",0.431818181818182,0.190202806737711
"MROH2A",0.672597005954589,1.1531243435009
"MROH2B",0.380434782608696,0.16398172442338
"MROH6",0.609683794466403,0.806406127244933
"MROH7",0.335063019865695,0.275279604978289
"MROH8",0.0380528798372545,0.132529589318666
"MROH9",-0.441699604743083,-1.45882367190538
"MRPL1",-0.617588932806324,-0.927575939592912
"MRPL10",-0.489251312193272,-0.509614380924458
"MRPL11",-0.514949360914535,-0.994716618904421
"MRPL12",-0.633399209486166,-1.65055651525692
"MRPL13",-0.777365973818199,-1.6665767586831
"MRPL14",-0.75098814229249,-2.02197618336595
"MRPL15",-0.757905138339921,-1.61087838703953
"MRPL16",-0.778656126482213,-1.87822198317991
"MRPL17",-0.697628458498024,-1.63459916779639
"MRPL18",-0.761857707509881,-1.53519621091711
"MRPL19",-0.637351778656126,-0.852270106106841
"MRPL2",0.41501976284585,0.910799020177041
"MRPL20",-0.842599482110635,-1.95565989197674
"MRPL20-AS1",-0.490733891927191,-2.06594794222472
"MRPL21",-0.514822134387352,-0.813580943998656
"MRPL22",-0.774703557312253,-1.46733635864034
"MRPL23",-0.801383399209486,-2.52551414901967
"MRPL24",-0.779644268774704,-2.48697437946358
"MRPL27",-0.858695652173913,-2.81048842377544
"MRPL28",-0.59698543952472,-1.6740576192701
"MRPL3",-0.685770750988142,-1.1129066491005
"MRPL30",-0.65579443563684,-1.25920096919277
"MRPL32",-0.810276679841897,-1.89151338399653
"MRPL33",0.215415019762846,1.1738898286946
"MRPL34",-0.75,-1.418287205436
"MRPL35",-0.592885375494071,-0.591276185764361
"MRPL36",-0.844861660079052,-2.36311234109947
"MRPL37",-0.728935035843511,-1.49416678383078
"MRPL38",0.101879377235866,0.300716189756592
"MRPL39",-0.619565217391304,-1.22090481967446
"MRPL4",-0.330615280663938,-0.829484034229702
"MRPL40",-0.709486166007905,-1.31663994589943
"MRPL41",-0.338932806324111,-1.1999499048665
"MRPL42",-0.613636363636364,-0.74395132319895
"MRPL43",-0.436758893280632,-0.549989395581096
"MRPL44",-0.601433178726477,-1.33640138106096
"MRPL45",-0.589920948616601,-1.38776963797306
"MRPL45P2",0.0615697758460801,-0.205686727217825
"MRPL46",-0.691699604743083,-1.39882570793109
"MRPL47",-0.805335968379447,-1.91309263398807
"MRPL48",-0.609683794466403,-0.890696729851006
"MRPL49",-0.211462450592885,-0.179725750279028
"MRPL50",-0.403162055335968,-0.490217491701251
"MRPL51",-0.634049932872695,-1.47336642712152
"MRPL52",-0.674901185770751,-2.42020846486608
"MRPL54",-0.671936758893281,-1.39763852985188
"MRPL55",-0.66600790513834,-2.12686391094687
"MRPL57",-0.544466403162055,-0.923161021651456
"MRPL58",-0.841897233201581,-2.42688532154442
"MRPL9",-0.827075098814229,-2.99785256525662
"MRPS10",-0.75098814229249,-1.69973539607386
"MRPS11",-0.626482213438735,-1.54253222468788
"MRPS12",0.24703557312253,0.184728992913687
"MRPS14",-0.535573122529644,-1.267189875064
"MRPS15",-0.635375494071146,-1.4447102786163
"MRPS16",-0.154682485572216,-0.313646042700275
"MRPS17",-0.877470355731225,-2.57136128944791
"MRPS18A",-0.41304347826087,-1.06643761556916
"MRPS18B",-0.230237154150198,0.344664679249553
"MRPS18C",-0.691699604743083,-0.868570167323074
"MRPS2",-0.803359683794466,-1.44456512625921
"MRPS21",-0.823122529644269,-2.73689285464726
"MRPS22",-0.640316205533597,-1.83901919401165
"MRPS23",-0.709486166007905,-1.68343093911797
"MRPS24",-0.539525691699605,-1.02964230325214
"MRPS25",-0.212450592885376,-0.521820088919767
"MRPS26",-0.744071146245059,-1.71359650527637
"MRPS27",-0.740118577075099,-1.74480734347971
"MRPS28",-0.744071146245059,-1.60416022712234
"MRPS30",-0.725969876375673,-0.552415280854855
"MRPS31",-0.467506809429127,-0.673992815225452
"MRPS33",-0.58695652173913,-0.874370701679834
"MRPS34",-0.814229249011858,-1.7148234448664
"MRPS35",-0.796442687747036,-2.29142592844992
"MRPS36",-0.409090909090909,-0.594315581544345
"MRPS5",-0.540513833992095,-1.03182480786279
"MRPS6",-0.240118577075099,-0.204637677378121
"MRPS7",-0.775691699604743,-2.32352303306011
"MRPS9",-0.870553359683795,-1.98081337730358
"MRRF",0.234362372575401,0.618885327773845
"MRS2",-0.859263580668026,-2.20485887897246
"MRTFA",-0.514822134387352,-2.07598119831584
"MRTFA-AS1",0.569169960474308,0.837811090945275
"MRTFB",0.0602766798418972,0.740591514708952
"MRTO4",-0.727946649354232,-1.96188324182846
"MS4A1",0.099357402153706,-0.318756389763284
"MS4A12",0.172924901185771,-0.230115277812736
"MS4A14",0.579051383399209,0.967424149612081
"MS4A15",0.519397100116292,0.718104093618452
"MS4A2",0.425500383634755,0.731197969210891
"MS4A3",0.475296442687747,0.715717902914474
"MS4A4A",0.724308300395257,1.02279161070634
"MS4A5",0.248269162001966,0.26163450876776
"MS4A6A",0.214426877470356,0.471604072277804
"MS4A6E",0.469832079485792,0.839895025984744
"MS4A7",0.373517786561265,0.51521954660284
"MS4A8",0.416419590449512,0.873139529662433
"MSANTD1",-0.172106909116901,-0.214935715317254
"MSANTD2",0.192687747035573,1.13516093703085
"MSANTD2-AS1",0.0900099352278044,-0.296499018345429
"MSANTD3",-0.233201581027668,-0.321144006636493
"MSANTD4",-0.77538920083964,-1.77209364080381
"MSC",-0.118606378713521,-0.531255466381126
"MSC-AS1",-0.327075098814229,-0.699674137166423
"MSH2",-0.614624505928854,-1.03587964964221
"MSH3",0.242154689873438,0.894556677205342
"MSH4",-0.272727272727273,-0.741914648525254
"MSH5",0.175481978928187,-0.290368705977974
"MSH6",-0.487154150197628,-0.75607611003813
"MSI1",0.171936758893281,-0.590378456553283
"MSI2",-0.161067193675889,-0.545657176264706
"MSL1",-0.5800395256917,-0.666921523255092
"MSL2",-0.851211176660108,-2.11994386279849
"MSL3",-0.693353122229455,-1.88562268962486
"MSLN",0.329626894174659,0.0802175967453513
"MSMB",-0.268051565348736,-1.16998998748601
"MSMO1",-0.481225296442688,-0.849678646372834
"MSN",-0.49901185770751,-0.891217532507053
"MSR1",-0.201136650568345,-0.404337347524621
"MSRA",-0.558300395256917,-0.783673400345079
"MSRB1",0.00691699604743083,-0.529494519876998
"MSRB2",-0.724487296641754,-1.32855903735692
"MSRB3",-0.292490118577075,-0.258499064197003
"MSS51",-0.173913043478261,-0.341457583924001
"MST1",0.0138374108499107,-0.0681048139282614
"MST1L",0.242334440997935,0.341863200055257
"MST1R",0.111248485478922,-0.615682582890225
"MSTN",-0.263665796485928,-0.0952538434925951
"MSTO1",-0.321146245059289,-0.676992997417938
"MSX1",0.458498023715415,0.610082938607755
"MSX2",0.278724989976773,0.494033913164278
"MT1E",-0.0464426877470356,-0.0284562785168434
"MT1F",-0.185770750988142,-0.429087013612678
"MT1G",0.0830244650994644,0.0976415707929151
"MT1H",-0.147233201581028,-0.167509856660432
"MT1HL1",-0.282608695652174,-0.902050804609804
"MT1M",0.297430830039526,0.84094891062973
"MT1X",-0.363636363636364,-0.979717924417656
"MT2A",-0.0355731225296443,-0.00107985100095165
"MT3",-0.639328063241107,-2.05022270514367
"MT4",0.214426877470356,-0.0299839703231126
"MTA1",0.549407114624506,1.62360989616443
"MTA2",-0.0424901185770751,-0.242510415335954
"MTA3",-0.126482213438735,0.120162961473491
"MTAP",-0.297504333273081,-0.725570333608417
"MTARC1",-0.718556977706079,-0.999017265689627
"MTARC2",-0.478873254055839,-0.95540872144334
"MTBP",0.662713141061796,1.09683462175432
"MTCH1",-0.597826086956522,-0.961764407683327
"MTCH2",-0.701581027667984,-1.63592873170604
"MTCL1",-0.723320158102767,-1.68185219180518
"MTCL2",0.579051383399209,1.34983383636423
"MTCL3",0.411067193675889,0.598476969403335
"MTCP1",0.0736347934513106,-0.312594442609088
"MTDH",-0.575098814229249,-0.587402914306933
"MTERF1",-0.572134387351779,-1.14129441655371
"MTERF2",-0.680830039525692,-2.24207048745343
"MTERF3",-0.486166007905138,-0.668352658141743
"MTERF4",-0.255928853754941,-0.808221006900254
"MTF1",-0.210474308300395,-0.102547824277418
"MTF2",-0.108228320576087,-0.0683368995206388
"MTFMT",-0.350383010449525,-1.02077407176098
"MTFP1",0.40713349214568,0.741823398578143
"MTFR1",-0.331109473908578,-0.794879232544703
"MTFR1L",-0.795454545454546,-1.69948544474998
"MTFR2",0.654806049147561,0.517681791798087
"MTG1",-0.512845849802371,-0.928768988408896
"MTG2",0.495181631128948,0.473180413685132
"MTHFD1",-0.671612593622848,-2.57246320690455
"MTHFD1L",-0.568181818181818,-0.683521406720795
"MTHFD2",-0.301383399209486,-0.137794752229431
"MTHFD2L",-0.261857707509881,-0.265795350813291
"MTHFR",0.771739130434783,3.88483034673889
"MTHFS",0.186758893280632,-0.27580434887305
"MTHFSD",-0.155176678816856,-0.738705530512843
"MTIF2",-0.278656126482213,-0.105481163155615
"MTIF3",-0.616600790513834,-1.14756807965124
"MTLN",-0.099802371541502,0.147765264808574
"MTM1",0.102766798418972,0.601518009278646
"MTMR1",-0.259881422924901,-0.669680931479084
"MTMR10",-0.370553359683794,-0.318077591649893
"MTMR11",0.578063241106719,1.28694007680971
"MTMR12",-0.595849802371542,-1.117283031843
"MTMR14",-0.272997166185429,-0.649132456087386
"MTMR2",-0.41304347826087,-0.453672162338679
"MTMR3",0.294466403162055,-0.0444603689833511
"MTMR4",-0.689723320158103,-1.9567812582148
"MTMR6",-0.557312252964427,-0.549233398033385
"MTMR7",0.479249011857708,0.630938312146837
"MTMR8",-0.145256916996047,-0.567803074004307
"MTMR9",-0.698616600790514,-1.41249338548011
"MTMR9LP",0.0553359683794466,0.0144110764529725
"MTNR1A",0.411067193675889,0.0157684398320384
"MTNR1B",0.314801096835469,-0.0575925613928145
"MTO1",-0.347826086956522,-0.391597829771025
"MTOR",-0.801383399209486,-2.05330503162027
"MTPAP",-0.16403162055336,0.308340502656496
"MTPN",-0.732213438735178,-1.90860906227758
"MTR",0.00395256916996047,0.181257133010757
"MTRES1",-0.806324110671937,-1.91570436641863
"MTREX",-0.825098814229249,-1.75122281186755
"MTRF1",0.314801096835469,0.105942132291818
"MTRF1L",-0.655138339920949,-1.66675101500425
"MTRFR",0.0296736050201553,0.371784280757933
"MTRR",-0.174901185770751,-0.245824436611334
"MTSS1",-0.0681818181818182,0.231250984900832
"MTSS2",0.760869565217391,1.46034664911228
"MTTP",-0.13491475578663,-0.267981515125992
"MTURN",-0.789525691699605,-2.37696492491372
"MTUS1",-0.653162055335968,-1.47732545513302
"MTUS2",-0.645256916996047,-1.55165436247048
"MTUS2-AS1",0.666831519927111,1.0582849539179
"MTX1",-0.139856688233026,0.23086129343854
"MTX2",-0.773715415019763,-1.94707323921178
"MTX3",-0.680830039525692,-1.59411353711383
"MUC1",0.458498023715415,0.477516285908324
"MUC12",0.363636363636364,0.196290405016887
"MUC12-AS1",-0.278656126482213,-1.01317124834091
"MUC13",0.473320158102767,0.551993052458579
"MUC15",0.206521739130435,0.0115085587608647
"MUC16",-0.044982704457648,-0.156053565752417
"MUC17",0.332097860397857,-0.0900147053548069
"MUC19",0.198616600790514,0.0128494462718522
"MUC2",0.299777622271056,0.25614696857767
"MUC20",0.596092466727099,0.685564326491386
"MUC3A",0.233432359491888,0.0122751042674329
"MUC3B",0.189723320158103,-0.190439990458822
"MUC4",0.360671936758893,-0.175181991455894
"MUC5AC",0.343873517786561,0.154400762752289
"MUC5B",0.0943909097261767,-0.566579627632056
"MUC6",0.409090909090909,0.744728536518704
"MUC7",-0.276070930406617,-0.91289785694011
"MUC8",0.276679841897233,-0.0755228689997604
"MUCL1",0.218379446640316,0.40315052405312
"MUCL3",0.327236817043549,-0.25447997459796
"MUL1",-0.363996221580571,-1.03107400261776
"MUS81",0.179841897233202,0.132453059532842
"MUSK",0.736035680631185,1.19338094781932
"MUSTN1",0.395256916996047,0.61923925235432
"MUTYH",0.604743083003953,1.36948182466151
"MVB12A",0.160079051383399,0.118940688345371
"MVB12B",0.528656126482213,0.831903251891183
"MVD",0.0187747035573123,-0.0460502462182138
"MVK",0.788537549407115,1.55024924246816
"MVP",0.225296442687747,0.424835003873992
"MX1",-0.563241106719368,-1.12163911325521
"MX2",0.0780632411067194,0.00297618362626212
"MXD1",-0.262845849802372,-0.184778301631095
"MXD3",0.338028179333533,-0.0396210780894377
"MXD4",0.482451863194115,0.693195852265637
"MXI1",0.225296442687747,1.05948806542807
"MXRA5",0.191699604743083,0.745177577219936
"MXRA7",-0.733201581027668,-2.07834133566172
"MXRA8",0.678033131645626,1.39376368378956
"MYADM",-0.761857707509881,-1.98592463730865
"MYADML2",0.140845074722306,-0.247893816978495
"MYB",0.0108695652173913,-0.29810964318157
"MYBBP1A",-0.107239934086808,-0.466537906271065
"MYBL1",0.0375494071146245,0.262493470390366
"MYBL2",0.302371541501976,0.291223789376809
"MYBPC1",0.0825302718548247,0.222155930769398
"MYBPC2",-0.16600790513834,-0.358216572254267
"MYBPC3",0.449604743083004,0.511841495180149
"MYBPH",0.442687747035573,0.496513882967736
"MYC",0.00691699604743083,-0.207332422902168
"MYCBP",0.610671936758893,1.10395425386954
"MYCBP2",0.35829010236376,1.73192722277177
"MYCBPAP",0.643280632411067,0.895892446542643
"MYCL",0.0988386489279338,-0.125666484998769
"MYCN",-0.0138339920948617,0.00934253485009023
"MYCNOS",0.401185770750988,0.121746270553713
"MYCNUT",-0.112648221343874,-0.118801041990833
"MYCT1",0.140316205533597,-0.0463962952796907
"MYD88",0.513833992094862,1.11449798136796
"MYDGF",-0.587944664031621,-2.15939169342874
"MYEF2",0.0642292490118577,0.889792798414541
"MYEOV",0.679841897233202,1.12795491218134
"MYF5",-0.132443789563431,-0.71719768383156
"MYF6",0.555885534044242,0.845618907572365
"MYG1",-0.804347826086957,-1.92023121483281
"MYH1",0.520385486605571,0.340371804107619
"MYH10",-0.737154150197628,-1.76483813971655
"MYH11",0.840909090909091,1.75739679453696
"MYH13",0.374505928853755,0.412086893846205
"MYH14",0.49802371541502,0.889505957156383
"MYH15",0.125494071146245,0.155893435400015
"MYH16",0.57072233655432,0.941463744590376
"MYH2",0.0696812474941933,0.0284558088845604
"MYH3",-0.179886341048839,-0.131185566326574
"MYH4",0.274277250775016,0.174212038017268
"MYH6",0.211462450592885,0.0271219417942669
"MYH7",-0.366197194277995,-0.669953443809444
"MYH7B",0.190711462450593,0.716706201722171
"MYH8",0.328387895556385,0.614991243207517
"MYH9",0.238142292490119,0.937836341788775
"MYL1",0.416604905231241,0.876350422989156
"MYL10",0.00444773920175702,-0.615799768128899
"MYL11",0.66897233201581,1.23006000017026
"MYL12A",-0.812252964426878,-2.77095168327099
"MYL12B",-0.744071146245059,-3.16663741462912
"MYL2",0.162055335968379,0.128075684848995
"MYL3",0.433234633294267,1.10651765525834
"MYL4",0.300395256916996,0.631424333137319
"MYL5",0.16600790513834,0.120402075232895
"MYL6",-0.841897233201581,-1.93326066621417
"MYL6B",-0.609683794466403,-1.36932499161181
"MYL7",0.212503095195058,-0.243203111184605
"MYL9",0.714109238504322,1.51233951302847
"MYLIP",0.476284584980237,1.95783757050559
"MYLK",-0.429841897233202,-0.545942900100088
"MYLK-AS1",0.231776631736005,0.667603604734475
"MYLK2",0.443125834967652,0.63523157312278
"MYLK3",0.289525691699605,0.520490717019098
"MYLK4",-0.634049932872695,-1.24908370927673
"MYMX",0.865612648221344,1.83184399676401
"MYNN",-0.424901185770751,-0.13268993281566
"MYO10",-0.132411067193676,-0.0496178879540843
"MYO15A",0.0929772957298199,-0.0148768025957491
"MYO15B",0.322134387351779,0.0810129813793747
"MYO16",0.386363636363636,0.919862903857478
"MYO18A",-0.0543612569103636,-0.000530538331845883
"MYO18B",0.493699051395029,0.494038732014468
"MYO19",0.0696812474941933,0.0439314062151119
"MYO1A",0.382328446786142,0.674827537183277
"MYO1B",-0.196640316205534,-0.597593736940117
"MYO1C",0.782608695652174,1.33827084781058
"MYO1D",-0.102766798418972,-0.100169491667323
"MYO1E",0.00197824033467702,0.261524590270652
"MYO1F",0.556324110671937,1.37430960403609
"MYO1G",0.552371541501976,0.895443267139179
"MYO1H",0.481463232326914,0.91493228876625
"MYO3A",0.29470125039742,0.489280616736213
"MYO3B",-0.0148257973391901,-0.276821048177603
"MYO5A",-0.379446640316206,0.183656102252356
"MYO5B",-0.107814098239898,-0.258368426455332
"MYO5C",-0.283596837944664,-0.575594113270185
"MYO6",0.451581027667984,0.935371082850313
"MYO7A",0.231454119157211,0.140083835761663
"MYO7B",0.540513833992095,0.412120108254763
"MYO9A",-0.400197628458498,-0.0134432451069391
"MYO9B",0.127996050361674,-0.193581025495213
"MYOC",0.514949360914535,0.606283988303974
"MYOCD",0.0197726173440211,-0.150297415548709
"MYOCD-AS1",0.124319351007987,0.22229977672413
"MYOD1",0.574110671936759,0.875679618037909
"MYOF",-0.143280632411067,0.474926133734719
"MYOG",0.559920946176745,0.111035271965328
"MYOM1",0.335557213110335,0.1015171007004
"MYOM2",-0.569804811069538,-1.27334472386307
"MYOM3",0.298986913007,0.196034183247578
"MYORG",0.688735177865613,1.00448132498474
"MYOSLID-AS1",0.280910127524137,0.244604412907529
"MYOT",0.295454545454545,1.02940675520039
"MYOZ1",0.558300395256917,0.461698152462124
"MYOZ2",0.2678527385947,0.41989501321009
"MYOZ3",0.761857707509881,1.63287205227872
"MYPN",-0.148221343873518,-0.420996632915943
"MYPOP",0.000988386489279338,0.0528579472904367
"MYRF",0.123517786561265,0.397991922251115
"MYRF-AS1",0.58399209486166,0.698578514385384
"MYRFL",0.857357755357873,1.60510952879659
"MYRIP",-0.271739130434783,-0.284555794395185
"MYSM1",-0.66897233201581,-0.713343752781003
"MYT1",0.0286561264822134,-0.103371114532678
"MYT1L",-0.593873517786561,-0.918042445002822
"MYZAP",0.475908094588001,1.17755040173105
"MZB1",0.457622944536333,0.280244363392757
"MZF1",0.494071146245059,0.874078370526163
"MZF1-AS1",-0.0281690149444611,-0.562555563353173
"MZT1",-0.601778656126482,-0.817087570769692
"MZT2A",-0.683794466403162,-1.71720826401867
"MZT2B",0.744071146245059,1.60965747068798
"N4BP1",0.244071146245059,0.167144044759805
"N4BP2",-0.0849802371541502,-0.291419797849055
"N4BP2L1",-0.466403162055336,-0.504161474769711
"N4BP2L2",0.398221343873518,1.30792755558305
"N4BP2L2-IT2",0.120553359683794,-0.501539367374915
"N4BP3",0.380528798372545,0.353781242119871
"N6AMT1",0.478260869565217,0.333988195046187
"NAA10",-0.358873004793983,-1.17176061948919
"NAA11",0.174944408602443,0.229230758872416
"NAA15",-0.756916996047431,-1.06310084962137
"NAA16",0.169014089666767,0.394361533070483
"NAA20",-0.778656126482213,-1.62979010330173
"NAA25",-0.364624505928854,-0.23506872064146
"NAA30",-0.575098814229249,-0.313869478089558
"NAA35",-0.33596837944664,0.0240048102044561
"NAA38",-0.689723320158103,-1.22560029660002
"NAA40",-0.298418972332016,-0.591329852546913
"NAA50",-0.49901185770751,-0.636224492892575
"NAA60",0.653162055335968,1.64558103980744
"NAA80",0.0563241106719368,-0.395302279330783
"NAAA",-0.5800395256917,-0.92625086959756
"NAALAD2",-0.347826086956522,-0.380418525410239
"NAALADL1",0.288823088862845,0.364835081830692
"NAALADL2",0.231798630564693,-0.138856636306611
"NAALADL2-AS3",-0.424901185770751,-1.25238762137658
"NAB1",-0.745059288537549,-1.60962731516276
"NAB2",0.457509881422925,0.158875281599102
"NABP1",-0.411067193675889,-0.801848773378267
"NABP2",-0.224530277985842,-0.662577873990353
"NACA",-0.769762845849802,-1.73658242378152
"NACA2",-0.0929083299922577,-0.0455055596355508
"NACA4P",-0.217939220886094,-0.566143308773324
"NACAD",-0.590909090909091,-1.5726378284941
"NACC1",-0.0988142292490119,-1.07794078388592
"NACC2",-0.346837944664032,-0.703131083574433
"NADK",-0.176877470355731,-0.581426570992597
"NADK2",0.640316205533597,2.32210761989854
"NADK2-AS1",0.399209486166008,0.366020148562938
"NADSYN1",-0.374505928853755,-1.19774729592562
"NAE1",-0.814229249011858,-2.47937454320996
"NAF1",-0.399209486166008,-0.456502116877957
"NAGA",0.0207509881422925,-0.157041029624431
"NAGK",-0.452569169960474,-0.555092080011397
"NAGLU",0.273783057530377,0.493358169641363
"NAGPA",-0.0780632411067194,-0.316869834141371
"NAGS",0.454163591823856,0.74986705532343
"NAIF1",-0.281620553359684,-0.45823982334039
"NAIP",-0.240118577075099,-0.831795599483787
"NALCN",-0.661067193675889,-1.63627897457596
"NALCN-AS1",0.677865612648221,1.50974255697967
"NALF1",0.0108695652173913,0.452356598457311
"NALF1-IT1",-0.204545454545455,-0.462488819987087
"NALF2",0.648862829774062,1.11536077269874
"NALT1",0.393280632411067,0.322503090519623
"NAMPT",-0.714426877470356,-1.48836777201681
"NANOG",0.326409655221708,0.42750037082763
"NANOS1",0.25098814229249,0.36812953316518
"NANOS2",0.101828979321709,0.102516463727702
"NANOS3",0.41403162055336,0.269321009255505
"NANP",-0.566205533596838,-0.803145188690489
"NANS",-0.689723320158103,-1.38369469384376
"NAP1L1",-0.642292490118577,-0.966898023733968
"NAP1L2",-0.628458498023715,-0.581608604339854
"NAP1L3",-0.796442687747036,-1.33816153973253
"NAP1L4",-0.740118577075099,-2.75556795250922
"NAP1L5",-0.542490118577075,-0.939316288956424
"NAPA",-0.757905138339921,-2.3223357448586
"NAPA-AS1",0.523715415019763,0.49344355169929
"NAPB",-0.75296442687747,-1.63961891971976
"NAPEPLD",-0.812453694187616,-1.66931920830783
"NAPG",-0.567193675889328,-0.853266604011311
"NAPRT",0.407215233583087,0.531777272853502
"NAPSA",0.47788486756656,0.588048780110853
"NAPSB",0.554347826086957,0.353571841074537
"NARF",-0.704545454545454,-1.87863978017313
"NARS1",-0.801383399209486,-2.33386140475465
"NARS2",-0.637351778656126,-1.20488521838941
"NASP",0.595849802371542,1.72459079211489
"NAT1",-0.197619119247902,-0.30683738833782
"NAT10",-0.647233201581028,-3.10960652633758
"NAT14",-0.260869565217391,-0.514377351626683
"NAT16",0.839763022070395,1.88759394334746
"NAT2",0.570581244466938,0.484103038299721
"NAT8",0.27885177138445,-0.243327407556614
"NAT8B",0.270750988142292,0.510393484455418
"NAT8L",0.276679841897233,0.159069125700843
"NAT9",0.274703557312253,0.105340422752341
"NATD1",-0.3587842956084,-0.496719266508386
"NAV1",-0.143280632411067,-0.503935651984377
"NAV2",0.704545454545454,2.8952793273266
"NAV2-AS2",0.586607381387287,0.579402803459468
"NAV2-AS4",0.719051170950718,1.50922121460617
"NAV2-AS5",0.213049951881827,0.250137245745113
"NAV2-IT1",0.406638195926524,0.267481683454828
"NAV3",-0.620553359683795,-1.89629315834135
"NAXD",-0.670948616600791,-1.2097742366661
"NAXE",-0.814229249011858,-2.11406235182989
"NBAS",-0.74901185770751,-2.50490768373435
"NBAT1",0.050445128534264,-0.589501777634643
"NBDY",-0.422535224166917,-0.867859010757158
"NBEA",-0.399209486166008,-0.425441657590973
"NBEAL1",-0.230237154150198,-0.292527488749793
"NBEAL2",0.100790513833992,-0.0306929215751328
"NBEAP1",0.575877480144614,0.917325009636488
"NBL1",-0.0849802371541502,-0.371140429450279
"NBN",-0.513466781180616,-0.75090320418271
"NBPF1",-0.283596837944664,-0.850314714168244
"NBPF11",-0.0410180393050925,-0.0349583278170861
"NBPF12",-0.236224370937762,-0.323607286910103
"NBPF14",-0.08300395256917,-0.0978027306786919
"NBPF3",-0.450592885375494,-0.920594957478034
"NBPF4",0.465035843205928,0.450599041149895
"NBPF5P",0.528190169358764,0.903757496472383
"NBPF6",-0.0985639476119103,-0.893086883328873
"NBR1",-0.779644268774704,-1.9843914679131
"NBR2",0.394268774703557,0.470221375479981
"NCALD",-0.655138339920949,-1.60563509612505
"NCAM1",-0.691699604743083,-3.66902734698453
"NCAM2",-0.774703557312253,-1.37338000844941
"NCAN",-0.382411067193676,-1.11310042524058
"NCAPD2",0.566205533596838,2.19867534677756
"NCAPD3",0.527667984189723,1.42249800630812
"NCAPG",0.316865495459458,0.780709744296684
"NCAPG2",-0.201581027667984,-0.143318588462566
"NCAPH",-0.301681651038245,-0.502031923462911
"NCAPH2",0.505928853754941,0.887480008753002
"NCBP1",-0.712450592885375,-1.28791884821749
"NCBP2",-0.791501976284585,-1.4398399563402
"NCBP2AS2",-0.841897233201581,-2.2493956043319
"NCBP3",-0.144268774703557,-0.680305568746596
"NCDN",-0.696640316205534,-2.07803643300273
"NCEH1",-0.603754940711463,-0.7165522554033
"NCF1",0.562886105644583,1.51098177062151
"NCF2",-0.460474308300395,-1.41631913635199
"NCF4",0.334074633376416,0.292072559935208
"NCK1",0.0108695652173913,0.306425305172441
"NCK1-DT",0.206572776259382,-0.455029029884186
"NCK2",-0.264822134387352,-0.293418901280916
"NCKAP1",-0.349802371541502,-0.391189818491326
"NCKAP1L",0.720711902189569,1.18942349761484
"NCKAP5",-0.239130434782609,0.395997430216667
"NCKAP5-AS1",0.470355731225296,0.715665696335525
"NCKAP5-AS2",0.627102186092615,0.936346351795047
"NCKAP5L",0.629108000426298,0.807850621577066
"NCKIPSD",0.316283676569388,0.478485930463225
"NCL",-0.879446640316205,-3.00634090219799
"NCLN",-0.29849271976236,-0.865343002635853
"NCOA1",-0.591897233201581,-0.817000341737242
"NCOA2",-0.613636363636364,-0.738575365449051
"NCOA3",-0.317766256303307,-0.815169640824252
"NCOA4",-0.711462450592885,-1.19406523276343
"NCOA5",-0.682806324110672,-1.36463220926762
"NCOA6",-0.555335968379447,-1.00513075575791
"NCOA7",-0.561264822134387,-0.224267253045243
"NCOR1",-0.530632411067194,-1.14166549001628
"NCOR2",0.388339920948617,0.487497883699737
"NCR1",0.706521739130435,1.32448259128453
"NCR2",0.675889328063241,0.808705008769976
"NCR3",0.186758893280632,-0.335492731592705
"NCR3LG1",-0.519762845849802,-1.57690149228803
"NCS1",-0.566205533596838,-3.20849599192621
"NCSTN",0.114737939411267,0.398520925029485
"ND2",0.683794466403162,1.51031201528539
"ND3",0.347417850981687,0.320464183601991
"ND4",0.552371541501976,1.20720331266717
"ND6",0.0434782608695652,-0.34673376163835
"NDC1",-0.506916996047431,-0.630720672990298
"NDC80",-0.219584677149149,-1.02709936154662
"NDE1",0.282608695652174,0.706825188851962
"NDEL1",-0.728260869565217,-1.22535760920377
"NDFIP1",-0.825098814229249,-1.90557767106488
"NDFIP2",0.188921951961655,0.764870375994299
"NDN",-0.606375111172874,-1.20667709414189
"NDNF",-0.172924901185771,-0.593401607169687
"NDOR1",0.646245059288537,0.745181523836771
"NDP",-0.653162055335968,-1.21718232382909
"NDRG1",-0.194664031620553,-0.387591081012866
"NDRG2",-0.230237154150198,-0.70171539560034
"NDRG3",-0.790513833992095,-2.85233230012381
"NDRG4",-0.83201581027668,-2.6238292914037
"NDST1",-0.188735177865613,-1.04811767708254
"NDST2",0.273715415019763,0.314978285138781
"NDST3",0.659090909090909,1.94401965895852
"NDST4",0.43291328230435,0.53504760798272
"NDUFA1",-0.852977540248068,-2.23245145016293
"NDUFA10",-0.788537549407115,-3.65751167183469
"NDUFA11",-0.626482213438735,-1.58677422521458
"NDUFA12",-0.690711462450593,-1.17132482573077
"NDUFA13",-0.92512975396546,-3.44892454046051
"NDUFA2",-0.798418972332016,-1.84268253940572
"NDUFA3",-0.659090909090909,-1.40910275108735
"NDUFA4",-0.74604743083004,-1.65127380201775
"NDUFA4L2",0.150197628458498,-0.323391455189643
"NDUFA5",-0.672597005954589,-0.969757267724531
"NDUFA6",-0.554484820485708,-1.10141593268015
"NDUFA6-DT",-0.104743083003953,-0.0901829131666201
"NDUFA7",-0.570158102766798,-1.11851079236007
"NDUFA8",-0.74604743083004,-1.73836484310699
"NDUFA9",-0.828063241106719,-1.71734402294975
"NDUFAB1",-0.744071146245059,-1.67317536868113
"NDUFAF1",-0.823122529644269,-1.4200465531915
"NDUFAF2",0.523715415019763,1.56112731590935
"NDUFAF3",-0.643280632411067,-0.854888795222643
"NDUFAF4",-0.611660079051383,-0.929258726474905
"NDUFAF5",-0.841611095621356,-2.54082084758032
"NDUFAF6",-0.735359548023827,-1.91166804949937
"NDUFAF7",0.546442687747036,1.05702568969269
"NDUFAF8",-0.0464426877470356,0.108922912367069
"NDUFB1",-0.772727272727273,-1.20192176907381
"NDUFB10",-0.680009904624184,-1.40281766850258
"NDUFB11",-0.674901185770751,-1.71309918642129
"NDUFB2",-0.722016330418556,-1.06565233584738
"NDUFB2-AS1",0.463438735177866,1.2586522376668
"NDUFB3",-0.563241106719368,-0.541277731073688
"NDUFB4",-0.699604743083004,-1.43233028015808
"NDUFB5",-0.74604743083004,-1.44755137558237
"NDUFB6",-0.789525691699605,-1.65004166456573
"NDUFB7",-0.734189723320158,-1.10739772660638
"NDUFB8",-0.448616600790514,-0.189027395512326
"NDUFB9",-0.709661499302564,-1.19349249027741
"NDUFC1",-0.55201385426251,-0.858660945451037
"NDUFC2",-0.788537549407115,-1.38698142756113
"NDUFS1",-0.430830039525692,-0.513275056903856
"NDUFS2",-0.602766798418972,-0.95744864539206
"NDUFS3",-0.814229249011858,-2.04877703887046
"NDUFS4",-0.421936758893281,-0.613169134116688
"NDUFS5",-0.862648221343873,-2.81205439975899
"NDUFS6",-0.782608695652174,-2.70208429979867
"NDUFS7",-0.816205533596838,-2.5865390558124
"NDUFS8",-0.33300395256917,-0.695921572872614
"NDUFV1",-0.837944664031621,-2.70310056218503
"NDUFV1-DT",0.570299004314178,0.664042949121074
"NDUFV2",-0.804347826086957,-2.51542189923342
"NDUFV2-AS1",-0.158102766798419,-0.418049264204087
"NDUFV3",-0.516798418972332,-1.45011467745105
"NEAT1",-0.155138339920949,-0.239402027883399
"NEB",-0.464886478649099,-0.784074179883746
"NEBL",-0.587944664031621,-1.07526358362168
"NEBL-AS1",-0.171936758893281,-0.235065876494062
"NECAB1",-0.440711462450593,-0.524150336783141
"NECAB2",-0.203607616791544,-0.520554022793795
"NECAB3",-0.374505928853755,-0.99403243962347
"NECAP1",-0.744071146245059,-1.69477237434242
"NECAP2",-0.0801187335544193,-0.36388262374162
"NECTIN1",0.182357307272038,0.0106102870175057
"NECTIN2",0.538214608961895,0.687988031735144
"NECTIN3",-0.505928853754941,-0.962608179648021
"NECTIN3-AS1",0.456521739130435,0.844749364103824
"NECTIN4",0.482332606768317,0.630116918095884
"NEDD1",0.0889328063241107,0.592467683888943
"NEDD4",-0.0592885375494071,-0.2777855403163
"NEDD4L",-0.681818181818182,-1.41175748339211
"NEDD8",-0.703557312252964,-1.44359460666639
"NEDD9",-0.0849802371541502,-0.0560214834690502
"NEFH",-0.115612648221344,0.181906227311529
"NEFL",-0.668645233120832,-0.543942475769317
"NEFM",-0.704545454545454,-0.976120736729734
"NEGR1",0.041501976284585,0.623149822787247
"NEGR1-IT1",-0.186758893280632,-0.336989658685645
"NEIL1",0.16403162055336,0.0548711435232268
"NEIL2",-0.645416377499408,-1.85954804295116
"NEIL3",-0.0568175111294095,-0.653070271029703
"NEK1",-0.683794466403162,-1.34084757530436
"NEK10",-0.128458498023715,-0.505817621831607
"NEK11",-0.207509881422925,0.068909680833485
"NEK2",-0.540153216391158,-1.29271385194683
"NEK2-DT",0.127007663872395,-0.446844229084232
"NEK3",-0.472332015810277,-1.06435537331721
"NEK4",-0.459486166007905,-0.275530167062077
"NEK5",0.2678527385947,0.872457904586088
"NEK6",-0.618235749044226,-1.22416695017384
"NEK7",-0.0889328063241107,0.179316369475916
"NEK8",0.874227849767574,1.96177525195496
"NEK9",-0.597826086956522,-1.23766138835255
"NELFA",0.524703557312253,0.851778305366539
"NELFB",0.0815418853655454,0.155722970010275
"NELFCD",-0.651346696435083,-2.51608537434001
"NELFE",-0.659090909090909,-1.99179397212661
"NELL1",-0.528656126482213,-0.879459672976506
"NELL2",-0.687747035573123,-1.480154031926
"NEMF",0.489745505437912,0.786170945305706
"NEMP1",-0.667655073508193,-1.01591184098703
"NEMP2",0.33498023715415,0.0638220330595026
"NENF",-0.393872015977816,-1.04240038247624
"NEO1",-0.0968379446640316,-0.275179446535269
"NEPRO",-0.671936758893281,-2.0080136465799
"NES",0.507905138339921,0.708330671086498
"NET1",-0.438735177865613,-0.845075320231727
"NETO1",-0.556324110671937,-1.63267152492831
"NETO1-DT",0.33102766798419,0.71794154360314
"NETO2",-0.723320158102767,-1.37184870557375
"NEU1",-0.735177865612648,-1.82839957508232
"NEU2",0.0444664031620553,-0.467721982900368
"NEU3",-0.371541501976285,-1.02921619417742
"NEU4",0.676056358667067,0.975413283092389
"NEURL1",-0.174901185770751,-0.776367028392046
"NEURL1B",-0.301383399209486,-0.851314275229035
"NEURL2",0.535573122529644,0.66208352434949
"NEURL3",0.679841897233202,0.976271353831036
"NEURL4",-0.117588932806324,-0.975415893853766
"NEUROD1",0.540513833992095,1.65620226121911
"NEUROD2",-0.00296736050201553,0.0620577711566796
"NEUROD4",0.458117137780973,0.417593260782555
"NEUROD6",-0.278656126482213,-0.46009295924348
"NEUROG1",0.453669398579216,0.364435407800983
"NEUROG2",0.237212757427041,0.37469370506949
"NEUROG3",0.498146790596786,0.722915338676438
"NEXMIF",0.134387351778656,0.445052440379551
"NEXN",0.393280632411067,0.929059193273233
"NEXN-AS1",0.0252038554766231,-0.19019819605856
"NF1",-0.571146245059289,-0.758847646193789
"NF2",-0.207561162748661,-0.723879994092119
"NFAM1",0.638991865319092,1.12325625376977
"NFASC",-0.00889328063241107,0.0845011412506151
"NFAT5",-0.837944664031621,-2.23044677718849
"NFATC1",0.406126482213439,0.134259757442745
"NFATC2",0.540059611366826,0.585210501721006
"NFATC2IP",0.522727272727273,0.834393420285895
"NFATC3",0.41147398961282,0.690023200093797
"NFATC4",0.637351778656126,0.67025405757295
"NFE2",0.315789483324748,0.603311205159304
"NFE2L1",-0.613636363636364,-2.15481594180111
"NFE2L2",-0.576086956521739,-1.10423678836594
"NFE2L3",0.188735177865613,0.176099976695941
"NFE4",-0.0863962983646607,-0.270352289728412
"NFIA",0.301383399209486,0.606880601946166
"NFIA-AS2",0.1441311997742,-0.121323119538021
"NFIB",0.58695652173913,2.54673623054835
"NFIC",0.639980251808371,2.28842733934269
"NFIL3",-0.562252964426877,-0.591502452740703
"NFIX",0.44773907964354,0.458711455280992
"NFKB1",0.396245059288538,1.47491330041653
"NFKB2",0.0523715415019763,-0.012587870585801
"NFKBIA",0.560276679841897,1.27427576690448
"NFKBIB",0.591897233201581,0.938750325677006
"NFKBID",0.549407114624506,1.11050619620205
"NFKBIE",-0.591897233201581,-1.55644325828579
"NFKBIL1",-0.0268126443200671,-0.243663031008871
"NFKBIZ",-0.194664031620553,-0.313571187465659
"NFRKB",-0.289812209030183,-0.738224839889537
"NFS1",-0.737154150197628,-2.33772250053305
"NFU1",-0.756916996047431,-1.58459747159489
"NFX1",-0.463438735177866,-1.01027508439865
"NFXL1",-0.601778656126482,-0.940051289210837
"NFYA",-0.487768732459353,-0.744139443162444
"NFYB",-0.58201581027668,-0.727127982500187
"NFYC",-0.708673112813285,-0.846835872375253
"NFYC-AS1",0.812252964426878,1.9519300738135
"NGB",0.49802371541502,0.748503624558362
"NGDN",-0.769762845849802,-1.43972932255929
"NGEF",0.0662055335968379,0.58841258940262
"NGF",0.345849802371542,-0.302997486486185
"NGFR",0.153313625937469,-0.382470385015028
"NGLY1",-0.866600790513834,-2.67919841368113
"NGRN",-0.713438735177866,-1.70560649735132
"NHEG1",0.486780345970074,0.489597412654655
"NHEJ1",-0.00594503073931917,-0.188835361195856
"NHERF1",0.414628132252682,0.932976709983342
"NHERF2",0.205090196525463,0.48688782345456
"NHERF4",0.100815421906492,-0.328284872843328
"NHIP",0.0484309379746875,-0.291783289905752
"NHLH1",0.561897719155303,0.992745440252316
"NHLH2",0.41699604743083,1.07282408852936
"NHLRC2",-0.258893280632411,-0.141568259548575
"NHLRC3",-0.483201581027668,-0.918450620861048
"NHLRC4",0.745059288537549,1.70895486150906
"NHP2",-0.775691699604743,-2.48133729221417
"NHS",-0.0464426877470356,0.0142687979485498
"NHSL1",-0.447628458498024,-0.928279660329572
"NHSL2",-0.49703557312253,-0.835330973349492
"NHSL3",0.201581027667984,0.0860693548606678
"NIBAN1",0.257474680457267,0.702225712855727
"NIBAN2",0.318181818181818,-0.00473165918992947
"NIBAN3",0.218433414130734,0.120421105783372
"NICN1",-0.615232744084553,-1.38205624400625
"NICOL1",0.058300395256917,0.0305382633505515
"NID1",0.696318281697293,1.11538714722515
"NID2",0.101904604270359,0.517537056529374
"NIF3L1",-0.74604743083004,-2.1059163907244
"NIFK",-0.743083003952569,-1.41008592202536
"NIFK-AS1",-0.0879446640316206,0.191712784336347
"NIM1K",-0.16501976284585,-0.429605208119074
"NIN",-0.528656126482213,-1.02466881678523
"NINJ1",0.454657785068495,1.08796033315485
"NINJ2",-0.403162055335968,-0.308857021223024
"NINJ2-AS1",-0.602766798418972,-1.36415954812275
"NINL",-0.0415122325497322,0.291126737275638
"NIP7",-0.128458498023715,0.103212765737323
"NIPA1",-0.735177865612648,-1.39941847358509
"NIPA2",-0.598814229249012,-0.492594967839522
"NIPAL1",0.16798418972332,-0.090711606197336
"NIPAL2",-0.633399209486166,-1.5048803768055
"NIPAL3",-0.534584980237154,-0.940265359320289
"NIPAL4",-0.0963676827047354,-0.20592816572437
"NIPAL4-DT",0.551383399209486,0.261804582116232
"NIPBL",0.365612648221344,1.07388333811873
"NIPSNAP1",-0.573122529644269,-2.306213301221
"NIPSNAP2",-0.641304347826087,-0.878808797586539
"NIPSNAP3A",-0.355731225296443,-0.404541866379892
"NIPSNAP3B",-0.799407114624506,-1.62656815159934
"NISCH",-0.255928853754941,-0.509557392926552
"NIT1",-0.317193675889328,-0.725811855646252
"NIT2",-0.816205533596838,-2.51648350585572
"NKAIN1",0.206078583014742,0.0556338957140566
"NKAIN2",-0.574110671936759,-0.663528656469776
"NKAIN3",0.71559181823824,1.11373931139556
"NKAIN4",0.452569169960474,0.790146337962366
"NKAP",-0.4199604743083,-1.16929583066658
"NKAPD1",-0.604398338194315,-0.902385683912487
"NKAPL",0.471954548630884,1.14770564412204
"NKAPP1",0.281620553359684,0.484700638691018
"NKD1",-0.0187793432963074,-0.513328518746847
"NKD2",0.431924895815071,0.401104848862657
"NKG7",0.0762756177499205,-0.121617448011186
"NKILA",-0.578063241106719,-1.783105799776
"NKIRAS1",-0.740118577075099,-1.5127880061857
"NKIRAS2",0.0876674307904931,-0.0264786704030063
"NKPD1",0.848814229249012,2.11227002203373
"NKRF",-0.561264822134387,-0.293781886745084
"NKTR",0.41897233201581,0.491195056909354
"NKX1-1",0.645256916996047,1.67886540697171
"NKX1-2",-0.294757809866876,-0.921517147573411
"NKX2-1",0.256980487212628,0.314645634952463
"NKX2-1-AS1",0.635532512606614,0.858815504016311
"NKX2-2",0.161226587276177,0.0213306244715368
"NKX2-3",0.335315540368157,0.406839400630422
"NKX2-5",0.0286844848528168,-0.642412086133125
"NKX2-8",0.446256499909621,0.668037792744442
"NKX3-1",-0.269762845849802,-0.458269606740665
"NKX3-2",0.609298023080522,0.823451895715235
"NKX6-1",0.359772682097679,0.602941843360665
"NKX6-2",0.578063241106719,0.420033596874637
"NKX6-3",0.426488770124034,0.315781273300244
"NLE1",0.263404999392943,0.662204421897358
"NLGN1",-0.518774703557312,-0.790418689923687
"NLGN2",0.0978260869565217,0.0823996706956849
"NLGN3",-0.4199604743083,-1.84444025200711
"NLGN4X",0.242094861660079,0.874687706493995
"NLGN4Y",-0.0563241106719368,-0.0495920995933361
"NLK",-0.593873517786561,-1.13124351382289
"NLN",0.719367588932806,1.74790888010145
"NLRC3",-0.154682485572216,-0.295937911572678
"NLRC4",0.19421794514339,0.612099711016219
"NLRC5",0.642292490118577,1.14165408805453
"NLRP1",0.695824088452654,0.616420897339098
"NLRP10",0.468602042069024,0.430494321783173
"NLRP11",-0.110699286799286,-0.661549567884392
"NLRP12",0.239130434782609,-0.0177829172838983
"NLRP13",0.0163083770731091,0.0154863747779599
"NLRP14",0.396245059288538,0.243512691139007
"NLRP2",-0.145256916996047,-0.64797146969708
"NLRP2B",0.161961863663792,0.518564156284189
"NLRP3",-0.175438601847082,-0.765629360927019
"NLRP4",0.117123798979602,-0.254214497037629
"NLRP5",0.619718328778145,0.589785718972725
"NLRP6",0.403162055335968,0.839236569079791
"NLRP7",0.0731948923830497,-0.476078181115999
"NLRP8",0.380434782608696,0.498711555806835
"NLRP9",-0.244625656096636,-1.06822038622613
"NLRX1",-0.0108695652173913,-0.199053676361114
"NMB",0.349888817204886,0.813591933362676
"NMBR",0.253214762838658,-0.0178037811305785
"NMD3",-0.712450592885375,-1.36347848733687
"NME1",-0.760869565217391,-1.93148877818391
"NME2",-0.610671936758893,-0.945495305876397
"NME3",-0.562252964426877,-1.719790056438
"NME4",0.628458498023715,1.296395212763
"NME5",-0.250555975032312,-0.123360160592989
"NME6",-0.308605492209615,-0.933132816321335
"NME7",-0.490733891927191,-1.60988486922189
"NME8",-0.188735177865613,-0.549874133434015
"NME9",0.603766091150345,1.1387706466714
"NMI",-0.577075098814229,-1.38914366899319
"NMNAT1",-0.110671936758893,-0.0163824894938903
"NMNAT2",-0.808300395256917,-2.02517539421433
"NMNAT3",-0.41501976284585,-1.02641899287554
"NMRAL1",-0.311264822134387,-1.07101056548569
"NMRAL2P",0.106824978072559,-0.334936997384327
"NMRK1",-0.58498023715415,-1.19041785161193
"NMRK2",0.417017385436468,-0.279909910398655
"NMT1",-0.49172227841647,-1.42545894635223
"NMT2",-0.617588932806324,-1.15048509852252
"NMU",-0.0632411067193676,0.163377370767046
"NMUR1",0.270112565002158,-0.120823684199965
"NMUR2",0.354830749651282,-0.188723885487331
"NNAT",0.468842959318453,1.15840512298807
"NNMT",-0.410079051383399,-0.865202441345427
"NNT",-0.66403162055336,-1.522860656835
"NNT-AS1",0.222881153332491,1.26158512798472
"NOA1",-0.783596837944664,-1.40877544950712
"NOB1",-0.398221343873518,-0.455171038480576
"NOBOX",0.305335968379447,0.119839729251465
"NOC2L",-0.421052644432998,-0.728028776083014
"NOC3L",-0.647233201581028,-1.16475561775932
"NOC4L",0.393377822733176,0.802528047234422
"NOCT",-0.368577075098814,-0.770414314552056
"NOD1",0.385470730818942,0.224819035475638
"NOD2",-0.157686623318568,-0.548679131889413
"NODAL",0.520385486605571,0.556489089291429
"NOG",-0.122065731425998,-0.362090600949825
"NOL10",-0.341897233201581,-1.3946025778585
"NOL11",-0.870274303810457,-1.86559961105799
"NOL12",0.472332015810277,1.55760611076599
"NOL3",-0.452569169960474,-1.48906051957272
"NOL4",0.254940711462451,0.902199374882626
"NOL4L",-0.711462450592885,-1.13188773645504
"NOL6",0.0484189723320158,-0.297149550341556
"NOL7",-0.525691699604743,-0.515115009997999
"NOL8",-0.713438735177866,-1.93436169079255
"NOL9",-0.267786561264822,-0.583902729707774
"NOLC1",-0.6699604743083,-1.51907327020019
"NOM1",0.369162353745833,0.839924080425418
"NOMO1",-0.837944664031621,-2.19882925798986
"NOMO2",-0.806324110671937,-2.05746515782168
"NOMO3",0.626482213438735,1.3564667873915
"NONO",-0.564229249011858,-1.45249239996794
"NOP10",-0.688735177865613,-1.68262263105654
"NOP14",0.308300395256917,0.440069715303482
"NOP14-AS1",0.577075098814229,0.703670990350128
"NOP16",-0.688735177865613,-1.86058197464151
"NOP2",0.528656126482213,0.487104405329134
"NOP53",-0.288537549407115,-0.276772790805933
"NOP56",-0.58498023715415,-3.10395107604625
"NOP58",0.230788245246725,-0.0321803876441028
"NOP9",-0.41798418972332,-0.931892220180592
"NOPCHAP1",0.385375494071146,0.638777350252919
"NORAD",-0.784584980237154,-3.25388055900987
"NOS1",0.26933531832862,0.016124198809212
"NOS1AP",0.203557312252964,0.446636537960148
"NOS2",-0.339920948616601,-1.20733560730789
"NOS3",0.160118611263253,-0.219058083066841
"NOSIP",-0.641304347826087,-1.55385360412149
"NOSTRIN",0.0839920948616601,-0.0633124598125195
"NOTCH1",0.494071146245059,0.769286378286878
"NOTCH2",-0.12008895844744,-0.163200633319285
"NOTCH2NLA",0.639980251808371,1.40571689763322
"NOTCH3",0.451581027667984,0.698612731415862
"NOTCH4",-0.25098814229249,-0.101646499692624
"NOTUM",0.108722513820727,-0.62388737455895
"NOVA1",-0.83201581027668,-3.32049184052392
"NOVA2",0.730237154150198,5.54519686931794
"NOX1",0.393280632411067,0.454484698742098
"NOX3",0.0899209486166008,-0.308338353999767
"NOX4",-0.473320158102767,-1.60502117484868
"NOX5",0.504571302777102,0.0116451132521848
"NOXA1",0.300963685985558,-0.131302195508057
"NOXO1",0.307312252964427,0.2735692904982
"NOXRED1",0.428465543102593,1.27432099445381
"NPAP1",0.450049676139022,0.926071380823662
"NPAS1",0.476402287832641,0.662243573205062
"NPAS2",0.285573122529644,0.945342226681763
"NPAS3",-0.137351778656126,-0.209436552840576
"NPAS4",0.365883907797342,0.199920925014453
"NPAT",-0.217445027641454,0.109402507285758
"NPB",0.890316205533597,1.71258563649641
"NPBWR1",0.61230543010855,0.773735445575359
"NPBWR2",0.556874654211581,1.10990539364915
"NPC1",-0.442687747035573,-0.454319351245906
"NPC1L1",0.443675889328063,0.439169563035078
"NPC2",-0.602766798418972,-1.44619615868316
"NPDC1",-0.572134387351779,-1.55210738516116
"NPEPL1",0.372529644268775,-0.163110229391303
"NPEPPS",-0.368577075098814,-0.408568165906926
"NPEPPSP1",-0.436372635016827,-0.540923357125871
"NPFF",0.240773744942426,-0.273229902157383
"NPFFR1",0.649369923456525,0.815542923984658
"NPFFR2",0.231225296442688,0.185232555789714
"NPHP1",0.240177916894879,0.626021503070982
"NPHP3",-0.239130434782609,0.188569265881494
"NPHP3-AS1",0.202569169960474,-0.208667544053947
"NPHP4",-0.0928853754940711,-0.00833490374374523
"NPHS1",0.463438735177866,0.270457281747521
"NPHS2",0.455984397143053,0.453160177704232
"NPIPA1",0.0484189723320158,-0.124654549463641
"NPIPB3",0.33399209486166,0.433584023487037
"NPL",0.181818181818182,0.410766546868148
"NPLOC4",-0.244625656096636,-1.07637148617177
"NPM1",-0.677865612648221,-1.20826655862555
"NPM2",0.347826086956522,0.193851298710115
"NPM3",0.0376425126558049,0.446379344538129
"NPNT",-0.210682595643102,-0.589722602360113
"NPPA",0.329132700930019,-0.29264796942751
"NPPB",0.729249011857708,0.933263604601618
"NPPC",0.395256916996047,0.138277596147142
"NPR1",0.248269162001966,-0.176306391964291
"NPR2",-0.58265383543017,-1.12702873436277
"NPR3",0.0168150428447547,-0.0475973507020273
"NPRL2",-0.704545454545454,-1.59576721575109
"NPRL3",0.478260869565217,0.865707017899688
"NPSA",0.170496669400686,0.0984041131829676
"NPSR1-AS1",0.326717036344522,0.498075179244143
"NPTN",-0.537549407114625,-0.372201751199259
"NPTN-IT1",0.491106719367589,1.33027893170086
"NPTX1",-0.697628458498024,-1.83717593048983
"NPTX2",-0.532608695652174,-1.11773744939457
"NPTXR",-0.476284584980237,-1.18626110300971
"NPVF",0.425500383634755,0.410004111126148
"NPW",-0.052423368868941,-0.380338908557202
"NPY",-0.229249011857707,-0.275336499053623
"NPY1R",-0.298418972332016,-0.349645118365192
"NPY2R",-0.466403162055336,-0.766047208659855
"NPY4R",-0.143810234190144,-0.780539445684995
"NPY5R",-0.510869565217391,-1.00628715925513
"NPY6R",0.414628132252682,0.810790205571344
"NQO1",-0.369565217391304,-0.547422363727968
"NQO2",0.0642292490118577,-0.0166574762612408
"NQO2-AS1",0.148588865746598,0.0051330578624193
"NR0B1",-0.303434652208757,-0.644811904501264
"NR0B2",0.734916284332513,0.936920098923476
"NR1D1",0.819169960474308,2.02726790542576
"NR1D2",-0.528656126482213,-0.355727060764812
"NR1H2",-0.2391895304056,-0.643122870279566
"NR1H3",0.0217445027641454,0.0909839763137451
"NR1H4",0.108749395392116,0.0214438780185091
"NR1I2",0.281899247691475,0.127161257667981
"NR1I3",0.290513833992095,-0.0878958339517773
"NR2C1",-0.633399209486166,-1.32414611544042
"NR2C2",-0.766987915680766,-1.11177684171784
"NR2C2AP",-0.662055335968379,-1.53371908443593
"NR2E1",-0.365612648221344,-0.558697849467362
"NR2E3",0.336300856895093,0.352308672319495
"NR2F1",0.245059288537549,0.850085410998711
"NR2F1-AS1",-0.403162055335968,-0.706753187916642
"NR2F2",0.315217391304348,0.717269807403694
"NR2F2-AS1",0.33102766798419,0.642743593102432
"NR2F6",0.483320993257596,1.5622803568192
"NR3C1",0.280632411067194,0.950605336193459
"NR3C2",-0.480237154150198,-0.948627968322406
"NR4A1",0.477272727272727,1.13008796825742
"NR4A2",0.228260869565217,0.755711820742859
"NR4A3",-0.233201581027668,-0.546163266255876
"NR5A1",0.616600790513834,1.19725659721086
"NR5A2",-0.229475878822534,-0.753173733282581
"NR6A1",0.535114010530134,0.975240536847184
"NRAD1",0.115669811462523,-0.343182891593993
"NRAP",0.292490118577075,0.0603597812440147
"NRARP",-0.301383399209486,-0.877210291136389
"NRAS",-0.49703557312253,-0.590866096113738
"NRAV",-0.0978260869565217,-0.550819050464943
"NRBF2",-0.739130434782609,-1.84090576797452
"NRBP1",-0.83102766798419,-3.52777437582659
"NRBP2",0.172924901185771,-0.0894554531175824
"NRCAM",-0.776679841897233,-2.22141903293826
"NRDC",-0.609683794466403,-2.5787613666064
"NRDE2",-0.674573778933148,-1.78209117355447
"NREP",-0.673913043478261,-1.53735576264329
"NRF1",-0.421936758893281,-0.929146769950674
"NRG1",-0.0869565217391304,-1.10362641362088
"NRG1-IT1",0.273715415019763,0.19643678441062
"NRG2",0.737336321002386,2.9208985261218
"NRG3",-0.605731225296443,-1.44472642776385
"NRG4",0.142821847700864,-0.009459634542169
"NRGN",-0.635375494071146,-1.67001685464943
"NRIP1",-0.565217391304348,-0.481512128959312
"NRIP2",0.083518658344104,0.179370205757686
"NRIP3",-0.388339920948617,-0.949447749740407
"NRK",0.25197628458498,0.283410062449993
"NRL",0.0266864352105421,0.449679220488949
"NRM",0.562252964426877,0.639851557543033
"NRN1",-0.804347826086957,-1.64902530966192
"NRP1",-0.563241106719368,-1.3168238571531
"NRP2",-0.33300395256917,-0.365353424518987
"NRROS",0.366691387522634,0.501560910514905
"NRSN1",-0.0998270354172131,0.522290035137989
"NRSN2",0.3276501211961,0.82204897681896
"NRSN2-AS1",0.0202619230302264,-0.0278950156232146
"NRTN",0.253096367988373,0.252856013388998
"NRXN1",0.292490118577075,1.23298010357905
"NRXN2",0.705533596837945,3.28777592103341
"NRXN3",-0.777667984189723,-2.07984745322917
"NSA2",-0.695652173913043,-1.33110965079661
"NSD1",0.278656126482213,0.595887613234916
"NSD2",-0.79021499817883,-1.74989380128771
"NSD3",-0.770524610356699,-1.24107969816287
"NSDHL",-0.623177681490622,-0.848050102268363
"NSF",-0.768774703557312,-1.9002931969809
"NSFL1C",-0.303359683794466,-0.10203275831231
"NSG1",-0.721343873517787,-1.3086099492851
"NSG2",-0.677865612648221,-1.44095830586359
"NSL1",0.607707509881423,2.56171377630983
"NSMAF",-0.656126482213439,-1.16046713240338
"NSMCE1",-0.792490118577075,-3.0147819351969
"NSMCE1-DT",0.294757809866876,0.232568797277198
"NSMCE2",-0.543612569103636,-0.944183330115583
"NSMCE3",-0.522727272727273,-0.821996351816341
"NSMCE4A",-0.686758893280632,-1.19015067761704
"NSMF",0.244071146245059,0.313118204851743
"NSRP1",-0.387351778656126,-0.402957666526433
"NSUN2",-0.334568826621056,-0.672607133394947
"NSUN3",-0.567193675889328,-0.618981253651153
"NSUN4",0.0316518453548323,-0.197447980364311
"NSUN5",-0.154150197628458,-0.632539168996083
"NSUN5P1",0.203557312252964,-0.136689233874856
"NSUN5P2",0.0760869565217391,-0.168401656291567
"NSUN6",0.695824088452654,2.2858562962157
"NSUN7",-0.050445128534264,0.0120263520859573
"NT5C",0.555335968379447,1.20608369898686
"NT5C1A",-0.0222386960087851,-0.294347760994939
"NT5C1B",0.273715415019763,-0.14685246628958
"NT5C2",-0.50197628458498,-1.66964382632218
"NT5C3A",-0.118577075098814,-0.00260148572368526
"NT5C3B",-0.33498023715415,-1.2529607639369
"NT5DC1",-0.175889328063241,0.241602261104666
"NT5DC2",0.510133527475744,0.722990575937539
"NT5DC3",-0.515810276679842,-1.34819431029273
"NT5DC4",0.143422424264084,-0.324668543632233
"NT5E",-0.286561264822134,-0.532356798009862
"NT5M",0.0671936758893281,-0.290369078799666
"NTAN1",-0.0385375494071146,0.307889155775356
"NTAQ1",-0.766798418972332,-2.03169326778254
"NTF3",-0.134387351778656,-0.245317165510408
"NTF4",0.269762845849802,0.319894309467662
"NTHL1",-0.479249011857708,-0.595391641749041
"NTM",0.195652173913043,0.899732074823925
"NTMT1",-0.609683794466403,-1.55534525933741
"NTN1",0.297430830039526,-0.265200217202003
"NTN3",0.390316205533597,0.78527884906357
"NTN4",-0.292490118577075,-0.0499660662798209
"NTN5",0.638003478829812,0.905693000069518
"NTNG1",-0.0108695652173913,0.555138290702007
"NTNG2",0.515810276679842,0.424787889644464
"NTPCR",-0.579051383399209,-1.32529566848068
"NTRK1",-0.0296442687747036,-0.385942559202578
"NTRK2",-0.553359683794466,-1.64669463666752
"NTRK3",0.311264822134387,1.29091925187682
"NTRK3-AS1",0.393280632411067,0.566255732023189
"NTS",-0.24604743083004,-0.237978607575965
"NTSR1",0.436758893280632,0.752882173433506
"NTSR2",-0.307312252964427,-0.848797069110438
"NUAK1",-0.33498023715415,-0.258126092046364
"NUAK2",0.0795651123869867,-0.426711668880278
"NUB1",-0.655138339920949,-1.6926123122056
"NUBP1",-0.22386953982177,-0.583255398196322
"NUBP2",0.41501976284585,1.49768074083314
"NUBPL",-0.532608695652174,-1.30774819965698
"NUCB1",-0.188735177865613,-0.0190978018309158
"NUCB2",-0.188735177865613,0.157888831918706
"NUCKS1",0.661067193675889,3.54815222651596
"NUDC",-0.889328063241107,-2.78332010012304
"NUDCD1",-0.190711462450593,-0.258826195513465
"NUDCD2",-0.685770750988142,-0.805747427050793
"NUDCD3",-0.389918470020699,-1.71181429445396
"NUDT1",-0.620553359683795,-1.4194737363079
"NUDT10",0.33695652173913,0.409160702300954
"NUDT11",-0.449604743083004,-0.62674183408737
"NUDT12",-0.379446640316206,-0.128843265664631
"NUDT13",0.437747035573123,1.49906390513961
"NUDT14",0.349888817204886,0.460910413346269
"NUDT15",-0.041501976284585,0.0534960829434675
"NUDT16",-0.156697992451367,-0.471392554769594
"NUDT16-DT",0.460929997979745,0.668827801676879
"NUDT16L1",0.258893280632411,0.492710707827237
"NUDT16L2P",0.0672601713790186,0.0895751437396976
"NUDT17",0.0355731225296443,0.23556753740949
"NUDT18",-0.506916996047431,-1.57904863192335
"NUDT19",0.144268774703557,0.947762537249605
"NUDT2",-0.698616600790514,-1.80035648959956
"NUDT21",-0.75098814229249,-1.53929837234594
"NUDT22",0.0509019041978859,0.321578477111769
"NUDT3",-0.341897233201581,-0.23491424582226
"NUDT4",-0.635375494071146,-1.8442843033892
"NUDT5",-0.579051383399209,-1.00253041294442
"NUDT6",-0.58399209486166,-0.975696841819884
"NUDT7",-0.646245059288537,-1.27250448151562
"NUDT9",-0.731225296442688,-1.30787450091379
"NUDT9P1",0.0108803218407236,-0.168552236491889
"NUF2",-0.32542053505437,-0.692991644890464
"NUFIP1",0.0820158102766798,0.311867810494
"NUFIP2",0.0276679841897233,0.684422077185605
"NUMA1",-0.0237212757427041,0.0528515644639043
"NUMB",-0.630434782608696,-0.754316321439184
"NUMBL",0.276254023753575,0.393139929603266
"NUP107",-0.757905138339921,-1.50964179026677
"NUP133",-0.771739130434783,-2.61271915844253
"NUP153",-0.545454545454545,-0.764930692904031
"NUP153-AS1",0.00890208150604659,0.00113892940739709
"NUP155",-0.206043227168616,-0.819198281530108
"NUP160",0.086483817811942,0.119902337662692
"NUP188",-0.173461828868524,-0.947673514825991
"NUP205",-0.557312252964427,-0.911605593287148
"NUP210",-0.0880316948931273,-0.0848420906613009
"NUP210L",0.533728704210842,0.660656880143336
"NUP210P1",0.634387351778656,0.800225672455325
"NUP214",-0.635532512606614,-1.3639114101593
"NUP35",-0.510995814957418,-0.502267672418803
"NUP37",-0.653162055335968,-0.914448892906613
"NUP42",-0.825098814229249,-2.0581131723031
"NUP43",-0.646404763988687,-1.55717532571379
"NUP50",-0.870274303810457,-2.62386097548547
"NUP50-DT",0.289525691699605,0.871820598423749
"NUP54",-0.870553359683795,-2.4264512891093
"NUP58",-0.424332551788221,-0.569843418892876
"NUP62",-0.452569169960474,-0.541113509645293
"NUP62CL",0.103286388129691,-0.227221649668203
"NUP85",-0.652173913043478,-1.68176117377586
"NUP88",-0.710474308300395,-1.89390327883437
"NUP93",-0.49802371541502,-1.17541972498054
"NUP98",-0.369565217391304,-0.0585740558065688
"NUPR1",0.126513470627755,0.251364995142498
"NUS1",-0.535573122529644,-1.40514757026106
"NUS1P3",-0.535573122529644,-1.20549246479193
"NUSAP1",0.311341744122991,0.0265416511780451
"NUTF2",-0.24802371541502,-1.16912424921294
"NUTM1",0.56379849538295,0.663735482956058
"NUTM2A-AS1",0.000988142292490119,0.221284556598999
"NUTM2B",0.278656126482213,-0.240435050323274
"NUTM2B-AS1",-0.369565217391304,-0.861199599247272
"NUTM2E",0.077588339408428,-0.29227982996965
"NUTM2F",0.396245059288538,0.0368408639688696
"NVL",-0.66699604743083,-1.89531934846014
"NWD2",-0.695652173913043,-1.32168259830467
"NXF1",-0.58695652173913,-1.21823072309416
"NXF2",0.518408713627013,0.568510435276279
"NXF3",0.249567588543033,0.254844783399189
"NXF5",0.344793733866214,0.409005910496482
"NXNL1",0.715415019762846,1.35901284412714
"NXNL2",0.187747035573123,-0.240387388936907
"NXPE1",0.645256916996047,1.09878925870233
"NXPE3",-0.0781404932197422,-0.199175172466703
"NXPE4",0.598468019258639,0.510474628378305
"NXPH1",-0.540513833992095,-0.734856679483689
"NXPH2",-0.821146245059289,-1.276734858537
"NXPH3",0.589920948616601,0.884213831804855
"NXPH4",0.233753404714563,0.690510029749109
"NXT1",-0.239130434782609,-0.709065486026167
"NXT2",-0.0706696339834726,0.258045967914005
"NYAP1",0.571146245059289,1.76701927519759
"NYAP2",-0.394268774703557,-0.650934221026776
"NYNRIN",0.131422924901186,0.25416182333165
"NYX",0.353754940711462,0.617382134403923
"OAF",0.724981489886394,0.965612791971195
"OARD1",-0.50296442687747,-0.551940374983481
"OAS1",0.382411067193676,0.800389274897521
"OAS2",0.632698975057228,0.95647528951367
"OAS3",0.218379446640316,0.331155604268982
"OASL",0.368577075098814,-0.15555174651061
"OAT",-0.691699604743083,-1.13730026987461
"OAZ1",-0.662055335968379,-1.60000997801339
"OAZ2",-0.818181818181818,-2.13238492504032
"OAZ3",0.112927537967415,0.31209971927195
"OBI1",-0.681818181818182,-1.13141698599361
"OBP2A",0.177865612648221,0.332648142058414
"OBP2B",0.483934809494916,0.662135972068774
"OBSCN",0.586607381387287,1.63414190195698
"OBSCN-AS1",0.56379849538295,0.978893710931101
"OBSL1",0.574110671936759,0.908535069648224
"OCA2",-0.00296442687747036,0.195977071034829
"OCEL1",-0.0681818181818182,-0.204235405067621
"OCIAD1",0.764822134387352,1.78090394129277
"OCIAD2",-0.526679841897233,-0.892928947424676
"OCLN",-0.0879446640316206,-0.157913575639349
"OCM2",0.00592885375494071,-0.0894488205377441
"OCRL",-0.645256916996047,-1.03586675949842
"ODAD1",0.225296442687747,0.446890694982172
"ODAD2",0.104743083003953,-0.715404130547164
"ODAD3",0.59050473990109,0.751468215413055
"ODAD4",-0.0889328063241107,-0.407688600664924
"ODAM",0.264887579126862,0.568867739583086
"ODAPH",0.366963582082587,1.06454336072986
"ODC1",-0.713438735177866,-1.59733120294222
"ODC1-DT",0.550395256916996,0.933222766551351
"ODF1",0.710474308300395,1.01572352798576
"ODF2",-0.732213438735178,-1.48646666254261
"ODF2L",-0.549407114624506,-0.805009778890754
"ODF4",0.267062445181398,-0.499038062445364
"ODR4",-0.368577075098814,-0.837656144278338
"OFCC1",0.569169960474308,0.753922968114895
"OFD1",-0.229249011857707,-0.599498191203675
"OGA",-0.776679841897233,-2.13451941854703
"OGDH",0.0721343873517787,-0.0201425180442065
"OGDHL",-0.612648221343874,-1.84521439874489
"OGFOD1",-0.551383399209486,-0.655943665018274
"OGFOD2",0.372529644268775,0.785874896654742
"OGFOD3",-0.0563241106719368,0.0527265828259117
"OGFR",-0.0187747035573123,-0.512660959666299
"OGFRL1",-0.343873517786561,-0.783381866500405
"OGFRP1",0.682806324110672,0.997425305851556
"OGG1",0.598962212503279,1.4081799979999
"OGN",0.176877470355731,0.216220145354421
"OGT",-0.568322231335619,-1.23896550384675
"OIP5",-0.297430830039526,-1.21951524193153
"OIP5-AS1",-0.775691699604743,-1.42576656759128
"OIT3",0.394366209222456,0.848588880450041
"OLA1",-0.304347826086957,-0.217320206287936
"OLAH",0.619189224753907,0.300437028488118
"OLFM1",-0.545454545454545,-1.01987509660044
"OLFM2",0.474308300395257,0.79965433954975
"OLFM3",-0.25401532774479,-0.185973542196765
"OLFM4",-0.304423038698036,-0.499192324572143
"OLFML1",-0.0900099352278044,-0.204240820082949
"OLFML2A",0.488262925703993,1.05628223036958
"OLFML2B",-0.319169960474308,-0.990411869945722
"OLFML3",-0.353348169917363,0.169731806223384
"OLIG1",-0.129446640316206,-0.00600017897723326
"OLIG2",-0.103754940711462,-0.0549551498305431
"OLIG3",-0.121077344936719,-0.623376001348093
"OLMALINC",0.205533596837945,0.496381785998861
"OLR1",-0.193675889328063,-0.335773554005472
"OMA1",-0.00741289866959503,-0.0753165219966268
"OMD",0.256916996047431,0.51292627739344
"OMG",-0.712450592885375,-1.28532865784042
"OMP",0.257905138339921,-0.105154755663112
"ONECUT1",0.464426877470356,0.93369575895173
"ONECUT2",-0.160118611263253,-0.172677753449007
"ONECUT3",0.0543612569103636,-0.298110542409479
"OOEP",0.255992100723348,0.136125353039885
"OOSP2",0.438735177865613,1.22888653725252
"OPA1",-0.495059288537549,-1.5310255496678
"OPA3",0.292562400826684,0.724042002955082
"OPALIN",-0.396245059288538,-0.836405640955071
"OPCML",-0.365612648221344,-0.30651854531133
"OPHN1",0.303434652208757,-0.230509830313832
"OPLAH",0.291501976284585,0.399976502073865
"OPN1MW",0.576086956521739,0.175941306881487
"OPN1SW",0.329377015723724,0.279468894342145
"OPN3",-0.0741106719367589,0.133671254637066
"OPN4",-0.350148539237832,-0.580095999603799
"OPN5",0.453175205334576,0.806348017287668
"OPRD1",0.146245059288538,0.265505043922642
"OPRK1",-0.326086956521739,-0.765512807675248
"OPRL1",0.591493860068429,1.45303506548891
"OPRM1",0.625494071146245,1.03316000554778
"OPRPN",0.699604743083004,1.87008834501428
"OPTC",0.495675824373588,0.895847505020539
"OPTN",-0.779644268774704,-2.18125068846551
"OR10A3",0.237212757427041,0.465332708335213
"OR10A4",0.33695652173913,0.514927080014178
"OR10A5",0.744071146245059,1.38059456809614
"OR10C1",0.572769970537376,0.494649681787263
"OR10D1P",0.534584980237154,0.438424684099217
"OR10D3",0.405138339920949,0.415273495794768
"OR10H1",0.379046218638626,0.508990861973547
"OR10H2",0.327886097080827,0.149446975737221
"OR10H3",0.613293816597829,1.10443087287678
"OR10J1",0.456140364802414,0.56626863797544
"OR11A1",0.0553359683794466,-0.357893906590726
"OR12D2",0.0450719559431349,-0.239696534894519
"OR12D3",0.0677044745156346,0.179530971755683
"OR13C4",0.258544626399081,0.328188787654455
"OR14J1",0.474919708098722,0.37734265777224
"OR1A1",0.305335968379447,-0.222005081373355
"OR1A2",0.498145322816754,0.389189475502949
"OR1C1",0.173913043478261,0.449563901473122
"OR1D2",0.756115664298693,1.131844091234
"OR1D4",0.270112565002158,0.131369195039856
"OR1E1",-0.293129052125113,-1.25481532867208
"OR1E2",0.197183104611228,0.315918461306472
"OR1E3",0.20573699480641,-0.411362894022853
"OR1F1",0.506053882511021,0.443387194555401
"OR1F2P",0.125525084138476,-0.0808430226173474
"OR1G1",0.551383399209486,0.740346366810206
"OR1I1",0.41699604743083,0.159014354806209
"OR1J2",0.348564376160873,0.364351392299641
"OR1J4",-0.00790513833992095,-0.473005161427668
"OR1Q1",0.706521739130435,1.13425020262978
"OR2A1-AS1",0.441699604743083,0.165707443586173
"OR2A20P",0.258957260191186,-0.116209442363759
"OR2A4",0.427477156613314,0.531268839460226
"OR2A7",0.406226847093808,0.485167940409313
"OR2B2",-0.194664031620553,-1.02598528264995
"OR2B3",0.619871553735061,1.26838809404275
"OR2B6",0.131422924901186,-0.197778007361498
"OR2C1",0.745059288537549,1.37329966451552
"OR2C3",0.388724225764034,0.0616713542137494
"OR2F1",0.662055335968379,1.40031225958066
"OR2F2",0.231225296442688,0.135029230681279
"OR2H1",0.146389784766099,-0.06416174564977
"OR2H2",0.652335082924363,0.979427783098562
"OR2I1P",0.346772464046221,0.435321842179169
"OR2J2",0.00197628458498024,-0.281136207302632
"OR2J3",0.397825561934933,0.241800626902301
"OR2K2",-0.00444773920175702,0.0985351581405035
"OR2L13",-0.66897233201581,-1.1176198983142
"OR2L1P",0.188921951961655,-0.135023062854506
"OR2L2",0.202569169960474,0.462218888416961
"OR2M4",-0.308074248314614,-1.24715395746985
"OR2S2",0.153199905838297,0.186044637487761
"OR2W1",-0.0985639476119103,-0.897819568318013
"OR3A1",0.272908216754586,-0.076121673936796
"OR3A2",0.32814431444074,0.285696763969016
"OR3A3",-0.0573122529644269,-0.642572288965053
"OR4C1P",0.124505928853755,-0.161112242489227
"OR4D1",0.344861660079051,0.116351991395568
"OR4D2",0.571287390803457,0.790908949309969
"OR4F3",0.274548812475967,0.144522587063697
"OR4M2-OT1",0.0256980487212628,-0.572653560423625
"OR51A1P",0.489352664525464,0.339305368125051
"OR51B2",0.472799439987807,0.351043680890984
"OR51B4",0.316283676569388,0.156625931242537
"OR51B5",0.845564641578473,1.53992364996581
"OR51B6",0.233369311674658,-0.328548305275419
"OR51E1",0.145787007168702,-0.0427875798765305
"OR51E2",0.499752903370133,0.795074792435891
"OR51I1",0.553002240751789,1.49337641204988
"OR51I2",0.515937747403814,0.588996351303348
"OR51J1",0.412157166029484,0.0221350621180846
"OR51M1",-0.00395354595711735,-0.373415888646207
"OR52A1",0.702569169960474,1.2659508568778
"OR52D1",0.101803808395772,-0.27769777292626
"OR52K3P",0.590560927344404,0.643135822763967
"OR5AK4P",0.258893280632411,-0.286395364181737
"OR5E1P",0.541501976284585,0.55486533059046
"OR5H1",-0.288114661624927,-1.15341870801423
"OR5I1",0.631422924901186,0.990180748417796
"OR5J2",-0.00543612569103636,-0.473413884050789
"OR5K1",-0.385375494071146,-1.41239220091933
"OR5L2",-0.0884605907905007,-0.332443266881158
"OR5P2",0.481225296442688,0.321437868853711
"OR5P3",0.298986913007,-0.459962572249669
"OR5V1",0.501735070004347,0.714858219613039
"OR6A2",-0.205547930949461,-0.624948585428708
"OR6B1",0.615653200410073,1.27553761657681
"OR6W1P",0.656443737217311,0.886115981328044
"OR7A10",0.424901185770751,0.271168493868698
"OR7A17",-0.312330130612271,-0.607638402737805
"OR7A5",0.475908094588001,0.664053238056515
"OR7C1",0.407517508943466,0.469236705893865
"OR7C2",0.445762306664981,0.575542723634217
"OR7D2",-0.08300395256917,-0.571554295039221
"OR7E104P",0.74802371541502,1.13522793641246
"OR7E12P",0.0583148028674809,-0.105207183562899
"OR7E14P",-0.00691699604743083,0.544289713683782
"OR7E156P",0.144411544431422,-0.225076781034018
"OR7E19P",0.252038554766231,-0.244846199340101
"OR7E24",-0.290738880644178,-1.04611913821684
"OR7E2P",0.451692625600657,0.241326565218861
"OR7E37P",-0.222332015810277,-0.742710711986246
"OR7E47P",-0.408203620072366,-1.3159719397087
"OR8B8",0.301383399209486,0.604976012431381
"OR8D1",0.0988142292490119,0.0721786611006936
"OR8D2",0.425500383634755,0.359237470083421
"OR8G1",0.0228404007170942,-0.608502094064588
"OR8G2P",-0.241106719367589,-1.04038128009343
"OR9A1P",-0.357072380409202,-0.852961909229173
"ORAI1",0.412055335968379,0.901356506183038
"ORAI2",-0.481225296442688,-1.31793775234615
"ORAI3",0.421936758893281,0.384904297673717
"ORC1",0.142821847700864,-0.300065141623795
"ORC2",0.0177865612648221,0.182880061692552
"ORC3",-0.775691699604743,-2.54636192243621
"ORC4",-0.706521739130435,-1.09594695854194
"ORC5",-0.66403162055336,-1.76926362352884
"ORC6",0.481225296442688,1.07713053086698
"ORM1",0.427971349857953,0.546856173218692
"ORM2",0.227272727272727,0.332597678592957
"ORMDL1",-0.779644268774704,-1.23679936547944
"ORMDL2",-0.614282203087108,-1.33100619029903
"ORMDL3",-0.431818181818182,-1.27557168896597
"OS9",0.407709426827727,1.3292857439312
"OSBP",-0.538537549407115,-0.877110455560285
"OSBP2",0.557449979953546,1.32792394972268
"OSBPL10",0.294466403162055,0.938893168800894
"OSBPL11",-0.530632411067194,-0.893402166209453
"OSBPL1A",-0.540513833992095,-0.716431596278468
"OSBPL2",-0.659090909090909,-1.90345650248471
"OSBPL3",-0.744749219671981,-1.48749572120434
"OSBPL5",0.644268774703557,1.27317121250168
"OSBPL6",-0.741106719367589,-1.54864400896107
"OSBPL7",0.690711462450593,1.43848843666886
"OSBPL8",-0.381422924901186,-0.0196751070940295
"OSBPL9",-0.75,-1.55742454927315
"OSCAR",0.0712166520483727,0.38804902931137
"OSCP1",-0.603754940711463,-1.20847762684356
"OSER1",-0.612648221343874,-1.51291471761496
"OSER1-DT",0.484309379746875,0.43505063816883
"OSGEP",-0.742772446693422,-2.51899769408429
"OSGEPL1",-0.520750988142292,-0.514252002425691
"OSGIN1",0,-0.198115851199572
"OSGIN2",0.0306324110671937,0.0849778659065284
"OSM",0.663701527551075,1.37891272919857
"OSMR",-0.0405138339920949,0.0290351781560656
"OSR1",0.147233201581028,0.11928338529612
"OSR2",-0.0395354595711735,-0.642556361042128
"OST4",-0.451581027667984,-0.755351001534363
"OSTC",-0.661067193675889,-1.58019875239406
"OSTCP1",-0.157153451795415,-0.200608298617101
"OSTF1",-0.619565217391304,-1.90410396287181
"OSTM1",-0.652173913043478,-0.927068131184191
"OSTM1-AS1",-0.0909090909090909,-0.745813375685076
"OTC",0.477272727272727,0.945686938580638
"OTOA",0.566205533596838,1.12306163402956
"OTOF",0.49320485815039,0.718388461651143
"OTOGL",-0.450049676139022,-0.950634071170226
"OTOP2",0.196640316205534,-0.196853213320955
"OTOR",0.13491475578663,-0.550126057194189
"OTOS",0.300395256916996,0.577720781166748
"OTP",0.212450592885376,0.0377771946713122
"OTUB1",0.513833992094862,1.31858991518387
"OTUB2",0.140350881477666,-0.629936265192717
"OTUD1",-0.0607857690906793,0.0771239229424804
"OTUD3",-0.799407114624506,-1.76421762025786
"OTUD4",-0.0879446640316206,0.0253978810840854
"OTUD5",0.624505928853755,0.721283697717709
"OTUD6B",0.00494071146245059,0.487898605002538
"OTUD6B-AS1",0.211462450592885,0.40759421904749
"OTUD7A",-0.197628458498024,0.081732372259389
"OTUD7B",-0.0780632411067194,0.325432612253157
"OTULIN",0.185322466739876,0.0846394360901283
"OTULINL",-0.636993387766,-1.3803847576503
"OTX1",0.66600790513834,1.2265664603179
"OTX2",-0.0192735365409471,-0.14982111692183
"OTX2-AS1",0.0682155298368727,-0.0253709978794012
"OVAAL",0.594514473301522,0.828169798522295
"OVCH1-AS1",0.491106719367589,0.799158033419558
"OVGP1",-0.115612648221344,-0.35762503803824
"OVOL1",0.442136714800314,0.381309497482915
"OVOL1-AS1",0.629602193670938,0.991404437309941
"OVOL2",0.297725170368891,0.171274534116741
"OVOL3",0.454657785068495,1.20893875052445
"OVOS2",0.0242154689873438,-0.357752418174954
"OXA1L",-0.738142292490119,-2.38391415817326
"OXCT1",-0.641304347826087,-1.21580700170014
"OXCT2",0.38476774509468,-0.0310290040253754
"OXER1",0.726284584980237,0.884353263477056
"OXGR1",0.236166007905138,-0.26722788800313
"OXLD1",-0.489130434782609,-0.646424073463818
"OXNAD1",-0.413145552518763,-0.853430494986756
"OXR1",-0.642292490118577,-0.750847897998213
"OXSM",-0.805335968379447,-1.76554106333382
"OXSR1",-0.785573122529644,-2.1845343379527
"OXT",0.659090909090909,1.15518993659373
"OXTR",-0.134387351778656,0.0455923647857516
"P2RX1",0.599802371541502,1.06061355745059
"P2RX2",0.262845849802372,0.180470652790158
"P2RX3",0.302371541501976,-0.0080862582776178
"P2RX4",0.666343864398705,0.95399366990542
"P2RX5",-0.682806324110672,-1.16813192736353
"P2RX6",0.452569169960474,0.536663695070427
"P2RX7",0.24802371541502,0.446019714537878
"P2RY1",0.00988142292490119,-0.0199260567314844
"P2RY10",0.10476896786361,-0.185832816623786
"P2RY11",0.428926525788514,0.611934805042113
"P2RY12",-0.523715415019763,-0.734024351820412
"P2RY13",-0.0168150428447547,0.230936943869616
"P2RY14",-0.0355731225296443,0.286891682573487
"P2RY2",0.463438735177866,0.583718890262008
"P2RY4",0.680830039525692,1.0511080098664
"P2RY6",0.58102766798419,1.26311887997979
"P2RY8",0.755928853754941,1.20335967699482
"P3H1",-0.0365612648221344,0.24790657518204
"P3H2",0.0444664031620553,0.259672188953751
"P3H3",0.0435212873628944,-0.487196815791628
"P3H4",0.36498534174791,0.806580502058256
"P3R3URF",0.351371396938805,0.336757332409095
"P4HA1",-0.343873517786561,-0.440236227678698
"P4HA2",-0.317193675889328,-0.520127169612235
"P4HA3",0.492581843334578,0.5342942134937
"P4HA3-AS1",0.692687747035573,1.4754015761309
"P4HB",-0.702248600632969,-1.83004471499905
"P4HTM",-0.800395256916996,-2.62314043697238
"PA2G4",0.510386006346671,0.896360964960336
"PAAF1",-0.695652173913043,-2.34458976664739
"PABIR1",-0.802371541501976,-1.4949444111904
"PABIR2",-0.195652173913043,0.161411569715933
"PABIR3",0.453557312252964,0.210663350257023
"PABPC1",-0.136363636363636,0.277720898260769
"PABPC1L",0.462450592885375,0.910109848072075
"PABPC1L2B",-0.136363636363636,0.145870347509944
"PABPC3",0.635375494071146,3.14488095723642
"PABPC4",-0.636363636363636,-1.3489800061403
"PABPC4L",0.141374214009751,0.0124264694003082
"PABPC5",-0.525821612296608,-1.00923986765596
"PABPN1",0.269762845849802,0.217253655500337
"PACC1",-0.602766798418972,-1.3552986660131
"PACRG",-0.540513833992095,-0.823071365731831
"PACRG-AS1",-0.054401609203618,-0.401014228436653
"PACRG-AS2",0.182987230957624,-0.0945796608417946
"PACRG-AS3",0.453557312252964,0.649242367051842
"PACRGL",-0.274703557312253,-0.514803847697437
"PACS1",0.541048731534165,1.33930203259981
"PACS2",0.50296442687747,1.45849154468545
"PACSIN1",0.136363636363636,0.41473158765506
"PACSIN2",-0.452569169960474,-1.92168054691003
"PACSIN3",0.309594612376953,0.443407986812328
"PADI1",0.779644268774704,1.35873374591013
"PADI2",-0.406126482213439,-1.02331111770025
"PADI3",0.514342487016025,0.535318320580651
"PADI4",0.243637269607357,0.396633624211549
"PAEP",0.258160363675351,0.272283017811722
"PAF1",-0.766798418972332,-1.57204874006055
"PAFAH1B1",-0.788537549407115,-1.39071390968651
"PAFAH1B2",-0.592885375494071,-0.532448434154788
"PAFAH1B2P2",-0.218927607375373,-1.03648323593182
"PAFAH1B3",-0.579688675962332,-0.889208846933687
"PAFAH2",0.177909568070281,-0.0736481443064313
"PAG1",-0.407114624505929,-0.335015111776822
"PAGE1",0.55201385426251,1.31716885688277
"PAGE4",0.174085149451578,-0.00999689107262203
"PAGE5",-0.271739130434783,-0.638230755262152
"PAGR1",0.809288537549407,2.28913470930364
"PAH",-0.16798418972332,0.0377597944732657
"PAICS",-0.643280632411067,-0.869991936222809
"PAIP1",-0.390316205533597,-0.135090732529732
"PAIP2",-0.766798418972332,-1.73060078333393
"PAIP2B",-0.202569169960474,-0.310763657942371
"PAK1",-0.778354360307478,-2.41088094768803
"PAK1IP1",0.563241106719368,1.8528851323987
"PAK2",-0.710474308300395,-2.06856832072054
"PAK3",0.178853754940711,0.805186434944613
"PAK4",0.763833992094862,1.82812588946343
"PAK5",0.287549407114625,1.03776332219923
"PAK6",0.1699604743083,0.292743954764148
"PAK6-AS1",0.701581027667984,1.00489880897246
"PALB2",-0.75296442687747,-1.10841967357649
"PALD1",0.459940877812407,0.850457554829634
"PALLD",-0.104743083003953,-0.370502659410005
"PALM",0.512972587935976,0.933806596011865
"PALM2AKAP2",-0.116600790513834,0.0362547952895225
"PALM3",0.0929083299922577,0.48431773217264
"PALMD",-0.10427477461897,-0.440584869836009
"PALS1",-0.341897233201581,0.0240553167171905
"PALS2",-0.430267272792252,-0.715266120534003
"PAM",-0.792490118577075,-1.38161565271669
"PAM16",0.425994576879395,0.75146072289386
"PAMR1",-0.267786561264822,-0.537657351230745
"PAN2",-0.551383399209486,-1.11369643713018
"PAN3",-0.444664031620553,-0.692860948172744
"PAN3-AS1",-0.397233201581028,-0.72994180278388
"PANK1",-0.436758893280632,-0.614741459677108
"PANK2",-0.739130434782609,-1.897615454075
"PANK3",-0.686758893280632,-1.12873656426845
"PANK4",-0.520750988142292,-1.47771881784459
"PANTR1",0.024703557312253,0.140113481952452
"PANX1",-0.487154150197628,-0.532220566398305
"PANX2",0.612456822231053,0.884169687765559
"PANX3",0.0469483582407685,0.339693366601048
"PAOX",-0.172967635623884,-0.460870185257159
"PAPLN",-0.296442687747036,-0.784961804428581
"PAPLN-AS1",0.120386872471213,-0.00627049554767257
"PAPOLA",-0.243083003952569,-0.0609341824549232
"PAPOLA-DT",0.309859164389072,-0.351868641077654
"PAPOLB",-0.104326357493567,-0.58263739454963
"PAPOLG",0.281620553359684,1.20847218370748
"PAPPA",0.49802371541502,0.432573334896966
"PAPPA2",0.567193675889328,0.462347776549505
"PAPSS1",-0.558300395256917,-0.761683484188582
"PAPSS2",0.227272727272727,0.740977636433431
"PAQR3",-0.263833992094862,-0.0397377442737311
"PAQR4",-0.339016565822813,-1.16630728657488
"PAQR5",0.727272727272727,1.0626992587724
"PAQR6",-0.0839920948616601,-0.211771913732773
"PAQR7",-0.25197628458498,-0.667231494150508
"PAQR8",-0.178853754940711,-0.345448029078685
"PAQR9",-0.5800395256917,-0.969597210409549
"PARAIL",-0.00889547840351404,0.285984466669859
"PARD3",-0.197628458498024,-0.373645013964433
"PARD3-DT",0.0306324110671937,-0.12000050595253
"PARD3B",0.520750988142292,0.884245529443426
"PARD6A",-0.241106719367589,-0.669491579100007
"PARD6B",-0.00790513833992095,0.472750600685417
"PARD6G",-0.11910057195816,-0.718511863774226
"PARD6G-AS1",0.679515711379545,1.41054065523843
"PARG",-0.421936758893281,-0.265193843367314
"PARGP1",0.281899247691475,0.934118652718819
"PARK7",-0.852766798418972,-2.86270723826352
"PARL",-0.772424041371802,-2.16363484696672
"PARM1",0.314229249011858,1.14934629942034
"PARM1-AS1",0.485297766236155,0.631657984027336
"PARN",-0.8300395256917,-2.02283451005981
"PARP1",-0.826086956521739,-3.34457802115063
"PARP10",0.637351778656126,0.734484200042692
"PARP11",0.74604743083004,2.2152937058516
"PARP11-AS1",0.299407114624506,0.0421687168547859
"PARP12",0.149209486166008,-0.0521378868214405
"PARP14",-0.0133432176052711,0.511024250630833
"PARP15",-0.290513833992095,-0.835310990361006
"PARP16",0.409192006561646,0.891717760436043
"PARP2",-0.773715415019763,-1.81764735889236
"PARP3",0.0999011369011894,0.0105686792187812
"PARP4",0.20573699480641,0.483901095738384
"PARP6",-0.672924901185771,-2.68699256238212
"PARP8",-0.210474308300395,-0.228837657770893
"PARP9",0.08300395256917,0.151380795447191
"PARPBP",-0.415616518741961,-1.23986692901215
"PARS2",0.406126482213439,0.715446376120557
"PART1",0.147269586902621,0.0975626581379495
"PARTICL",-0.395256916996047,-0.768528815184863
"PARVA",-0.180830039525692,-0.780172507916062
"PARVB",-0.530269351498365,-0.931424912976207
"PARVG",0.471810319820469,0.976821049021326
"PASD1",0.35806150057654,0.029535422432846
"PASK",0.0632411067193676,-0.101527844409607
"PATE1",0.138339920948617,0.0874839853591579
"PATE2",0.307312252964427,0.759678063900828
"PATJ",0.283596837944664,-0.0836375413382361
"PATL1",-0.210474308300395,0.351972420244331
"PATL2",0.399209486166008,0.0930968616081814
"PATZ1",-0.450592885375494,-1.24780072037231
"PAWR",0.534584980237154,0.577309487458785
"PAX1",0.800395256916996,1.86450394567087
"PAX2",0.50197628458498,0.682355768884411
"PAX3",0.547972572705534,0.616724257316106
"PAX4",0.613636363636364,1.12584233846883
"PAX5",0.534584980237154,0.913573130392617
"PAX6",0.110671936758893,0.408186513682029
"PAX7",-0.382411067193676,-1.19700026263231
"PAX8",0.58300395256917,0.549546613758391
"PAX8-AS1",-0.395848788956375,-1.21076081292183
"PAX9",0.395256916996047,0.712798871911341
"PAXBP1",-0.685770750988142,-1.00683831351495
"PAXBP1-AS1",-0.229799858757446,-0.218360025052436
"PAXIP1",0.0400296528158132,0.171832321958729
"PAXIP1-AS2",0.196688911366588,-0.00710469672957677
"PAXIP1-DT",0.0276679841897233,-0.202501685843805
"PAXX",0.521739130434783,0.720868863116124
"PBDC1",-0.793478260869565,-1.29928607053431
"PBK",-0.217391304347826,-0.872147222538205
"PBLD",-0.627470355731225,-0.926473904285265
"PBOV1",0.203113423546904,-0.0508243271516271
"PBRM1",-0.43818023413096,-0.251151727236796
"PBX1",0.529644268774703,2.43486380310035
"PBX2",0.49172227841647,0.810312601051914
"PBX3",-0.222332015810277,-0.303505455004421
"PBX3-DT",0.461919118147084,0.588356434292504
"PBX4",0.451581027667984,0.787717351266333
"PBXIP1",-0.099802371541502,0.113534456661532
"PC",-0.359683794466403,-0.539026993758722
"PCA3",-0.466403162055336,-1.48352648607407
"PCARE",0.346429464492408,0.287627312619097
"PCAT18",0.0856862459138717,-0.224395279506873
"PCAT19",0.62614284095846,0.820150641990901
"PCAT4",0.438349407995386,0.550034613229199
"PCAT6",0.603754940711463,1.80725319304484
"PCAT7",-0.136498583092714,-0.54781044902924
"PCBD1",-0.377470355731225,-0.774035967643636
"PCBD2",-0.214974061418256,-0.190863272672787
"PCBP1",-0.74901185770751,-1.84974501294179
"PCBP1-AS1",0.0948616600790514,0.241250592968613
"PCBP2",0.598814229249012,3.33856946212113
"PCBP3",-0.23430551552665,-0.407603273924429
"PCBP4",0.456521739130435,0.392618627692329
"PCCA",-0.711462450592885,-1.42834815505593
"PCCA-DT",0.244071146245059,-0.0937107251679928
"PCCB",-0.699604743083004,-1.33723299808529
"PCDH1",0.444773920175702,0.422313487772388
"PCDH10",-0.0197628458498024,0.723881792236419
"PCDH10-DT",-0.251050168276952,-0.124480027563193
"PCDH11X",-0.00790513833992095,0.0308964544085787
"PCDH11Y",0.546442687747036,0.325225087602735
"PCDH12",0.354743083003953,0.126026070913632
"PCDH15",-0.323776609008345,-0.916689081494519
"PCDH17",0.310276679841897,1.61052040311993
"PCDH18",-0.153694099082937,-0.215353197301459
"PCDH19",-0.133399209486166,0.125699845197756
"PCDH20",-0.134387351778656,-0.450423229905278
"PCDH7",-0.595849802371542,-0.478134129963691
"PCDH8",-0.194664031620553,-0.384187575608351
"PCDH9",0.0770750988142292,0.443715420742875
"PCDHA10",0.662055335968379,3.2567511970711
"PCDHA12",-0.713155640651065,-0.96572134390939
"PCDHA2",0.520385486605571,1.04400993448684
"PCDHA3",0.24530180149995,0.435030158621122
"PCDHA5",0.349802371541502,0.798467732058709
"PCDHA6",0.00197628458498024,0.0799574989718654
"PCDHA9",-0.738142292490119,-0.927954499195203
"PCDHAC1",-0.145787007168702,-0.649795403540477
"PCDHAC2",0.489372279264522,0.867753099505918
"PCDHB1",0.445652173913043,-0.112854319756649
"PCDHB10",-0.0859683794466403,0.696901607395387
"PCDHB11",0.523244568522071,0.766387693724212
"PCDHB12",0.769762845849802,2.05252789091404
"PCDHB13",0.234741791203843,0.089954003405338
"PCDHB14",-0.0741106719367589,0.114126338755297
"PCDHB15",0.182357307272038,-0.149574233576681
"PCDHB16",0.315217391304348,1.10666721229488
"PCDHB17P",0.0989120167338509,-0.523791099353827
"PCDHB18P",0.10378058137433,0.619253796314304
"PCDHB2",0.0909090909090909,0.315410602617956
"PCDHB3",0.397233201581028,0.905881610913261
"PCDHB4",-0.126482213438735,0.205819185869178
"PCDHB5",-0.16304347826087,0.101806570636918
"PCDHB6",0.458498023715415,0.97259678215531
"PCDHB7",0.0573689697056335,0.27787773496679
"PCDHB8",0.22386953982177,0.110443834252922
"PCDHB9",0.785573122529644,1.04101262986252
"PCDHGA1",0.726284584980237,2.54721693467947
"PCDHGA10",0.646884589439385,1.48683320648153
"PCDHGA11",0.700297078475665,1.34481316111451
"PCDHGA3",0.571428641242209,1.31730843429751
"PCDHGA4",0.50098814229249,1.29074139964163
"PCDHGA8",0.654150197628458,0.650433024002815
"PCDHGA9",-0.111715287993719,-0.397538773223451
"PCDHGB5",0.0622529644268775,-0.346879750141992
"PCDHGB6",0.0603363302076491,-0.539431819460899
"PCDHGB7",0.548060308305393,0.506328441868549
"PCDHGB8P",0.506090814848257,0.28841885162211
"PCDHGC3",0.792490118577075,3.37966053208468
"PCDHGC4",0.303359683794466,0.270657563254628
"PCDHGC5",0.529644268774703,1.02641465449681
"PCED1A",0.4199604743083,0.688494665101484
"PCED1B",0.74604743083004,1.26284550628906
"PCED1B-AS1",-0.50753646224494,-1.78081272772658
"PCF11",0.283596837944664,0.598893170874112
"PCF11-AS1",0.610671936758893,2.44090189712599
"PCGEM1",0.184782608695652,-0.0516350425195454
"PCGF1",0.242094861660079,0.490808242658282
"PCGF2",-0.0691699604743083,0.364144951008739
"PCGF3",-0.75395256916996,-1.54802285453677
"PCGF3-AS1",0.332592053642497,0.0944859190255961
"PCGF5",-0.565217391304348,-0.979194154506588
"PCGF6",-0.511857707509881,-1.13497548886208
"PCID2",-0.866814951097979,-1.20219938835809
"PCIF1",0.453557312252964,1.03756682511499
"PCK1",0.115612648221344,0.269411337159239
"PCK2",-0.347417850981687,-0.791213553687583
"PCLAF",-0.271018925850752,-0.736213150041045
"PCLO",-0.505928853754941,-1.42060142501321
"PCM1",-0.681818181818182,-2.00365487333466
"PCMT1",-0.643280632411067,-0.496299062194134
"PCMTD1",-0.53768225016796,-1.21521520163642
"PCMTD2",-0.710474308300395,-1.11565526942703
"PCNA",-0.776679841897233,-1.45722450540346
"PCNP",-0.642451218031569,-1.2123655787953
"PCNT",-0.532608695652174,-1.05485238214314
"PCNX1",-0.279644268774704,-0.0191123542220216
"PCNX2",-0.523844839318049,-2.14846217716068
"PCNX3",-0.0827144685989398,-0.539982467868943
"PCNX4",-0.0197628458498024,0.468505837978679
"PCOLCE",0.492819738059551,0.904216956124039
"PCOLCE-AS1",0.658102766798419,1.128657436156
"PCOLCE2",-0.0958498023715415,0.333253985347075
"PCOTH",0.526315805541247,1.09797770896134
"PCP2",-0.0861815421330271,-0.671678044320884
"PCP4",-0.33498023715415,-0.361302528573769
"PCP4L1",-0.473320158102767,-0.588012007187189
"PCSK1",-0.320158102766798,-0.132161944630557
"PCSK1N",-0.309288537549407,-0.326752061571306
"PCSK2",-0.126482213438735,0.401172574590591
"PCSK4",0.650197628458498,1.01143890631613
"PCSK5",0.809288537549407,1.75836070780749
"PCSK6",0.215468254662896,-0.266518725152769
"PCSK7",-0.312252964426877,-0.795859886150303
"PCSK9",0.372127513213671,0.522253045900601
"PCTP",-0.510650401949143,-0.91240260538222
"PCYOX1",-0.574110671936759,-0.39578863028477
"PCYOX1L",-0.74703557312253,-3.16752331355055
"PCYT1A",-0.49802371541502,-1.2268062058152
"PCYT1B",0.581602658395044,1.68312245096103
"PCYT2",-0.423523610656196,-0.926543872076144
"PDAP1",0.384976537574302,0.786794223186503
"PDC",0.245059288537549,-0.412600666126685
"PDCD1",0.378458498023715,0.259668877755056
"PDCD10",-0.621541501976285,-0.566252295338134
"PDCD11",-0.305411425187315,-0.999194825566673
"PDCD1LG2",0.690711462450593,1.27788155155463
"PDCD2",-0.715415019762846,-1.58947914132288
"PDCD2L",-0.212450592885376,-0.186614832694869
"PDCD4",-0.430936509325791,-0.846991169337491
"PDCD4-AS1",-0.0261922419659024,-0.348442813835648
"PDCD5",-0.469367588932806,-0.680969633234415
"PDCD6",0.756916996047431,2.11463567368174
"PDCD6-AHRR",-0.273715415019763,-0.720636132462175
"PDCD6IP",-0.876482213438735,-2.12687603396105
"PDCD6P1",-0.0118577075098814,-0.154231598382738
"PDCD7",0.393280632411067,1.08724807429655
"PDCL",0.491106719367589,1.43728757162197
"PDCL2",-0.00692041607040738,-0.515493078053966
"PDCL3",-0.624505928853755,-1.15064007466385
"PDE10A",-0.351778656126482,-0.546884111120408
"PDE11A",0.53768225016796,0.8568666768642
"PDE11A-AS1",0.517089252798162,1.08541158073782
"PDE12",0.0207509881422925,-0.138236176257531
"PDE1A",0.0138408321408148,0.684718893239435
"PDE1B",0.105263161108249,-0.466559324437092
"PDE1C",0.08300395256917,0.446259697208455
"PDE2A",-0.242094861660079,-0.205731220066119
"PDE3A",0.514822134387352,0.868810666142596
"PDE3B",0.00593472100403106,0.228788539847654
"PDE4A",-0.0123548311159917,-0.190410492782947
"PDE4B",-0.496047430830039,-0.90997859695545
"PDE4C",0.789525691699605,1.97545785874602
"PDE4D",-0.3625568324217,-0.347017718081229
"PDE4DIP",-0.798418972332016,-2.23826670047327
"PDE4DIPP2",-0.519762845849802,-0.506537363497577
"PDE4DIPP6",0.45796263747773,0.539330772876653
"PDE5A",0.735177865612648,1.25433368600677
"PDE6A",0.311835937367631,0.561703003505446
"PDE6B",0.604352422243829,1.05733212044875
"PDE6B-AS1",0.304917231942676,0.438280198675466
"PDE6C",0.309288537549407,-0.138282184617777
"PDE6D",-0.33300395256917,-0.234711733846176
"PDE6G",0.827075098814229,1.16561295191795
"PDE6H",-0.139856688233026,-0.841582584931349
"PDE7A",-0.643933797765488,-1.15646473095761
"PDE7B",-0.242094861660079,0.0992300694811383
"PDE7B-AS1",0.24419182419866,0.167111730566846
"PDE8A",-0.25401532774479,-0.17385998310322
"PDE8B",-0.0859683794466403,-0.408210825562472
"PDE9A",0.105731225296443,0.01596483040457
"PDE9A-AS1",0.207715235141087,-0.43538175671725
"PDF",-0.605731225296443,-1.51762665371943
"PDGFA",-0.708498023715415,-3.92063383696019
"PDGFB",0.672597005954589,0.968881021905413
"PDGFC",-0.228260869565217,-0.236338549606459
"PDGFD",0.584136415164089,1.11639311780546
"PDGFRA",0,0.188345441748877
"PDGFRB",0.356083260241863,0.833251087369627
"PDGFRL",-0.317193675889328,-0.942023992048579
"PDHA1",-0.62713122744774,-1.56266750200567
"PDHA2",0.00296515946783801,-0.236435370097982
"PDHB",-0.601778656126482,-0.922984319709539
"PDHX",-0.441314567463224,-0.72677092236347
"PDIA2",0.181818181818182,-0.249286526500505
"PDIA3",-0.590909090909091,-0.802197742227175
"PDIA4",-0.262676431395925,-0.855417376402046
"PDIA5",-0.225296442687747,-0.442770739532462
"PDIA6",-0.734189723320158,-1.07218823965937
"PDIK1L",-0.628458498023715,-0.939648740624783
"PDILT",0.610671936758893,1.13445802805991
"PDK1",-0.738872765001866,-1.88379615113471
"PDK2",0.0232270824980644,0.219166531148706
"PDK3",-0.653162055335968,-1.8629575102399
"PDK4",-0.033596837944664,0.102158569089486
"PDLIM1",0.389328063241107,0.588033162686394
"PDLIM2",0.27200804601809,0.440245309977232
"PDLIM3",-0.443291340441783,-1.6230236946971
"PDLIM4",0.47689648107728,0.818903615641637
"PDLIM5",-0.226284584980237,-0.0893445162285663
"PDLIM7",0.168519896422127,-0.338315664473834
"PDP1",-0.700592885375494,-0.78872864971988
"PDP2",-0.407810232720435,-0.47707910960166
"PDPK1",-0.50296442687747,-0.323035645719776
"PDPN",0.389328063241107,0.133505163718131
"PDPR",-0.33399209486166,-0.799042109940392
"PDPR2P",-0.474777680322484,-1.18192519724265
"PDRG1",-0.301383399209486,-0.880266169906418
"PDS5A",-0.565217391304348,-1.04245708441741
"PDS5B",-0.538537549407115,-0.48274559410902
"PDSS1",0.121541501976285,0.197010486280589
"PDSS2",-0.451581027667984,-0.07490465336607
"PDX1",0.344861660079051,0.153088674654837
"PDXDC1",-0.74703557312253,-2.53147662881041
"PDXDC2P-NPIPB14P",0.394268774703557,0.488676900270913
"PDXK",-0.504940711462451,-1.18484360401959
"PDXP",-0.594861660079051,-1.1584890570673
"PDXP-DT",-0.122529644268775,-0.502783711985834
"PDYN",-0.455533596837945,-0.972783216439024
"PDZD11",-0.737154150197628,-1.86567487801498
"PDZD2",-0.236166007905138,-0.0651501169832043
"PDZD4",0.165554736954289,0.0374601224355203
"PDZD7",0.230237154150198,0.464670248791623
"PDZD8",-0.579688675962332,-0.438428253004881
"PDZD9",0.0711638272281123,-0.0880701422157492
"PDZK1",-0.429278152624913,-1.01211992110316
"PDZK1IP1",0.200592885375494,0.382926490535418
"PDZRN3",-0.5800395256917,-0.862967012168508
"PDZRN3-AS1",0.356807522629841,0.000804131047352802
"PDZRN4",-0.420948616600791,-0.754953833923176
"PEA15",-0.61181123686391,-1.42737334127128
"PEAK1",-0.530632411067194,-0.75304554149617
"PEAR1",-0.0785767258977073,-0.45701279868691
"PEBP1",-0.83300395256917,-3.00827183718775
"PEBP4",0.0652335082924363,0.204874947763307
"PECAM1",0.357707509881423,0.563494855471564
"PECR",0.650197628458498,1.11268660036102
"PEDS1",-0.679841897233202,-2.77814992752197
"PEDS1-UBE2V1",-0.74604743083004,-2.11943913134611
"PEF1",-0.807312252964427,-3.20415248935441
"PEG10",-0.156126482213439,0.0575862906396855
"PEG3",-0.475296442687747,-0.248809596768342
"PEG3-AS1",0.484189723320158,1.34788342381807
"PELATON",0.713438735177866,1.81411900860298
"PELI1",-0.194664031620553,-0.287364623377646
"PELI2",-0.182806324110672,0.0369261911882881
"PELI3",-0.448616600790514,-0.928557855089142
"PELO",-0.66600790513834,-1.64315787501172
"PELP1",0.0480437332580668,0.181200743716981
"PELP1-DT",0.485791959480794,0.710536205034479
"PEMT",-0.241106719367589,-0.104290166837572
"PENK",-0.16699604743083,0.0540710879532199
"PEPD",-0.522727272727273,-1.02290373402622
"PER1",0.739130434782609,1.40559502845093
"PER2",-0.6699604743083,-0.665488751984387
"PER3",-0.591055120589044,-0.562658581259139
"PER3P1",0.0722057722157112,-0.401633159783658
"PERM1",0.362648221343874,-0.00400727959497755
"PERP",-0.25197628458498,-0.0393281820997596
"PES1",-0.319169960474308,-0.67386560070159
"PET100",-0.844861660079052,-2.31929104884239
"PET117",-0.626482213438735,-0.761520522678952
"PEX1",-0.162095384241811,0.311366412710165
"PEX10",0.0296442687747036,-0.385415611642848
"PEX11A",-0.149209486166008,-0.55832495046617
"PEX11B",-0.74703557312253,-1.02770699631404
"PEX11G",0.520019836147755,0.700446088285965
"PEX12",-0.450592885375494,-0.761873703728455
"PEX13",0.109710900310006,0.958896196188896
"PEX14",0.279644268774704,1.44450486006107
"PEX16",0.477272727272727,0.446870659096757
"PEX19",-0.606719367588933,-1.37030145333619
"PEX2",-0.00395354595711735,-0.418597700287687
"PEX26",0.112676059777844,0.0996628428128077
"PEX3",-0.268774703557312,-0.271957458301854
"PEX5",-0.515810276679842,-1.45465260043551
"PEX5L",0.471343873517787,1.44168153352955
"PEX5L-AS2",-0.115404019063191,-0.689194520787955
"PEX6",-0.185770750988142,-0.73829258199677
"PEX7",-0.478873254055839,-0.916722097809056
"PF4",0.539164829901879,0.484254589446186
"PF4V1",-0.166543123443568,-0.684371564337753
"PFAS",-0.348170298903155,-0.477151395212006
"PFDN1",-0.653323469413642,-1.67599397788394
"PFDN2",-0.854743083003953,-2.50084860151094
"PFDN4",-0.369656546990472,-0.504884569743774
"PFDN5",-0.847047221312392,-3.59872488094591
"PFDN6",-0.724308300395257,-2.15289415333533
"PFKFB1",0.779644268774704,1.54373012688664
"PFKFB2",-0.432806324110672,-0.648721671028447
"PFKFB3",0.364624505928854,0.964476412801619
"PFKFB4",0.0118577075098814,-0.280955361848604
"PFKL",0.386363636363636,1.15745765375099
"PFKM",-0.785573122529644,-2.45534504981049
"PFKP",-0.657114624505929,-1.40879549476991
"PFN1",-0.721343873517787,-2.11942009882555
"PFN2",-0.697628458498024,-1.565274980015
"PFN4",0.233259211469924,0.211166402865013
"PGA5",0.156513605253084,0.192834073800984
"PGAM1",-0.645256916996047,-1.30612093536633
"PGAM2",0.416110711986601,0.963882105309339
"PGAM5",0.0395256916996047,-0.456119653038099
"PGAP1",-0.283596837944664,-0.193787780356559
"PGAP2",0.0286561264822134,-0.120810207778275
"PGAP3",0.305335968379447,0.0368718762934027
"PGAP4",-0.638339920948617,-1.42794624676766
"PGAP6",0.739130434782609,1.08277713528389
"PGBD1",0.265381772371502,0.636136195036291
"PGBD2",0.441699604743083,0.323829586421507
"PGBD3",-0.350148539237832,-1.08542304447733
"PGBD4",0.64195702478693,1.83395083269622
"PGBD5",-0.300395256916996,-0.509887090146035
"PGC",0.537549407114625,1.04652007849125
"PGD",-0.74703557312253,-1.7426303382114
"PGF",0.770750988142292,1.84955187741844
"PGGHG",0.625154454469181,0.68676790553741
"PGGT1B",-0.522727272727273,-0.922389604121632
"PGK1",-0.698616600790514,-1.03921131081816
"PGK2",0.0484189723320158,-0.308316393037997
"PGLS",-0.176877470355731,-0.0546807805224181
"PGLYRP1",0.446640316205534,0.739254585422082
"PGLYRP2",0.0420168118560448,-0.650252296740559
"PGLYRP3",0.535114010530134,0.857408120623729
"PGLYRP4",0.659747981593958,1.36468384555476
"PGM1",-0.58201581027668,-1.16862499489947
"PGM2",0.137351778656126,0.322268362088119
"PGM2L1",-0.599802371541502,-0.857327282704813
"PGM3",-0.317193675889328,-0.303529698410757
"PGM5",0.0731225296442688,0.235673100165601
"PGM5-AS1",0.485791959480794,1.26199143733847
"PGM5P2",-0.0890208150604658,0.0646049059964555
"PGP",0.0158102766798419,0.139462675730405
"PGPEP1",0.708673112813285,1.25018417489679
"PGR",0.0662055335968379,-0.491528679249857
"PGRMC1",-0.687747035573123,-1.74449115432092
"PGRMC2",-0.641304347826087,-0.984213723075434
"PGS1",-0.423913043478261,-1.06014413301465
"PHACTR1",-0.694664031620553,-1.05975194924035
"PHACTR2",-0.20854954923794,0.266225076721413
"PHACTR2-AS1",0.378458498023715,0.225154388088329
"PHACTR3",-0.684782608695652,-2.24628242274756
"PHACTR4",-0.0948616600790514,-0.0946496634327523
"PHAF1",-0.477272727272727,-1.11743450613624
"PHAX",-0.211462450592885,0.153177889140069
"PHB1",-0.880434782608696,-2.47288545014372
"PHB1P19",-0.269762845849802,-0.753547868008272
"PHB2",-0.712166520483727,-2.41043474632055
"PHC1",-0.75,-2.00395579526546
"PHC2",-0.135375494071146,-0.817856698309568
"PHC2-AS1",0.721343873517787,0.940203247502359
"PHC3",-0.536561264822134,-0.568477095966219
"PHETA1",0.391304347826087,0.240004227454127
"PHETA2",0.673590833957525,1.18204397676655
"PHEX",0.548961692872873,0.898032550697746
"PHEX-AS1",0.593031893567603,1.07441165209719
"PHF1",0.724308300395257,1.45907642060817
"PHF10",-0.461462450592885,-1.04920824887353
"PHF11",-0.294466403162055,-0.48151276419736
"PHF12",0.578206096228412,1.9285319323731
"PHF13",-0.320158102766798,-0.238177235806647
"PHF14",-0.605731225296443,-0.780165218030702
"PHF19",0.687747035573123,0.649279842228813
"PHF2",0.140316205533597,0.285284784868449
"PHF20",-0.516798418972332,-0.797411446626284
"PHF20L1",-0.795156930625227,-1.91147078461065
"PHF21A",-0.16798418972332,0.147047428135751
"PHF21B",0.222881153332491,0.758175049311879
"PHF23",-0.606719367588933,-1.19953523548703
"PHF24",-0.764822134387352,-1.85412554706715
"PHF2P1",-0.0781404932197422,-0.635782958654993
"PHF3",-0.345849802371542,0.163119239924958
"PHF5A",0.534584980237154,1.70102165492449
"PHF6",0.409090909090909,1.66444271636925
"PHF7",-0.0721343873517787,-0.538509160689457
"PHF8",0.0889328063241107,0.0342773216880784
"PHGDH",-0.575098814229249,-1.42673725152489
"PHIP",-0.241106719367589,-0.733316369510336
"PHKA1",-0.239683723650239,-0.329836363070487
"PHKA1-AS1",-0.128490243606314,-0.51841165665406
"PHKA2",-0.522727272727273,-1.14222418995367
"PHKB",-0.616600790513834,-0.851247256458218
"PHKG1",0.675889328063241,1.14389122736869
"PHKG2",-0.686758893280632,-1.14251246195205
"PHLDA1",-0.592885375494071,-1.19416303337932
"PHLDA2",0.00296442687747036,-0.118565890560755
"PHLDA3",0.364624505928854,1.06152478870165
"PHLDB1",0.22337534657713,0.151473261871623
"PHLDB2",0.0948616600790514,0.0763229304194735
"PHLDB3",-0.0108695652173913,0.0247396281789962
"PHLPP1",0.0523715415019763,0.700210593014395
"PHLPP2",-0.766798418972332,-2.36605677575364
"PHOSPHO1",0.355731225296443,0.197934442008108
"PHOSPHO2",-0.117588932806324,0.267687147816367
"PHOX2A",0.493083003952569,0.688331499585945
"PHOX2B",0.185770750988142,-0.256458679928685
"PHPT1",-0.713438735177866,-1.16818283429056
"PHRF1",0.205090196525463,0.502147847676838
"PHTF1",-0.724308300395257,-2.34357769932812
"PHTF2",-0.100545132488532,0.187641985018154
"PHYH",-0.567193675889328,-0.985532355339629
"PHYHD1",0.105263161108249,0.280697741014169
"PHYHIP",-0.628458498023715,-2.46047532128792
"PHYHIPL",-0.461462450592885,-0.537417208832152
"PHYKPL",0.733201581027668,1.84809701798446
"PI15",-0.214426877470356,-0.330765069831837
"PI16",0.0785767258977073,-0.36051322499609
"PI3",0.340909090909091,0.129485954941171
"PI4K2A",-0.676877470355731,-0.996086225886917
"PI4K2B",0.253214762838658,0.797341217267744
"PI4KA",-0.821146245059289,-2.0555386715724
"PI4KAP1",-0.708498023715415,-1.13796947882464
"PI4KB",-0.0760869565217391,-0.505597293571596
"PIANP",0.430830039525692,1.35967397073379
"PIAS1",-0.756916996047431,-1.31582438682801
"PIAS2",-0.00296442687747036,0.380150934529128
"PIAS3",-0.110671936758893,0.238760609653997
"PIAS4",0.49901185770751,1.28019612355266
"PIBF1",-0.399209486166008,-0.820303182449198
"PICALM",-0.694835701963374,-1.40651733414337
"PICART1",0.38476774509468,-0.101248149727694
"PICK1",0.185770750988142,-0.322009122964296
"PICSAR",0.545994332370857,0.589810268610417
"PID1",-0.683794466403162,-0.896774128937775
"PIDD1",0.792490118577075,1.83942604049885
"PIERCE1",-0.0158141838284694,-0.200075111194095
"PIERCE2",-0.228260869565217,-0.0243465093214295
"PIEZO1",0.650852503190444,1.64438338501905
"PIEZO2",0.320237222526505,0.772738974597181
"PIF1",0.101535724926842,-0.468721776629257
"PIGA",-0.491106719367589,-1.06008897967523
"PIGB",-0.25296442687747,-0.712674137015563
"PIGC",-0.640316205533597,-0.893498637932684
"PIGF",-0.693675889328063,-1.47600706768236
"PIGG",-0.395848788956375,-0.682772752705273
"PIGH",-0.569169960474308,-0.935015239007292
"PIGK",-0.621541501976285,-0.913406421356965
"PIGL",-0.696812474941933,-1.6615691610902
"PIGM",-0.363636363636364,-0.877353586108273
"PIGN",-0.637351778656126,-1.11083243785705
"PIGO",-0.274975406520106,-0.833346249666347
"PIGP",-0.606375111172874,-0.651547637567194
"PIGQ",0.711462450592885,1.00931095901821
"PIGR",0.549407114624506,0.769061066640261
"PIGS",-0.41501976284585,-0.96609083472699
"PIGT",0.861660079051383,2.17834844412326
"PIGU",-0.687747035573123,-2.01407451212024
"PIGV",-0.690711462450593,-1.72191985865738
"PIGW",-0.0760869565217391,0.150931390653578
"PIGX",-0.25296442687747,0.0741854616812928
"PIGY",-0.681818181818182,-0.790221912062334
"PIGZ",-0.244071146245059,-0.82533049891364
"PIH1D1",-0.394268774703557,-0.795386416562151
"PIH1D2",0,-0.482253955150932
"PIK3AP1",0.430830039525692,0.75655968654884
"PIK3C2A",-0.191699604743083,0.0888464720692046
"PIK3C2B",0.242648883118077,0.747587397625264
"PIK3C2G",0.471810319820469,0.337663564940095
"PIK3C3",-0.351778656126482,-0.742226456241157
"PIK3CA",-0.594514473301522,-1.1147423094109
"PIK3CA-DT",-0.0588089961121206,-0.733595513561845
"PIK3CB",-0.814229249011858,-2.15221258712446
"PIK3CD",0.0276679841897233,0.142109885367702
"PIK3CD-AS1",0.719051170950718,1.19694440373711
"PIK3CD-AS2",0.347912044226327,0.332440942296763
"PIK3CG",-0.286137888646368,0.065156005383395
"PIK3IP1",-0.285643695401729,-1.02510691590177
"PIK3IP1-DT",0.399209486166008,0.0825705985589443
"PIK3R1",-0.0345849802371542,0.382340794054786
"PIK3R2",0.203607616791544,0.711385434557494
"PIK3R3",-0.653162055335968,-1.20072784911817
"PIK3R4",-0.66403162055336,-0.730165574076792
"PIK3R5",0.392292490118577,0.62801410798673
"PIK3R6",0.468379446640316,0.966105867474062
"PIKFYVE",-0.871541501976285,-1.95761698920973
"PILRA",0.307882391410514,1.03460207200986
"PILRB",-0.206521739130435,-0.805573850897277
"PIM1",-0.404250074115249,-1.02989348950693
"PIM2",-0.398615427437419,-1.43739595838597
"PIM3",0.309288537549407,0.448033263693259
"PIMREG",0.41403162055336,0.291040489455947
"PIN1",-0.569804811069538,-0.850121467720342
"PIN1P1",0.223320158102767,0.483840396072259
"PIN4",-0.478260869565217,-0.608996343731173
"PINK1",-0.845849802371541,-2.513774296277
"PINK1-AS",0.669797412528714,1.40621619076327
"PINLYP",-0.00741289866959503,-0.0540093414339155
"PINX1",0.384387351778656,0.49470619368656
"PINX1-DT",0.612648221343874,0.641500311001507
"PIP",0.701581027667984,0.954782631433999
"PIP4K2A",-0.514822134387352,-1.0486326513252
"PIP4K2B",-0.639328063241107,-1.66669287079324
"PIP4K2C",-0.515810276679842,-0.837754768343599
"PIP4P1",-0.731225296442688,-1.84657515922449
"PIP4P2",-0.588932806324111,-0.702008611660225
"PIP5K1A",-0.374505928853755,-1.55528643161158
"PIP5K1B",-0.604743083003953,-0.482854153359544
"PIP5K1C",0.24604743083004,0.339206362002864
"PIP5KL1",-0.0938735177865613,-0.105744849000948
"PIPOX",-0.33596837944664,-0.606834826072336
"PIR",-0.615612648221344,-1.32838400294899
"PIRC66",0.600444792237198,0.4305489366977
"PIRT",0.194664031620553,-0.129371448414564
"PISD",-0.700592885375494,-1.50814609347361
"PITHD1",-0.790513833992095,-2.90892028788047
"PITPNA",-0.75,-1.83545109033953
"PITPNA-AS1",-0.59649124628008,-0.98513430098597
"PITPNB",-0.817193675889328,-1.60021440665173
"PITPNC1",-0.41304347826087,-0.657049154231975
"PITPNM1",0.244071146245059,0.768908835900372
"PITPNM2",0.482690641661193,0.955523377626399
"PITPNM3",0.116600790513834,0.589068683775838
"PITRM1",-0.83596837944664,-3.30137452665214
"PITRM1-AS1",0.749691152118378,1.13882209786043
"PITX1",0.197677297855868,-0.267156848778416
"PITX1-AS1",0.650197628458498,1.70354850898945
"PITX2",0.0657927784852317,-0.514129384673396
"PITX3",0.283737058886703,0.104954088003534
"PIWIL1",-0.00197628458498024,-0.426546402469348
"PIWIL2",0.429453929591872,0.496182756122464
"PIWIL4",-0.0919199435029784,-0.180103202700262
"PJA1",-0.6699604743083,-1.21961252006031
"PJA2",-0.528656126482213,-0.17257719502796
"PJVK",-0.327075098814229,-0.597670058047418
"PKD1",0.180830039525692,0.324024647675191
"PKD1L1",0.205090196525463,0.0832752125542707
"PKD1L1-AS1",0.520750988142292,0.902684700390443
"PKD1L2",0.491228085171831,0.849064860542317
"PKD1P1",0.277667984189723,0.418852496050221
"PKD1P6-NPIPP1",0.592885375494071,1.58011079265513
"PKD2",-0.249258282169304,-0.0140462454273395
"PKD2L1",-0.0791296133870807,-0.971227609264564
"PKD2L2",0.448738374554727,0.743734100328321
"PKDCC",0.0849802371541502,-0.363737629986013
"PKDREJ",-0.400593667772096,-0.815815410116785
"PKHD1",-0.16357796397573,-0.812862068867988
"PKHD1L1",0.347181178735817,-0.0558303464810698
"PKIA",-0.615612648221344,-1.2515634751018
"PKIA-AS1",0.100321228661853,-0.250161634488761
"PKIB",-0.587944664031621,-1.58941066618586
"PKIG",-0.0227272727272727,0.399370937359786
"PKLR",0.362648221343874,0.578625204706962
"PKM",-0.642292490118577,-1.16650895662377
"PKMYT1",0.683794466403162,1.3205899741627
"PKN1",0.0123548311159917,0.23676411961952
"PKN2",0.656126482213439,1.9465903247149
"PKN3",0.49703557312253,0.772010388012473
"PKNOX1",-0.0523715415019763,-0.110575482167579
"PKNOX2",-0.0217391304347826,0.448746871338196
"PKP1",0.599950598992558,1.53936667855064
"PKP2",-0.25197628458498,-0.478946678052164
"PKP3",-0.109683794466403,-0.695284361293175
"PKP4",-0.553359683794466,-0.33970647002824
"PKP4-AS1",0.16600790513834,-0.0300588172927189
"PLA1A",0.0128458498023715,-0.399050758517662
"PLA2G10",0.526315805541247,0.93733476720581
"PLA2G12A",0.625154454469181,1.83279608492258
"PLA2G12B",-0.145787007168702,-1.01475142727797
"PLA2G15",-0.188921951961655,-0.292902521623613
"PLA2G1B",0.292634736691512,0.652101884176817
"PLA2G2A",0.41501976284585,0.194905782805312
"PLA2G2D",0.569310617824898,0.944627289231818
"PLA2G2E",0.382411067193676,0.786681990436467
"PLA2G2F",0.576229323249854,1.20293875123989
"PLA2G3",0.614624505928854,0.822009654810531
"PLA2G4A",-0.28366692242317,-0.556264738664979
"PLA2G4C",-0.485177865612648,-1.13873376723007
"PLA2G4D",0.0400296528158132,-0.521309606076442
"PLA2G4E-AS1",0.274975406520106,-0.197841405572416
"PLA2G4F",0.206521739130435,-0.63396042353893
"PLA2G5",0.716403162055336,1.66170350000792
"PLA2G6",0.452569169960474,0.633899017562787
"PLA2G7",0.217939220886094,0.670118661564936
"PLA2R1",0.144268774703557,-0.121866790360002
"PLAA",-0.470355731225296,-0.660414476253211
"PLAAT1",-0.622529644268775,-0.572880782487913
"PLAAT2",0.454545454545455,0.755574542739422
"PLAAT3",-0.764822134387352,-1.9924369352959
"PLAAT4",-0.228317279023527,-0.745827590089049
"PLAAT5",-0.694664031620553,-1.59924572026182
"PLAC1",0.583148028674809,0.497234387680364
"PLAC4",0.771929848127163,1.63315491860624
"PLAC8",-0.157647645040054,-0.651661522435445
"PLAC8L1",0.458498023715415,1.13730104422662
"PLAC9",-0.0968618759493751,-0.950428433823587
"PLAG1",-0.378552025393986,-0.525596735685185
"PLAGL1",0.464426877470356,1.86181420362507
"PLAGL2",0.0712166520483727,0.0464131383091387
"PLAT",-0.119565217391304,-0.0322604168458334
"PLAU",0.381022991617185,0.585304925288979
"PLAUR",0.557449979953546,0.898903872969708
"PLB1",0.380434782608696,0.84478650042938
"PLBD1",0.406528388776127,0.914136951673682
"PLBD2",-0.373517786561265,-0.386867937739629
"PLCB1",-0.379446640316206,-0.384546739940632
"PLCB2",0.625154454469181,0.899693400945457
"PLCB3",0.435384248527548,0.484991067024302
"PLCB4",0.284584980237154,1.02012597273056
"PLCD1",0.452681012089937,0.628893238486784
"PLCD3",0.147378904933438,-0.0699056648682834
"PLCD4",0.308300395256917,0.00658056916256577
"PLCE1",0.0256916996047431,0.733235261478636
"PLCE1-AS2",0.5800395256917,0.979099515031244
"PLCG1",0.547430830039526,0.994528156253402
"PLCG1-AS1",-0.321719802260424,-0.190349313906433
"PLCG2",0.189723320158103,0.178236341174646
"PLCH1",-0.119565217391304,-0.257848470516001
"PLCH1-AS1",0.660732271782124,1.51183812668327
"PLCH2",0.564229249011858,0.861238270761058
"PLCL1",-0.852766798418972,-1.61153971225626
"PLCL2",-0.698616600790514,-1.23866680080272
"PLCXD1",0.146245059288538,0.0285573560925923
"PLCXD2",-0.158102766798419,0.260888269578444
"PLCXD3",0.292068207582044,0.493885516196543
"PLCZ1",0.321146245059289,-0.150465277553668
"PLD1",-0.0177865612648221,-0.0752362197286337
"PLD2",0.235177865612648,-0.0219856718281633
"PLD3",-0.699604743083004,-1.6491084773828
"PLD4",0.32542053505437,0.544907164047179
"PLD5",-0.0434782608695652,-0.265908331093851
"PLD6",0.0859683794466403,-0.327751483640109
"PLEC",0.680504097868824,2.22874323606226
"PLEK",0.616600790513834,0.526139995992624
"PLEK2",0.711462450592885,2.07993284191857
"PLEKHA1",0.0711462450592885,0.7845069686654
"PLEKHA2",-0.520750988142292,-1.07199238977915
"PLEKHA3",-0.0533596837944664,0.428243246302337
"PLEKHA4",0.631422924901186,0.737175635626338
"PLEKHA5",0.387351778656126,1.37883199031214
"PLEKHA6",0.263833992094862,0.212553552894474
"PLEKHA7",0.594861660079051,1.15269751683151
"PLEKHA8",-0.505928853754941,-0.655549755420652
"PLEKHA8P1",-0.0118694420080621,-0.104242243189964
"PLEKHB1",-0.342885375494071,-0.731247552336972
"PLEKHB2",-0.609683794466403,-1.27440768710403
"PLEKHF1",0.197628458498024,0.288522744119432
"PLEKHF2",-0.525327419051968,-1.10844649437041
"PLEKHG1",-0.529644268774703,-1.1863858708123
"PLEKHG2",0.793478260869565,1.55250932765897
"PLEKHG3",0.245059288537549,1.03019664248902
"PLEKHG4",0.318754642792586,0.0322771847093936
"PLEKHG4B",0.0790513833992095,-0.540838634448349
"PLEKHG5",0.381422924901186,-0.120572619666152
"PLEKHG6",0.361255261831598,0.667538830700006
"PLEKHG7",0.0434890055282909,-0.303222345882483
"PLEKHH1",0.0879446640316206,0.168842158257338
"PLEKHH2",-0.241720247030658,-0.450592599887718
"PLEKHH3",0.572134387351779,0.801955107335321
"PLEKHJ1",-0.613636363636364,-1.86582165249405
"PLEKHM1",0.607707509881423,1.09921996526412
"PLEKHM2",0.1878398647682,0.562376876182959
"PLEKHM3",-0.155291866272146,0.447115804369661
"PLEKHN1",0.573122529644269,0.264684720065374
"PLEKHO1",-0.630590580160217,-1.18002956886513
"PLEKHO2",-0.185816659984515,-0.393228114010252
"PLEKHS1",0.100346033020907,0.374325175635361
"PLG",0.566345458357061,0.614971735151786
"PLGLB2",-0.338932806324111,-1.00516968401344
"PLGRKT",-0.302940458964117,-0.499682947995387
"PLIN1",0.0731948923830497,-0.47441537132104
"PLIN2",-0.174901185770751,-0.522459453340017
"PLIN3",0.737336321002386,1.33899725463055
"PLIN4",0.53718805692332,0.491694500088167
"PLIN5",0.66501976284585,0.930281095349122
"PLK1",0.66897233201581,0.826542361240312
"PLK2",-0.688735177865613,-1.82506672190764
"PLK3",0.646245059288537,0.58824376998371
"PLK4",0.0612799623353189,-0.0419710790746748
"PLK5",0.651185770750988,0.844608943466996
"PLLP",-0.484189723320158,-1.1868426040387
"PLN",0.213438735177866,-0.0940986102458479
"PLOD1",0.286561264822134,0.322573497410284
"PLOD2",0.0612648221343874,0.587594894024719
"PLOD3",0.25302694125551,0.355065642085462
"PLP1",-0.0494071146245059,0.184103988839131
"PLP2",0.305335968379447,0.977728509980843
"PLPBP",-0.837944664031621,-2.20306685941219
"PLPP1",-0.431818181818182,0.00150871613135997
"PLPP2",0.0306324110671937,0.085813411859879
"PLPP3",-0.422924901185771,-0.770951940434448
"PLPP4",0.362648221343874,0.927467109485937
"PLPP5",-0.440820374218585,-0.593049762784072
"PLPP6",-0.574110671936759,-1.18810493634971
"PLPP7",-0.343873517786561,-0.961250656437232
"PLPPR1",-0.34346430502457,-0.65243557008725
"PLPPR2",-0.08300395256917,-0.30796654291873
"PLPPR3",0.422924901185771,0.573946222416749
"PLPPR4",-0.24901185770751,0.23867362521093
"PLPPR5",-0.268774703557312,-0.659655422521986
"PLPPR5-AS1",-0.341897233201581,-0.532136027396105
"PLRG1",-0.760869565217391,-1.19908536306093
"PLS1",-0.35806150057654,-0.289609936113635
"PLS3",-0.439723320158103,-0.500611522890517
"PLSCR1",-0.385375494071146,-0.857109824352205
"PLSCR2",0.10476896786361,-0.141274328275691
"PLSCR3",0.712450592885375,1.96340003249756
"PLSCR4",0.0968618759493751,0.535746064052164
"PLTP",0.484189723320158,1.07778522608853
"PLVAP",0.575098814229249,0.967619154711734
"PLXDC1",0.145256916996047,0.258501659524625
"PLXDC2",0.676877470355731,2.13603166157194
"PLXNA1",0.134387351778656,-0.160577997140362
"PLXNA2",-0.385375494071146,-0.921640151084256
"PLXNA3",0.212450592885376,-0.113230214030146
"PLXNA4",-0.202569169960474,-0.513396688963243
"PLXNB1",-0.0780632411067194,-0.140849576255068
"PLXNB2",0.418397830784189,1.31799295535502
"PLXNB3",0.275691699604743,0.245272810814704
"PLXNC1",-0.453557312252964,-0.569761080965813
"PLXND1",0.464426877470356,0.510306027257431
"PM20D1",0.337039792844254,0.0769394198251582
"PM20D2",0.307312252964427,0.752385382010599
"PMAIP1",0.00593178520320633,0.282429701518914
"PMCH",-0.417202225958845,-0.758529770952086
"PMCHL1",0.592537700322963,0.642469254697426
"PMCHL2",0.343240279874642,0.357655618679217
"PMEL",0.108695652173913,-0.487839155705236
"PMEPA1",-0.16304347826087,0.0869477014950749
"PMF1",0.151185770750988,0.388072643878084
"PMFBP1",0.746785726340575,1.20128200819227
"PML",0.371139126724391,0.496391552529828
"PMM1",-0.824110671936759,-1.89715651657637
"PMM2",-0.377470355731225,-1.15730783460259
"PMP2",-0.393280632411067,-0.700699591022225
"PMP22",-0.475296442687747,-0.896990950374328
"PMPCA",-0.732213438735178,-1.81308534693254
"PMPCB",-0.625494071146245,-0.560152296166895
"PMS1",-0.825098814229249,-1.68743156252327
"PMS2",-0.567193675889328,-1.53188954541723
"PMS2P1",0.302371541501976,0.951054934769093
"PMS2P2",0.356313329385201,0.620728355964428
"PMS2P3",0.601778656126482,1.85170685683355
"PMS2P4",0.267786561264822,0.278213028287983
"PMS2P5",0.283596837944664,0.456749724657409
"PMS2P6",0.45796263747773,0.772448066772079
"PMVK",-0.472332015810277,-1.14956634262969
"PNCK",0.277942767022121,0.440738696142284
"PNISR",-0.357707509881423,-0.596096507040326
"PNISR-AS1",0.202619230302264,0.0419084009973641
"PNKD",-0.800395256916996,-2.28532060639685
"PNKP",-0.479861640545118,-0.851256983931154
"PNLDC1",0.0365612648221344,-0.351068558065287
"PNLIP",0.0385947975932777,-0.239996348641494
"PNLIPRP1",0.523715415019763,0.196497997670047
"PNLIPRP2",-0.150346265435453,-0.534857553924847
"PNLIPRP3",0.197183104611228,0.282111782136538
"PNMA1",-0.792490118577075,-1.60044175245794
"PNMA2",-0.807017568496579,-1.55800131980966
"PNMA3",-0.395256916996047,-1.34956262256992
"PNMA6A",-0.144798620679423,-0.0533329202113528
"PNMA8A",-0.799407114624506,-1.93575566589923
"PNMA8B",-0.607857690906793,-1.57477939983715
"PNMT",0.331109473908578,0.370139848067916
"PNN",-0.457622944536333,-0.952813098866787
"PNO1",-0.255928853754941,-1.31063811804858
"PNOC",-0.244625656096636,-0.215583278478946
"PNP",-0.641304347826087,-0.920747222558395
"PNPLA1",0.365703001033355,0.479921818124184
"PNPLA2",0.724308300395257,1.16694145538011
"PNPLA3",0.636363636363636,1.7839714089108
"PNPLA4",-0.779644268774704,-1.56864457949091
"PNPLA5",0.548788210824103,0.85554823461252
"PNPLA6",-0.142292490118577,-0.28170120198035
"PNPLA7",0.576229323249854,1.10552881961291
"PNPLA8",-0.439723320158103,-0.344590076924591
"PNPO",-0.794466403162055,-1.84559631093049
"PNPT1",-0.579051383399209,-0.93237643906371
"PNRC1",-0.578063241106719,-0.440901860085426
"PNRC2",-0.643280632411067,-0.830687810571847
"POC1A",-0.0444773920175702,-0.38468166314842
"POC1B",-0.322134387351779,-0.0167276584321445
"POC5",-0.472332015810277,-0.544849070581281
"PODN",-0.116629605734962,-0.741046619190141
"PODNL1",0.738142292490119,1.49299090805664
"PODXL",-0.0859683794466403,-0.142585150372204
"PODXL2",-0.631422924901186,-1.46729628390029
"POF1B",0.122529644268775,0.21819873650047
"POFUT1",-0.103857617570543,-0.536555120221788
"POFUT2",-0.270390542179488,-0.990240348882334
"POGK",0.490118577075099,1.7597467857667
"POGLUT1",-0.819169960474308,-2.29084917202343
"POGLUT2",-0.07462317994059,0.399084125781804
"POGLUT3",0.356083260241863,0.495802241766005
"POGZ",-0.74802371541502,-3.91565506930273
"POLA1",-0.128458498023715,-0.495734966833244
"POLA2",0.317193675889328,0.52508079845398
"POLB",-0.677538938400986,-1.34250748823353
"POLD1",0.511490008202057,0.715110034957688
"POLD2",-0.690711462450593,-2.60379340139201
"POLD3",-0.722332015810277,-2.15496398043297
"POLD4",0.466024229695208,0.851817720691346
"POLDIP2",-0.506916996047431,-1.02119135519658
"POLDIP3",-0.49901185770751,-0.852946482778299
"POLE",0.314229249011858,0.374683820818034
"POLE2",-0.21099618936017,-0.65754203824794
"POLE3",-0.856719367588933,-1.41588861025295
"POLE4",-0.611660079051383,-0.996884917994246
"POLG",0.198616600790514,0.81533122966158
"POLG2",-0.602766798418972,-1.10339030299869
"POLH",0.0286561264822134,-0.353242575568759
"POLH-AS1",0.110946353090793,-0.259525679800838
"POLI",-0.620553359683795,-1.00668996489821
"POLK",0.24604743083004,1.38473478492476
"POLL",0.0869780110565817,-0.57731883341219
"POLM",0.213985674928977,0.0799292056605392
"POLN",0.233753404714563,0.579610610882456
"POLQ",0.651840889679723,1.05583604282706
"POLR1A",-0.162589577486451,-0.122866296901625
"POLR1B",0.796442687747036,2.20584857909603
"POLR1C",-0.517786561264822,-0.873359060650371
"POLR1D",-0.182851500516677,0.138304322668316
"POLR1E",0.0810276679841897,-0.168498191221519
"POLR1F",-0.719367588932806,-1.0949431091554
"POLR1G",0.25098814229249,0.43912859077474
"POLR1H",-0.686758893280632,-1.49970501601055
"POLR1HASP",-0.328063241106719,-0.51116649240883
"POLR2A",0.0543478260869565,-0.143458390969082
"POLR2B",-0.645256916996047,-1.14896314300951
"POLR2C",-0.362017981245894,-0.31383382857371
"POLR2D",-0.0839920948616601,-0.0101211109681293
"POLR2E",-0.364220421299436,-0.552770693822056
"POLR2F",-0.548554501550032,-0.963359055760273
"POLR2G",-0.812252964426878,-2.54254315266835
"POLR2H",-0.672924901185771,-1.87599566240965
"POLR2I",-0.800395256916996,-1.56686826719573
"POLR2J",-0.802371541501976,-3.05376026417673
"POLR2J2",0.174987663494587,-0.127913332071816
"POLR2J3",0.16699604743083,-0.0632813579189438
"POLR2J4",0.540513833992095,1.35170625360192
"POLR2K",-0.41501976284585,0.111964326058472
"POLR2L",-0.743083003952569,-1.57392716748966
"POLR2M",-0.555335968379447,-0.870032970601101
"POLR3A",-0.525691699604743,-1.08468188051072
"POLR3B",-0.459486166007905,-0.501917518467243
"POLR3C",-0.794466403162055,-1.72455020823869
"POLR3D",0.00197677297855868,-0.0884684510793918
"POLR3E",-0.645256916996047,-1.37052782188839
"POLR3F",-0.600790513833992,-0.925453140200364
"POLR3G",-0.273715415019763,-0.796474871093065
"POLR3GL",-0.787549407114625,-1.9183903514616
"POLR3H",-0.742094861660079,-2.75405716708334
"POLR3K",-0.591695574019831,-1.16270154686093
"POLRMT",-0.524703557312253,-0.786545211189589
"POM121",-0.614624505928854,-2.0388217280102
"POM121L10P",0.180380534293479,-0.0144887558734361
"POM121L12",0.727272727272727,1.33923683331148
"POM121L1P",0.613293816597829,0.747189907676773
"POM121L2",0.147102977089132,-0.261091103214637
"POM121L8P",0.438843601240026,0.360332004698185
"POM121L9P",0.220904380353932,0.242382082949015
"POMC",0.510869565217391,0.51206351623279
"POMGNT1",-0.112927537967415,-0.390060894463058
"POMGNT2",-0.475296442687747,-0.4488072266822
"POMK",0.217939220886094,0.291026878483002
"POMP",-0.763833992094862,-1.72851245676142
"POMT1",-0.206572776259382,-0.871388234750252
"POMT2",0.460474308300395,0.441234764964284
"POMZP3",0.201630843812985,0.290898561749833
"PON1",0.298418972332016,0.145903391399237
"PON2",-0.146245059288538,-0.106474650492822
"PON3",-0.288537549407115,-0.416015578919747
"POP1",-0.178041630120932,-0.587107191646681
"POP4",-0.817193675889328,-1.94003260516738
"POP5",-0.709486166007905,-2.02699088988308
"POP7",-0.769762845849802,-1.25828475188711
"POPDC2",-0.46207068373809,-0.971452670168259
"POPDC3",-0.413145552518763,-0.474778923513087
"POR",-0.580182869206971,-0.813876620694031
"PORCN",-0.671936758893281,-2.32897504022899
"POSTN",-0.311264822134387,-0.47185326783463
"POT1",-0.761857707509881,-1.44341346213341
"POT1-AS1",0.194664031620553,-0.19558736202897
"POTEKP",-0.715415019762846,-2.75114301377375
"POTEM",0.196640316205534,-0.158603220122655
"POU1F1",-0.29179044936486,-1.20713463211899
"POU2AF1",0.199802273802379,-0.138136386800871
"POU2AF2",0.79021499817883,1.68328743648096
"POU2AF3",-0.174901185770751,-0.135208231262697
"POU2F1",-0.646245059288537,-1.05624787156182
"POU2F2",0.769762845849802,2.08832157103833
"POU2F3",-0.128490243606314,-0.586842859239331
"POU3F1",0.576086956521739,1.43871666498321
"POU3F2",-0.213438735177866,-0.0153048802405684
"POU3F3",0.0652173913043478,0.383093660945217
"POU3F4",0.615612648221344,1.06560289013973
"POU4F1",-0.381800384592665,-1.57462350323839
"POU4F2",-0.0938735177865613,-0.430132849207607
"POU4F3",0.38843589028678,0.341377973138516
"POU5F1",0.654150197628458,0.811271752161437
"POU5F1B",0.634387351778656,0.708044247884152
"POU5F1P3",0.362648221343874,0.277305534874828
"POU5F1P4",0.0454657785068495,-0.209430614343606
"POU5F2",0.0978260869565217,-0.0760850449870465
"POU6F1",0.33695652173913,0.589507977647656
"POU6F2",0.287549407114625,0.183537617772847
"POU6F2-AS2",-0.360039740911217,-1.20879817322214
"PP12613",-0.0424901185770751,-0.415447990864542
"PP2D1",0.0612648221343874,-0.387618825283576
"PPA1",-0.745059288537549,-1.43271893031012
"PPA2",-0.838932806324111,-1.99932835123721
"PPAN",-0.157647645040054,-0.785631889518576
"PPARA",-0.0780632411067194,-0.0647345521660069
"PPARD",0.74802371541502,1.66639262058078
"PPARG",0.0612648221343874,-0.250357150426804
"PPARGC1A",-0.624505928853755,-0.61095823959544
"PPARGC1B",-0.0884824626144944,0.312121484640979
"PPAT",0.08300395256917,0.460001690817373
"PPBP",0.615270589576388,1.1469075754034
"PPBPP2",0.243323561165273,0.489679397701983
"PPCDC",-0.319248836037226,-1.26266390107136
"PPCS",-0.610822850374631,-0.969489088672017
"PPDPF",-0.024703557312253,-0.429677164626842
"PPDPFL",0.288823088862845,0.111839339785192
"PPEF1",-0.261857707509881,-0.110193275440441
"PPEF2",-0.316518453548323,-1.2059719248016
"PPFIA1",-0.162055335968379,0.0631382816627098
"PPFIA2",0.0494071146245059,0.321887301890306
"PPFIA3",0.477272727272727,0.319870371706893
"PPFIA4",-0.653162055335968,-2.05979890458745
"PPFIBP1",0.632411067193676,1.5985027046516
"PPFIBP2",0.199604743083004,0.452824087855414
"PPHLN1",0.041501976284585,0.476731139417315
"PPIA",-0.854743083003953,-2.0119320663565
"PPIAL4A",0.01878398647682,0.0302571669975325
"PPIB",-0.8300395256917,-3.2572477233206
"PPIC",0.0434782608695652,0.232982812992961
"PPID",-0.689723320158103,-1.59030379344757
"PPIE",-0.437191113963621,-1.59351816463374
"PPIEL",0.460474308300395,0.312678342718235
"PPIF",-0.540513833992095,-1.68667896078557
"PPIG",0.131422924901186,0.526555064045087
"PPIH",-0.620553359683795,-1.31120083923443
"PPIL1",-0.656126482213439,-1.25940084320216
"PPIL2",0.429033051687534,0.0142981051362254
"PPIL3",-0.734189723320158,-1.3593601968035
"PPIL4",-0.721343873517787,-1.60767787946324
"PPIL6",0.305905618431955,0.634949730516818
"PPIP5K1",-0.675889328063241,-1.41707614124065
"PPIP5K2",-0.878181395724691,-1.8679821836908
"PPL",-0.311264822134387,-0.568123185237268
"PPM1A",-0.83102766798419,-1.43623776306161
"PPM1B",-0.612648221343874,-1.06781848221305
"PPM1B-DT",0.586607381387287,0.510512696042903
"PPM1D",0.452569169960474,0.884450804242294
"PPM1E",-0.378458498023715,-0.584841630053993
"PPM1F",-0.135375494071146,-0.684755901150197
"PPM1F-AS1",-0.168519896422127,-0.165909020232857
"PPM1G",-0.853754940711463,-2.60377431123322
"PPM1H",-0.726284584980237,-1.72615615086407
"PPM1J",-0.182806324110672,0.106445914960732
"PPM1K",-0.481225296442688,-0.67877501665865
"PPM1K-DT",0.265381772371502,0.138054635190077
"PPM1L",-0.303359683794466,-0.0430547941148601
"PPM1M",0.5,1.21618836276019
"PPM1N",0.689723320158103,1.87946425428732
"PPME1",-0.649864116701165,-1.15093291511314
"PPOX",-0.512845849802371,-1.22324521079811
"PPP1CA",-0.778656126482213,-3.24449175306026
"PPP1CB",-0.4199604743083,-0.700229953526987
"PPP1CC",-0.483201581027668,-0.931162136082145
"PPP1R10",-0.735177865612648,-2.69418809838493
"PPP1R11",-0.486780345970074,-0.528398482704316
"PPP1R12A",-0.772727272727273,-1.89410829827689
"PPP1R12B",-0.813241106719368,-1.74884376081339
"PPP1R12C",0.136498583092714,-0.100797645832911
"PPP1R13B",0.230237154150198,0.0656745715556509
"PPP1R13L",0.608695652173913,1.11986859655535
"PPP1R14A",-0.241106719367589,-0.440636999973463
"PPP1R14B",0.132937982808071,0.378268162613578
"PPP1R14C",-0.683794466403162,-1.67468477465333
"PPP1R14D",0.525691699604743,0.439282941188328
"PPP1R15A",0.283596837944664,0.23658202559459
"PPP1R15B",-0.389328063241107,-0.346699155365987
"PPP1R16A",0.724308300395257,1.97743087508034
"PPP1R16B",0.000988142292490119,0.227023941567054
"PPP1R17",-0.275691699604743,-0.905872420168956
"PPP1R18",0.0197628458498024,0.0017943114310313
"PPP1R1A",0.0108695652173913,0.0213898011294438
"PPP1R1B",-0.114624505928854,0.0492596248226523
"PPP1R1C",0.433901668793629,0.452834730083141
"PPP1R2",-0.620553359683795,-1.33526911012213
"PPP1R21",-0.453557312252964,-0.604754862103186
"PPP1R26",-0.185770750988142,-0.564284612207563
"PPP1R26-AS1",-0.463438735177866,-1.29940786891485
"PPP1R27",0.605731225296443,0.594009494313138
"PPP1R2C",0.613293816597829,0.950173236953318
"PPP1R35",0.33102766798419,0.134739694575891
"PPP1R36",0.452298621744482,1.14405744276592
"PPP1R37",0.461919118147084,0.984255869668498
"PPP1R3A",-0.207509881422925,-0.774243115645707
"PPP1R3B",0.768774703557312,1.79116702416526
"PPP1R3B-DT",0.695824088452654,1.01737321286962
"PPP1R3C",-0.298418972332016,-0.863766456824822
"PPP1R3D",0.643933797765488,1.14092845449907
"PPP1R3E",-0.116600790513834,-0.235156969846418
"PPP1R3F",0.202569169960474,0.662297462405232
"PPP1R7",-0.883399209486166,-2.30358051493708
"PPP1R8",-0.735177865612648,-1.1586100923141
"PPP1R9A",-0.468379446640316,-0.18968366769241
"PPP1R9B",0.0840752142237733,-0.371393773922159
"PPP2CA",-0.790513833992095,-1.48966297816675
"PPP2CB",-0.718062784461439,-1.86586493459925
"PPP2R1A",-0.759881422924901,-2.35368553532409
"PPP2R1B",-0.075098814229249,0.0141295164858768
"PPP2R2A",-0.599802371541502,-1.07671887505104
"PPP2R2B",-0.727272727272727,-1.32341224929368
"PPP2R2C",-0.565217391304348,-1.57625489835802
"PPP2R2D",0.0345849802371542,0.484628549545514
"PPP2R3A",-0.245059288537549,-0.508809723875676
"PPP2R3B",0.523350646073409,0.512983163849689
"PPP2R3C",-0.723320158102767,-1.70709476799815
"PPP2R5A",-0.543478260869565,-1.60225772497927
"PPP2R5B",0.183794466403162,0.541712298538228
"PPP2R5C",-0.551383399209486,-0.640090272533414
"PPP2R5D",-0.505928853754941,-1.27524488331466
"PPP2R5E",0.514822134387352,2.07503899109125
"PPP3CA",0.107707509881423,0.398447635148412
"PPP3CB",-0.692687747035573,-1.27911359307419
"PPP3CB-AS1",0.309364971144433,0.857069887507524
"PPP3CC",-0.714426877470356,-1.29944911653417
"PPP3R1",-0.263833992094862,-0.647275806391592
"PPP3R2",0.336051406354975,0.460241279403387
"PPP4C",-0.565217391304348,-1.21305087228061
"PPP4R1",-0.635375494071146,-1.47893757197219
"PPP4R1L",0.278656126482213,0.350200538124937
"PPP4R2",0.0849802371541502,0.690461788732419
"PPP4R3A",-0.379446640316206,-0.738209239657293
"PPP4R3B",-0.573264163782016,-0.630666891613204
"PPP4R3C",-0.391401049754618,-1.28225497642422
"PPP4R4",-0.514822134387352,-0.675739412825329
"PPP5C",0.505070878446778,0.710938317181362
"PPP5D1P",-0.348814229249012,-1.11817190570935
"PPP6C",-0.326086956521739,-0.706250821476218
"PPP6R1",0.518774703557312,1.02837804909514
"PPP6R2",-0.142433304096745,-0.574126379281941
"PPP6R3",-0.589920948616601,-1.53254635929028
"PPRC1",-0.613788009842469,-0.722014395801103
"PPT1",-0.857707509881423,-2.2674569847764
"PPT2",0.178041630120932,-0.351580116263277
"PPT2-EGFL8",0.478260869565217,1.06492314510566
"PPTC7",-0.243083003952569,0.175595392958176
"PPWD1",-0.700592885375494,-2.03255083676044
"PPY",0.478260869565217,0.757858011408876
"PPY2P",0.570158102766798,1.14930020636217
"PQBP1",-0.782608695652174,-1.72242787807553
"PRAC1",0.352853976672724,0.541256092929351
"PRAC2",0.393280632411067,0.343448813228871
"PRADC1",-0.565217391304348,-1.63588509571356
"PRAF2",-0.0900099352278044,-0.118240961682758
"PRAG1",0.0469483582407685,0.35606630703234
"PRAM1",0,-0.353807511783523
"PRAME",0.27236780391389,-0.293627638552261
"PRAMEF1",-0.0592885375494071,-0.334449375800111
"PRAMEF10",-0.0212503095195058,0.0731712676823737
"PRAMEF11",0.492094861660079,0.0811661709604178
"PRAMEF12",0.453557312252964,-0.085757970285757
"PRAP1",0.433794466403162,1.2928724011884
"PRB1",0.680504097868824,1.06360854796461
"PRB3",0.584136415164089,1.865377990666
"PRB4",0.793478260869565,1.40812452166133
"PRC1",-0.726284584980237,-1.80766950636142
"PRCC",-0.700592885375494,-1.9853416354753
"PRCD",0.537549407114625,0.705880450602602
"PRCP",-0.492094861660079,-1.23444237512166
"PRDM1",0.40455014844145,1.068709594353
"PRDM10",-0.547430830039526,-1.10717623558191
"PRDM10-DT",0.248825320135876,0.314493547960732
"PRDM11",0.628458498023715,1.88834429953013
"PRDM12",0.718556977706079,1.20745403656247
"PRDM13",0.332097860397857,-0.241497161148364
"PRDM14",0.792490118577075,1.19095653680029
"PRDM15",-0.213491481684337,-0.895439665792383
"PRDM16",-0.166543123443568,-0.31758828660464
"PRDM16-DT",-0.099802371541502,-0.331703376291159
"PRDM2",-0.801383399209486,-2.74440437781221
"PRDM4",-0.688735177865613,-1.28248252684924
"PRDM5",0.209147152700373,0.38141621903325
"PRDM6",0.0420064257943719,-0.0815960392236927
"PRDM7",0.303359683794466,0.0447562283405966
"PRDM8",0.538537549407115,1.17676410051447
"PRDM9",0.360671936758893,0.419953156974095
"PRDX1",-0.83300395256917,-2.61690463269412
"PRDX2",-0.592885375494071,-1.3317271083975
"PRDX3",-0.745059288537549,-1.55471950802944
"PRDX4",-0.640316205533597,-1.11473283708406
"PRDX5",-0.789525691699605,-1.35501428708178
"PRDX6",-0.472332015810277,-1.21616852192221
"PRDX6-AS1",0.129446640316206,0.269053666946633
"PREB",-0.572700576888997,-1.68337065343852
"PRELID1",-0.781620553359684,-1.90839241741585
"PRELID2",0.333086246887137,0.399154403298501
"PRELID3A",0.564229249011858,1.41741237383169
"PRELID3B",-0.196834913300363,-0.615532381689839
"PRELP",0.419570064699079,0.64280812427934
"PREP",-0.856719367588933,-2.28158952081422
"PREPL",-0.775691699604743,-1.03595722076437
"PREX1",0.0444664031620553,0.571429580657943
"PREX2",-0.033596837944664,0.317872413986777
"PRF1",0.582963649945821,1.06172980495512
"PRG2",-0.256916996047431,-1.01731736838407
"PRG3",0.75667692801396,1.53350330813349
"PRG4",0.552918173542227,0.722861430119564
"PRH1",0.217534619139879,0.548025692157066
"PRICKLE1",0.361660079051383,1.53052167870637
"PRICKLE2",-0.523715415019763,-1.20764676378752
"PRICKLE2-AS3",-0.118203742820299,-0.576160103900626
"PRICKLE3",0.397331368690294,-0.0189222180694568
"PRICKLE4",-0.16304347826087,-0.279576332304601
"PRIM1",-0.204596003280823,-0.343745314895015
"PRIM2",0.367185580767274,-0.0209403504989341
"PRIMA1",0.146775393657982,0.665097362837393
"PRIMPOL",-0.725296442687747,-1.57890965539374
"PRINS",0.74802371541502,0.798967799395162
"PRKAA1",-0.297430830039526,-0.381617810005865
"PRKAA2",-0.151185770750988,0.38738907750078
"PRKAB1",-0.697628458498024,-1.85287029754374
"PRKAB2",-0.711144079036483,-1.22792999662254
"PRKACA",0.450592885375494,0.637874790458786
"PRKACB",-0.604743083003953,-0.708993139496214
"PRKACG",0.327974527336155,0.270859274147574
"PRKAG1",-0.743083003952569,-2.24328613041547
"PRKAG2",-0.812252964426878,-2.8436843541006
"PRKAG2-AS1",0.0513833992094862,-0.0170668742075836
"PRKAG2-AS2",0.328387895556385,0.426481854828424
"PRKAG3",0.202769634304394,0.441411334373404
"PRKAR1A",-0.507905138339921,-0.300464200957181
"PRKAR1B",-0.503952569169961,-0.912508267530631
"PRKAR1B-AS1",0.322134387351779,-0.079155497584962
"PRKAR2A",-0.713438735177866,-1.08492323050683
"PRKAR2B",-0.281620553359684,0.104668656855025
"PRKCA",-0.439723320158103,-0.980935032538142
"PRKCA-AS1",0.505928853754941,0.775178806973209
"PRKCB",0.0879663975458611,0.65977064017676
"PRKCD",0.116600790513834,-0.0184721066455736
"PRKCE",-0.135375494071146,-0.221925519279305
"PRKCG",0.166048930198929,-0.105123510010469
"PRKCH",0.0405138339920949,0.455864439449922
"PRKCI",-0.75197628458498,-2.53364500501624
"PRKCQ",-0.423913043478261,-1.21173566355799
"PRKCQ-AS1",-0.483679761828531,-0.882058747417952
"PRKCSH",0.897131991776028,2.18101239227104
"PRKCZ",-0.660079051383399,-2.49137138270539
"PRKCZ-AS1",0.525691699604743,0.62321430664209
"PRKD1",-0.298418972332016,-0.4633896387337
"PRKD2",0.25,0.0576258211724564
"PRKD3",-0.412157166029484,-0.805036369291571
"PRKDC",-0.848814229249012,-2.93111742610813
"PRKG1",-0.100790513833992,0.328419180470095
"PRKG1-AS1",0.488877963830921,0.658612552839576
"PRKG2",0.608502298762249,0.97653399151828
"PRKN",0.485912071229318,0.359674599115848
"PRKRA",-0.638339920948617,-0.907778985724998
"PRKRIP1",-0.0385756865262019,-0.531168554521015
"PRKX",-0.319169960474308,-0.294765057561207
"PRKXP1",0.338932806324111,0.815715887655577
"PRKY",-0.350790513833992,-0.624605062405934
"PRL",0.342235577899124,0.350821149393782
"PRLH",0.565217391304348,0.686063410106923
"PRLHR",0.0607857690906793,-0.436017195290478
"PRLR",-0.068692861004914,-0.234032082895613
"PRM1",0.0291574014337405,0.24456141579272
"PRM2",0.341487532046011,0.483849394928463
"PRM3",0.00989120167338509,-0.16273913291724
"PRMT1",-0.740118577075099,-1.45947063347067
"PRMT2",-0.851778656126482,-2.21487927710006
"PRMT3",-0.290513833992095,-0.309615019000067
"PRMT5",-0.492094861660079,-0.21428104652811
"PRMT5-AS1",0.421546837677638,0.599087060235131
"PRMT6",-0.813442080676895,-1.73712339733311
"PRMT7",-0.382011378106464,-0.440679755707776
"PRMT8",-0.0958734894600957,0.0261326211710268
"PRMT9",-0.564229249011858,-1.46540271481119
"PRND",0.575240936760574,1.3042548326719
"PRNP",-0.442302953952504,-0.254952663175118
"PRNT",-0.0177909568070281,-0.362629750674556
"PRO1804",0.615612648221344,1.60482120128731
"PRO2268",0.407215233583087,0.0256170498786451
"PROC",0.609340270640712,1.24241719147546
"PROCA1",-0.00395354595711735,-0.565756853901623
"PROCR",0.0464886478649099,0.00585248141493237
"PRODH",0.050395256916996,0.319617908596738
"PRODH2",0.443675889328063,-0.154778715222108
"PRODHLP",0.268774703557312,-0.0490256335898117
"PROK1",0.41798418972332,0.735485613741788
"PROK2",0.167827292225605,0.504852244105125
"PROKR1",-0.351778656126482,-0.80872088491846
"PROKR2",0.460093910759532,0.644352491220692
"PROM1",0.0731225296442688,0.0514815167606056
"PROM2",0.181368920782758,-0.600130489856155
"PROP1",0.503952569169961,1.30499944306566
"PRORP",-0.255003714234069,-0.15875895404717
"PRORSD1P",-0.174901185770751,-0.616794363609428
"PRORY",0.4199604743083,0.660149964436404
"PROS1",-0.788537549407115,-1.3926655501272
"PROSER1",-0.767786561264822,-1.48453396447885
"PROSER2",0.518902906871652,1.52399419417953
"PROSER2-AS1",0.546577728571474,0.735124392706229
"PROSER3",0.764822134387352,2.19143076998154
"PROX1",0.41304347826087,0.400729889232802
"PROX1-AS1",0.0830244650994644,0.0129679793179632
"PROX2",0.0123824054788832,-0.780094288271648
"PROZ",0.478379060811199,0.291120714465437
"PRPF18",0.00494193244639669,0.147229029785984
"PRPF19",-0.760869565217391,-2.06908141543169
"PRPF3",-0.541501976284585,-1.09088606873653
"PRPF31",-0.685770750988142,-1.03937867918622
"PRPF38A",-0.319169960474308,-0.85815727866842
"PRPF38B",-0.384482344329662,0.0351352659698288
"PRPF39",-0.685770750988142,-1.39937710843159
"PRPF39-DT",0.215415019762846,0.032599723284455
"PRPF4",-0.794466403162055,-2.40091130589657
"PRPF40A",0.480237154150198,1.82180407787885
"PRPF40B",-0.686758893280632,-1.06907363328605
"PRPF4B",-0.680830039525692,-0.694328876825225
"PRPF6",-0.819169960474308,-2.40864919753032
"PRPF8",-0.867588932806324,-2.11248591203297
"PRPH",0.71658020472752,1.4095864920682
"PRPH2",-0.107707509881423,-0.242267964854437
"PRPS1",-0.697628458498024,-1.77471522604999
"PRPS1L1",-0.338932806324111,-1.02542006384036
"PRPS2",-0.395256916996047,-0.202211687200962
"PRPSAP1",-0.696340597806311,-2.08886518006398
"PRPSAP2",-0.58399209486166,-1.28589424076367
"PRR11",0.74703557312253,1.72176127445203
"PRR12",0.83102766798419,1.68007880805562
"PRR13",-0.624505928853755,-1.85355694923597
"PRR14",0.429841897233202,0.206888150707816
"PRR14L",-0.600938985481837,-0.876451743765202
"PRR15",0.341897233201581,0.328730282000377
"PRR15L",-0.00395354595711735,-0.00681608331843163
"PRR16",-0.218927607375373,-0.82699022715591
"PRR18",0.153162055335968,0.601917893625049
"PRR19",0.19372375189875,-0.011399742070386
"PRR20A",-0.206538523387772,-0.275953568104795
"PRR22",0.628458498023715,1.13261215210087
"PRR23D1",0.421936758893281,0.206074663741326
"PRR23E",0.711638272281123,1.15196271781883
"PRR29",0.689723320158103,1.67346932768543
"PRR3",-0.808300395256917,-3.66404603931483
"PRR30",0.439337794484666,0.154701290853649
"PRR32",0.379446640316206,0.814949771702604
"PRR34",0.223320158102767,0.0995065604169622
"PRR34-AS1",0.47739067432192,1.21436892590471
"PRR35",0.376482213438735,0.288088913522846
"PRR36",0.657764911280109,1.08881356523058
"PRR4",-0.00197628458498024,-0.232880940736156
"PRR5",0.132411067193676,0.517845455535012
"PRR5-ARHGAP8",0.439723320158103,0.731899167541311
"PRR5L",0.0879663975458611,0.0270611121420583
"PRR7",0.49802371541502,0.963438759775463
"PRR7-AS1",0.465415019762846,0.776862215489056
"PRR9",-0.424511997145475,-1.40326197783452
"PRRC1",-0.50098814229249,-0.309393735727973
"PRRC2A",0.425889328063241,0.242309099126751
"PRRC2B",-0.798418972332016,-2.86814359913854
"PRRC2C",-0.477272727272727,-0.749456277429368
"PRRG1",-0.207066969504021,0.170168029607227
"PRRG2",0.136397335520549,0.452538343830295
"PRRG3",-0.320158102766798,-0.684646143020009
"PRRG4",0.524339032562689,0.575198128262848
"PRRT1",0.0780632411067194,0.410289040393186
"PRRT2",-0.264393385882223,-1.23791051671562
"PRRT3",-0.353754940711462,-0.835116980317814
"PRRT3-AS1",0.683794466403162,1.17235784551945
"PRRX1",-0.215415019762846,-0.174640013887402
"PRRX2",0.427865612648221,0.260112157317345
"PRRX2-AS1",0.49320485815039,0.309792824576607
"PRSS1",0.720355731225296,1.31814005446431
"PRSS12",-0.16600790513834,-0.145395599974587
"PRSS16",-0.130434782608696,-0.0684924936545774
"PRSS2",-0.148221343873518,-0.307870982892525
"PRSS21",0.594461220570444,1.3070717173882
"PRSS22",0.257474680457267,0.418273325506493
"PRSS23",-0.325098814229249,-0.587192622915059
"PRSS27",0.767482108925406,1.58540986276274
"PRSS3",-0.58399209486166,-1.2124585887743
"PRSS30P",0.0539872878879307,0.205307532977341
"PRSS33",0.58201581027668,0.621620271024316
"PRSS35",-0.424017803900836,-1.09521236469627
"PRSS36",0.464426877470356,0.859711731699588
"PRSS37",0.537549407114625,1.32220018091353
"PRSS3P2",-0.0741840125503882,-0.330313241390909
"PRSS40A",0.550395256916996,1.14124165455514
"PRSS50",0.576086956521739,1.03655693558047
"PRSS53",0.369565217391304,0.203648913896681
"PRSS54",0.108695652173913,-0.60218981917753
"PRSS55",-0.34297011177993,-1.282742775631
"PRSS58",-0.37361009294759,-0.824119776021089
"PRSS59P",0.608308902913183,0.904067470166348
"PRSS8",0.306627251874938,0.41677534766919
"PRTFDC1",-0.485177865612648,-0.3556085107136
"PRTG",-0.242334440997935,-0.45478268367457
"PRTN3",0.680537005119421,1.19747698190261
"PRUNE1",-0.726284584980237,-1.40488131590302
"PRUNE2",-0.83498023715415,-1.76016434356309
"PRX",0.222332015810277,-0.12003151442045
"PRXL2A",-0.147763780147261,-0.0676402055940276
"PRXL2B",0.137487703260053,0.479334447253862
"PRXL2C",0.271739130434783,-0.119771263468553
"PRY",0.395648066935404,0.0529100243789137
"PSAP",-0.810276679841897,-1.9382197395329
"PSAPL1",0.780632411067194,1.6635762571274
"PSAT1",-0.119565217391304,0.0375370347490413
"PSCA",0.0846956534755611,-0.407144431818379
"PSD",0.618577075098814,0.724425274498953
"PSD2",-0.323122529644269,-0.325421777764714
"PSD3",0.292490118577075,1.34110794331099
"PSD4",0.251544361521591,0.575356690201115
"PSEN1",-0.734189723320158,-1.3732781680622
"PSEN2",-0.5800395256917,-1.47700864223392
"PSENEN",-0.814229249011858,-1.7994139783222
"PSG1",0.645256916996047,0.772141497224722
"PSG11",0.313027210506167,0.590716272190038
"PSG2",-0.0321225609015785,-0.535284169461529
"PSG3",0.393669826600727,0.179424454890504
"PSG4",0.284655308912449,0.0260778801624818
"PSG5",0.292490118577075,0.619285833095446
"PSG6",-0.571781584048097,-1.41268094700955
"PSG7",0.765579009520006,1.36788106678578
"PSG9",0.6699604743083,1.12387284524485
"PSIP1",-0.819169960474308,-3.08449972323581
"PSKH1",0.212997288439697,-0.286247535255099
"PSKH2",0.290966843917765,-0.343519603927717
"PSLNR",0.397825561934933,0.433243542695571
"PSMA1",-0.83300395256917,-2.18597197212754
"PSMA2",-0.815217391304348,-1.39154762220579
"PSMA3",-0.75296442687747,-1.71399627789054
"PSMA3-AS1",-0.625494071146245,-1.18270100504183
"PSMA4",-0.326086956521739,-0.323377741425406
"PSMA5",-0.529644268774703,-0.471876061757507
"PSMA6",-0.602421565215756,-1.09000088154785
"PSMA7",-0.649209486166008,-1.28173766011805
"PSMA8",-0.376482213438735,-1.45989067712834
"PSMB1",-0.886363636363636,-2.33436394108892
"PSMB10",-0.565851265112421,-1.6151001546521
"PSMB2",-0.760869565217391,-2.03781169760487
"PSMB3",-0.819169960474308,-2.78322975805387
"PSMB4",-0.766798418972332,-2.14701812942916
"PSMB5",-0.735177865612648,-1.69566606564563
"PSMB6",-0.796442687747036,-1.8601168807059
"PSMB7",-0.787549407114625,-2.03876980575919
"PSMB8",-0.0968379446640316,-0.0251003370341898
"PSMB8-AS1",0.236166007905138,0.333094226023526
"PSMB9",-0.344213818233801,-0.66760739226414
"PSMC1",-0.852766798418972,-2.83016586185665
"PSMC2",-0.796145317114507,-1.7705156275303
"PSMC3",-0.75197628458498,-2.09104961436597
"PSMC3IP",-0.0217391304347826,-0.534095276234772
"PSMC4",-0.630434782608696,-1.16133282566052
"PSMC5",-0.860671936758893,-2.30322617421067
"PSMC6",-0.675889328063241,-0.889246071123773
"PSMD1",-0.784584980237154,-2.52625429023046
"PSMD10",-0.790513833992095,-1.55414361549586
"PSMD11",-0.728260869565217,-1.40924115862752
"PSMD12",-0.776679841897233,-1.76254428560372
"PSMD13",-0.716403162055336,-2.05825324477902
"PSMD14",-0.714426877470356,-1.6491155488019
"PSMD14-DT",0.441699604743083,0.452690544323402
"PSMD2",-0.75,-1.78725571533078
"PSMD3",-0.560276679841897,-1.59299160879735
"PSMD4",-0.784584980237154,-3.49193568686875
"PSMD5",-0.549407114624506,-0.859918663985925
"PSMD6",-0.793478260869565,-1.44134474346871
"PSMD6-AS2",-0.125494071146245,-0.0147996089292926
"PSMD7",-0.866600790513834,-2.29819273391465
"PSMD7-DT",0.0400296528158132,-0.212619526065102
"PSMD8",-0.819169960474308,-1.61264134130394
"PSMD9",-0.810276679841897,-1.67934033115858
"PSME1",-0.579832003613418,-0.988444190712118
"PSME2",-0.472332015810277,-2.02850146748626
"PSME3",0.271806284551818,0.679298673201658
"PSME3IP1",-0.58695652173913,-1.56381337801412
"PSME4",-0.630434782608696,-0.830497316746028
"PSMF1",-0.700592885375494,-1.2043961375088
"PSMG1",-0.792490118577075,-1.4413116683477
"PSMG2",-0.83695652173913,-1.45922160177828
"PSMG3",-0.690711462450593,-1.27810661440095
"PSMG3-AS1",-0.386953310552861,-0.775694713116211
"PSMG4",-0.124505928853755,-0.327120975523041
"PSORS1C1",0.340993338801371,0.562251863774407
"PSORS1C2",0.481225296442688,1.17299428398682
"PSORS1C3",0.0197824033467702,-0.418243221805301
"PSPC1",-0.789226611689551,-2.30133773893772
"PSPH",0.545454545454545,1.27256332858967
"PSPHP1",0.185770750988142,0.355016805688692
"PSPN",0.15232450577013,0.0103089098057619
"PSRC1",-0.257905138339921,-0.605270140887212
"PSTK",0.0671936758893281,0.100601427359602
"PSTPIP1",0.0266864352105421,0.0459219793351857
"PSTPIP2",-0.420948616600791,-0.820283564709552
"PTAFR",0.346837944664032,0.125304182083581
"PTAR1",-0.608695652173913,-1.2045999529188
"PTBP1",0.387351778656126,0.459635343486242
"PTBP2",-0.658102766798419,-0.898952273360628
"PTBP3",0.117588932806324,0.23050423986563
"PTCD1",0.187747035573123,0.312051777216086
"PTCD2",-0.630434782608696,-1.4106430670641
"PTCD3",0.304347826086957,0.972361768235835
"PTCH1",0.0395256916996047,0.337348262729489
"PTCH2",0.278656126482213,-0.165849953710676
"PTCHD1",-0.201581027667984,0.0711608153638395
"PTCHD4",0.146245059288538,0.103308318598493
"PTCRA",0.522727272727273,-0.0507479054255247
"PTCSC1",0.24901185770751,0.542408057605494
"PTDSS1",-0.617588932806324,-0.972771437155806
"PTDSS2",0.553359683794466,0.586259295033223
"PTEN",-0.524703557312253,-1.2047285033169
"PTENP1",-0.28317272917853,-0.115297661557344
"PTER",0.0968618759493751,0.591176834328888
"PTGDR",0.130563862088683,0.280015478521175
"PTGDR2",-0.182806324110672,-0.0711276112582882
"PTGDS",-0.273715415019763,-0.670862965206758
"PTGER1",0.728260869565217,1.57272284076597
"PTGER2",0.512419424783505,0.353523490624959
"PTGER3",-0.160079051383399,-0.00434837878433452
"PTGER4",-0.50296442687747,-0.30592355451699
"PTGER4P2-CDK2AP2P2",0.715097624993601,0.882400154389734
"PTGES",0.4199604743083,0.35092854250994
"PTGES2",-0.556324110671937,-1.63000595555375
"PTGES3",-0.825098814229249,-2.29617819886428
"PTGES3L",0.0321942542450963,0.200004812877119
"PTGFR",-0.147233201581028,-0.0682436665207533
"PTGFRN",-0.08300395256917,-0.110555206109935
"PTGIR",0.823122529644269,1.37365728083531
"PTGIS",0.414441350114835,0.769737287073413
"PTGR1",-0.617588932806324,-1.16389220031317
"PTGR2",-0.354743083003953,-0.0308157418941821
"PTGR3",-0.237154150197628,0.00304672180313273
"PTGS1",-0.405138339920949,-1.0495591635129
"PTGS2",0.0721343873517787,-0.344024791667928
"PTH",-0.296021753539162,-0.861570591943037
"PTH1R",0.0513833992094862,0.137128535871222
"PTH2",0.778656126482213,1.37216421885671
"PTH2R",-0.522727272727273,-1.41968254430509
"PTHLH",0.0177865612648221,0.0915551177875724
"PTK2",-0.341897233201581,-1.09830582369919
"PTK2B",-0.235177865612648,-0.368418110507876
"PTK6",0.556324110671937,0.789117237022249
"PTK7",0.710474308300395,0.847324931838553
"PTMA",0.58166544894089,1.91224642130842
"PTMAP11",0.173956022113163,0.0564361633308449
"PTMS",-0.356313329385201,-0.718600720269029
"PTN",0.303359683794466,0.878075479179784
"PTOV1",-0.545454545454545,-1.68171973465458
"PTOV1-AS1",-0.0721522137173917,-0.379133904408638
"PTOV1-AS2",0.570158102766798,0.739149765375391
"PTP4A1",-0.873517786561265,-2.32353798135284
"PTP4A2",-0.523350646073409,-0.77203898069517
"PTP4A3",0.474308300395257,0.523149767106039
"PTPA",0.574110671936759,1.04213793423852
"PTPDC1",-0.474308300395257,-1.0041295823403
"PTPMT1",-0.732213438735178,-1.71053671986478
"PTPN1",0.142821847700864,0.317228152822652
"PTPN11",-0.574110671936759,-0.617267226792223
"PTPN12",-0.83300395256917,-1.7251625550532
"PTPN13",0.0256916996047431,0.604722166903633
"PTPN14",-0.648381536967245,-1.03671478090611
"PTPN18",0.167161308280208,0.0267420822064285
"PTPN2",-0.00592885375494071,0.258767755780737
"PTPN20",-0.255992100723348,-0.415864201518862
"PTPN21",-0.0741106719367589,-0.0961996793972493
"PTPN22",0.208519708264393,-0.0253422788608454
"PTPN23",0.795454545454546,2.20939137994483
"PTPN3",-0.704545454545454,-2.21769534575847
"PTPN4",0.273715415019763,1.05874712206337
"PTPN5",0.159090909090909,0.771570502247818
"PTPN6",-0.0474308300395257,0.0181198885435073
"PTPN7",0.410079051383399,0.61604694600776
"PTPN9",-0.199604376319597,-0.0628693056477252
"PTPRA",-0.295454545454545,-0.04990240295907
"PTPRB",-0.1195947652028,0.135012123415388
"PTPRC",0.192687747035573,0.72907498342632
"PTPRCAP",0.892292490118577,1.9519222836748
"PTPRD",-0.213438735177866,-0.0317457907150427
"PTPRD-AS1",-0.352155611819438,-0.664852294314436
"PTPRE",-0.614624505928854,-1.04124756875239
"PTPRF",-0.706521739130435,-1.84829018082201
"PTPRG",-0.379446640316206,-0.791576926730515
"PTPRG-AS1",-0.233259211469924,-0.438406825112349
"PTPRH",0.0790513833992095,-0.494482458598571
"PTPRJ",-0.772727272727273,-4.22721969282942
"PTPRK",-0.687747035573123,-2.16272696657943
"PTPRK-AS1",-0.587944664031621,-2.05004788669087
"PTPRM",-0.755928853754941,-1.54942512279633
"PTPRN",0.322134387351779,0.901152974939939
"PTPRN2",-0.798418972332016,-1.49031170601802
"PTPRN2-AS1",0.539164829901879,0.408118250295163
"PTPRO",0.563241106719368,0.731586126875996
"PTPRR",-0.420948616600791,-0.60991185566323
"PTPRS",-0.386363636363636,-1.91154472575175
"PTPRT",-0.431818181818182,-0.665912985798644
"PTPRT-AS1",-0.0909315570136991,-0.441342849774779
"PTPRU",0.0326086956521739,-0.355138932939989
"PTPRZ1",-0.223320158102767,-0.252604105102476
"PTRH1",-0.510007428468138,-1.22034877993615
"PTRH2",-0.738142292490119,-2.03438351404485
"PTRHD1",-0.440711462450593,-0.35850147446594
"PTS",-0.709486166007905,-1.42139826218411
"PTTG1",0.343873517786561,1.12636301611151
"PTTG1IP",-0.305335968379447,-1.00510288503466
"PTTG2",-0.0578206096228413,-0.297025697088245
"PTTG3P",0.516798418972332,0.535312249178412
"PTX3",-0.173913043478261,-0.0992946945566164
"PUDP",-0.486166007905138,-0.539297045215005
"PUF60",-0.733201581027668,-1.99234551932225
"PUM1",-0.735177865612648,-1.70750365198941
"PUM2",-0.707509881422925,-1.17900442353008
"PUM3",0.289597241358846,0.737587858723631
"PURA",-0.430830039525692,-0.191484040149551
"PURB",-0.694664031620553,-1.17747779101841
"PURG",-0.159090909090909,-0.291338068677244
"PURPL",0,-0.826525067611683
"PUS1",-0.169139548614885,-0.265868989649748
"PUS10",-0.392680706433388,-0.534995801611629
"PUS3",-0.124536697649197,0.119000445988034
"PUS7",-0.283877488026152,-0.588478941275045
"PUS7L",-0.283596837944664,-0.523447801839592
"PUSL1",0.354743083003953,0.373540760569313
"PVALB",-0.470966162141604,-0.840926665361612
"PVR",0.41501976284585,0.953711905975788
"PVRIG",-0.214426877470356,-1.10789976265495
"PVT1",-0.0506461059379046,-0.716203771705067
"PWAR5",0.397825561934933,0.807085384416423
"PWAR6",-0.357707509881423,-0.222275022706068
"PWP1",0.118577075098814,0.579960125944194
"PWP2",0.647233201581028,0.741504728845382
"PWRN1",0.516926133893094,0.384718034092269
"PWRN2",0.695652173913043,1.12442977565697
"PWWP2A",-0.485177865612648,-0.954583764179393
"PWWP2B",0.24604743083004,0.459538176748704
"PWWP3A",-0.265875965616142,-0.4830614974571
"PWWP3B",-0.537549407114625,-1.41738688823785
"PXDC1",0.058300395256917,0.272625313818804
"PXDN",-0.33695652173913,-1.28537752186633
"PXDNL",-0.316283676569388,-0.916952656785661
"PXK",-0.425500383634755,-0.611638809870392
"PXMP2",0.157114624505929,0.358556945994802
"PXMP4",0.294466403162055,0.604979932477299
"PXN",0.346429464492408,0.591983049736431
"PXN-AS1",-0.342885375494071,-0.626044694981823
"PXT1",0.134520342758037,-0.825218764902154
"PXYLP1",-0.25352113450015,-0.358873510199078
"PYCARD",-0.146245059288538,-0.247700619904287
"PYCARD-AS1",0.629446640316205,0.583581628704542
"PYCR1",0.756916996047431,1.04404646613887
"PYCR2",-0.717391304347826,-2.84997693791385
"PYCR3",-0.344861660079051,-1.01612032666064
"PYDC1",0.0256916996047431,0.0505154844127024
"PYGB",-0.729249011857708,-2.93705807783507
"PYGL",0.279644268774704,0.244987215436128
"PYGM",-0.10427477461897,-0.152910929218867
"PYGO1",0.580182869206971,1.13000456723036
"PYGO2",0.405238460604528,0.707681247525958
"PYHIN1",0.361255261831598,0.156232688177319
"PYM1",-0.600444792237198,-1.33974505988271
"PYROXD1",0.0938735177865613,0.409879866338407
"PYROXD2",0.360266875342319,0.366604481505261
"PYY",0.645256916996047,1.1500072421659
"PYY2",0.774703557312253,1.72476126194066
"PZP",0.717112121320419,1.15405689009116
"QARS1",-0.563241106719368,-1.6322926510714
"QDPR",-0.488142292490119,-0.626800495600874
"QKI",-0.141304347826087,0.0427719084191461
"QKILA",0.181998110790286,-0.3653860251349
"QNG1",0.761857707509881,1.84075862310026
"QPCT",-0.227272727272727,-0.372503374360898
"QPCTL",0.216950834396815,-0.086489038866157
"QPRT",0.24703557312253,0.784441494874985
"QRFPR",0.622529644268775,1.35118242254232
"QRICH1",-0.805335968379447,-2.34424383290143
"QRICH2",0.480237154150198,0.772080435928268
"QRSL1",-0.171936758893281,-0.776769279978289
"QSER1",-0.520750988142292,-0.570252771564039
"QSOX1",-0.534584980237154,-1.45615801027221
"QSOX2",-0.716403162055336,-2.30484706112898
"QTRT1",-0.550395256916996,-1.66857573391732
"QTRT2",-0.375494071146245,-0.598303354616485
"R3HCC1",-0.149209486166008,-0.501709519509234
"R3HCC1L",-0.313241106719368,-0.388975765808527
"R3HDM1",-0.767482108925406,-2.42778396034398
"R3HDM2",-0.616600790513834,-0.906933371037568
"R3HDM4",0.757905138339921,0.91814447215971
"R3HDML",0.393377822733176,0.54922768404895
"RAB10",0.0355819136140562,0.707856421564849
"RAB11A",-0.714426877470356,-1.34165699628319
"RAB11B",0.860884632162303,2.39295955945297
"RAB11B-AS1",0.516431940648454,0.81798109302059
"RAB11FIP1",0.660242174838597,1.03572838584325
"RAB11FIP2",-0.703557312252964,-1.12844029290911
"RAB11FIP3",0.888339920948617,2.31618937985685
"RAB11FIP4",-0.486166007905138,-1.21530436254678
"RAB11FIP5",-0.591897233201581,-0.868495113156509
"RAB12",-0.349394623960246,-0.940572404370422
"RAB13",0.186758893280632,0.240554479854338
"RAB14",0.520385486605571,1.9149483257921
"RAB15",-0.589920948616601,-1.36783234405417
"RAB17",0.145617088431666,0.49581518580755
"RAB17-DT",0.632411067193676,1.67233856592963
"RAB18",-0.797430830039526,-1.59480316808682
"RAB1A",-0.75197628458498,-1.5994787697421
"RAB1B",0.491106719367589,1.37023920484491
"RAB20",0.389328063241107,0.604962238191994
"RAB21",-0.779644268774704,-1.73552103325089
"RAB22A",-0.75098814229249,-1.4825836581751
"RAB23",-0.115612648221344,0.338008504914609
"RAB24",-0.797430830039526,-1.59166564671043
"RAB25",0.511501751531801,0.878957641833076
"RAB26",-0.195652173913043,-0.69413457204385
"RAB27A",0.543478260869565,1.75538619677217
"RAB27B",-0.676877470355731,-0.799643381033608
"RAB28",0.0276679841897233,0.340381658473715
"RAB29",-0.41897233201581,-0.531714676252094
"RAB2A",-0.810276679841897,-1.52305799804742
"RAB2B",-0.569169960474308,-0.337378754760271
"RAB30",-0.511857707509881,-0.545755870245628
"RAB30-DT",0.171485055889965,0.585684182194263
"RAB31",-0.220355731225296,-0.844426272172937
"RAB32",-0.117705299913283,-0.201576909723885
"RAB33A",-0.700592885375494,-1.17040199020296
"RAB33B",0.0563241106719368,0.466983497758275
"RAB34",-0.300395256916996,-0.931176852431091
"RAB35",-0.319169960474308,-0.44024221239501
"RAB36",0.279644268774704,0.736585938553047
"RAB37",-0.41403162055336,-1.0574218866394
"RAB38",0.475296442687747,0.549754212734495
"RAB39A",0.299654212588973,0.356923827937931
"RAB39B",-0.33201581027668,0.08191578642452
"RAB3A",0.523244568522071,1.01015829037659
"RAB3B",-0.275691699604743,-0.563818255732183
"RAB3C",-0.670948616600791,-1.08421152085472
"RAB3D",-0.589920948616601,-2.46128248004275
"RAB3GAP1",0.619565217391304,2.73166186044762
"RAB3GAP2",-0.554347826086957,-0.834872448573085
"RAB3IL1",0.686758893280632,0.753849498437705
"RAB3IP",0.109683794466403,0.0778901147376861
"RAB40A",-0.472332015810277,-1.27341924786977
"RAB40AL",0.482332606768317,-0.0711098961799925
"RAB40B",-0.708210039814373,-1.35553145163595
"RAB40C",0.482332606768317,0.963660034230681
"RAB42",0.0519031205280554,-0.147984227069197
"RAB43",0.689723320158103,0.928711315001013
"RAB4A",-0.386363636363636,-0.440989185773889
"RAB4B",0.475296442687747,1.5534619799694
"RAB5A",-0.710474308300395,-1.26392198937391
"RAB5B",-0.786561264822134,-2.02411754193476
"RAB5C",0.395256916996047,0.337722357862288
"RAB5IF",-0.651185770750988,-1.23367262935925
"RAB6A",-0.770750988142292,-2.01606582713759
"RAB6B",-0.622529644268775,-1.32790797494562
"RAB6C",-0.74901185770751,-1.54490929917237
"RAB7A",-0.639328063241107,-1.06221018889187
"RAB7B",0.304649011540261,0.0632526058048328
"RAB8A",-0.794466403162055,-3.48574420273266
"RAB8B",-0.287549407114625,0.178845290200848
"RAB9A",-0.66403162055336,-0.97208857469855
"RAB9B",-0.804052409028741,-2.15528049915147
"RAB9BP1",-0.443291340441783,-1.60573719241393
"RABAC1",-0.805335968379447,-1.63728272297075
"RABEP1",-0.74901185770751,-1.56677801777459
"RABEP2",0.742094861660079,0.856738534384079
"RABEPK",-0.383988151085023,-0.566355069083313
"RABGAP1",0.555335968379447,1.49498510473181
"RABGAP1L",-0.811264822134387,-1.76342280504026
"RABGEF1",-0.772424041371802,-1.24288155659887
"RABGEF1P1",0.728260869565217,0.968377729488351
"RABGGTA",-0.336545599599614,-0.0644972645355783
"RABGGTB",-0.735177865612648,-1.60956509900073
"RABIF",-0.0301457879230198,0.393456237171054
"RABL2A",-0.154188292327577,-0.395621555729458
"RABL2B",-0.629446640316205,-1.04715209113585
"RABL3",-0.397331368690294,-0.220429349352759
"RABL6",0.428959736347233,0.884156385807095
"RAC1",-0.694664031620553,-1.57960828048133
"RAC2",0.402173913043478,0.793563841047359
"RAC3",0.240218666290334,-0.188018741052179
"RACGAP1",-0.0603363302076491,0.155115613057741
"RACGAP1P1",0.0286632081891008,-0.659665204410637
"RACK1",-0.547430830039526,-1.42020984534593
"RAD1",-0.0968379446640316,-0.522342918404396
"RAD17",-0.524703557312253,-0.654207696781893
"RAD18",-0.619565217391304,-1.07709413990604
"RAD21",-0.405138339920949,0.11051050497041
"RAD21-AS1",0.657277015370759,0.960044165165521
"RAD21L1",-0.27885177138445,-0.842088185121964
"RAD23A",0.0968379446640316,-0.0748207497126818
"RAD23B",-0.622529644268775,-1.13084103282409
"RAD50",-0.211462450592885,-0.0751254768484869
"RAD51",0.349159419070494,0.794731224227024
"RAD51-AS1",-0.245059288537549,-0.764098495934694
"RAD51AP1",-0.476755920657162,-0.915515175991607
"RAD51B",0.504571302777102,0.951000294154963
"RAD51C",-0.725296442687747,-1.73978256584166
"RAD51D",-0.427971349857953,-0.742227483323136
"RAD52",-0.358695652173913,-0.757552168900697
"RAD54B",-0.480355833789758,-0.944184286260084
"RAD54L",0.138868301743747,0.0528963677446571
"RAD54L2",-0.0860534545584503,-0.276170484855388
"RAD9A",0.780632411067194,2.0198864521852
"RAD9B",-0.1878398647682,-0.724369130055407
"RADIL",0.073140600206671,-0.195323064885625
"RADX",-0.704545454545454,-1.86910836197768
"RAE1",-0.309288537549407,-0.352395680486523
"RAET1E",-0.0479367447300479,-0.278103327786745
"RAF1",-0.826785298282166,-1.99767186239526
"RAG1",-0.0385375494071146,-0.885444405996117
"RAG2",0.0108965168214172,-0.0741951861879686
"RAI1",0.706521739130435,2.83254666387269
"RAI14",-0.303359683794466,-0.351114737387463
"RAI2",0.286561264822134,1.26267450076908
"RALA",-0.697628458498024,-1.39536617786165
"RALB",-0.490118577075099,-0.345682084371471
"RALBP1",0.645256916996047,4.52699942636688
"RALGAPA1",-0.764822134387352,-1.43941510547215
"RALGAPA1P1",-0.398221343873518,-0.317133633516798
"RALGAPA2",0.107734127331448,0.80818600423477
"RALGAPB",-0.736166007905138,-1.79905844000607
"RALGDS",0.256916996047431,0.424734397372884
"RALGPS1",-0.489130434782609,-0.544009473221604
"RALGPS2",-0.652819310443416,-1.10178742623989
"RALY",-0.262845849802372,-0.532663339490753
"RALY-AS1",0.472799439987807,1.16189429284003
"RALYL",-0.58695652173913,-0.402155024142217
"RAMAC",-0.849233914925706,-2.10571399797782
"RAMP1",-0.292490118577075,-0.437761160263439
"RAMP2",0.657114624505929,0.304572438533656
"RAMP2-AS1",0.811264822134387,2.00146277571845
"RAMP3",0.317507573715662,0.633576150275679
"RAN",-0.637351778656126,-0.793387798154404
"RANBP1",-0.726284584980237,-1.68036196958006
"RANBP10",-0.25197628458498,-0.757373732439199
"RANBP17",0.0642451218031569,0.21083687118252
"RANBP2",-0.704545454545454,-1.26500950673956
"RANBP3",0.448344098275678,0.775499374332718
"RANBP3L",0.174839565361831,-0.202175143457126
"RANBP6",-0.756916996047431,-1.19648933964132
"RANBP9",-0.235177865612648,-0.0265919881961457
"RANGAP1",-0.572134387351779,-1.5708010941895
"RANGRF",-0.724308300395257,-1.62430075651256
"RAP1A",-0.779644268774704,-1.97563617462619
"RAP1B",-0.600790513833992,-0.871820414337103
"RAP1GAP",0.537549407114625,1.28439084700798
"RAP1GAP2",0.0839920948616601,0.547491725171121
"RAP1GDS1",-0.729249011857708,-1.35257918023086
"RAP2A",-0.119565217391304,0.274991534039857
"RAP2B",-0.0760869565217391,-0.171694351178247
"RAP2C",-0.0662055335968379,0.3205685512582
"RAP2C-AS1",0.280910127524137,0.436281947894585
"RAPGEF1",0.382011378106464,0.457369845950785
"RAPGEF2",-0.58695652173913,-0.966911444868712
"RAPGEF3",0.00395256916996047,0.0751358770649456
"RAPGEF4",-0.170990862645325,0.309436229211855
"RAPGEF4-AS1",0.0880316948931273,0.246691259204083
"RAPGEF5",-0.305335968379447,-0.397654808852343
"RAPGEF6",-0.162055335968379,0.357535427589881
"RAPGEFL1",0.318181818181818,0.519342580588995
"RAPH1",0.0187747035573123,0.441734293492132
"RAPSN",0.690882156006257,0.843502249068625
"RARA",0.58596837944664,0.860234938224377
"RARA-AS1",-0.000988386489279338,-0.0178449230904516
"RARB",0.0518902906871652,0.271986150993393
"RARB-AS1",0.280632411067194,0.376604781428292
"RARG",0.451692625600657,0.219563871743449
"RARRES1",0.400197628458498,0.607165290809128
"RARRES2",0.41403162055336,0.712061191918146
"RARS1",-0.726284584980237,-1.78189740890702
"RARS2",-0.446640316205534,-1.08846836284381
"RASA1",-0.776679841897233,-1.01429329864329
"RASA2",-0.645256916996047,-1.28511639341416
"RASA3",-0.274277250775016,-0.515186617143973
"RASA4",0.702569169960474,1.76976384233221
"RASAL1",-0.126482213438735,-0.303395784744597
"RASAL2",-0.595008666546161,-0.678073390073273
"RASAL3",0.503952569169961,0.45179087485078
"RASD1",-0.244625656096636,-0.235205487778353
"RASD2",0.449604743083004,1.48200548004583
"RASEF",0.504940711462451,0.906456970640036
"RASGEF1A",0.0869565217391304,0.424510379458981
"RASGEF1B",-0.254940711462451,-0.926681913970566
"RASGEF1C",0.494560083669255,0.774264395576652
"RASGRF1",-0.362648221343874,-0.817015512998175
"RASGRF2",-0.838932806324111,-2.18279334592689
"RASGRP1",-0.0691699604743083,-0.152304593739152
"RASGRP2",0.227272727272727,-0.0415708382713475
"RASGRP3",-0.156126482213439,-0.0348511097806799
"RASGRP4",0.256068145303305,0.055533969217965
"RASIP1",0.33695652173913,0.788108214228307
"RASL10A",0.0187747035573123,0.148139323161981
"RASL10B",0.0434782608695652,-0.346478849096533
"RASL11A",0.698616600790514,0.88837427858515
"RASL11B",0.0741106719367589,0.196102155044338
"RASL12",0.0988142292490119,-0.0537353817593688
"RASSF1",-0.16798418972332,0.151649283110024
"RASSF1-AS1",0.493083003952569,1.77386168406552
"RASSF10",-0.132411067193676,-0.952385304704599
"RASSF2",-0.399209486166008,-0.445186602317684
"RASSF3",0.272727272727273,0.689106688292169
"RASSF4",-0.309288537549407,-0.516485098347265
"RASSF5",-0.327075098814229,-0.629240697332058
"RASSF6",0.00148257973391901,-0.919817178029035
"RASSF7",0.387351778656126,0.590569884211911
"RASSF8",-0.208498023715415,0.0458980321251407
"RASSF8-AS1",0.156165065306135,1.07389021068169
"RASSF9",0.394658946768065,0.437558440525802
"RAVER1",0.625494071146245,1.5352549131979
"RAVER2",0.565217391304348,1.62801515782841
"RAX",0.296736050201553,0.013532732585972
"RAX2",0.66600790513834,1.05104491911531
"RB1",0.16304347826087,1.02913531891984
"RB1-DT",0.365974461915248,0.521933004480733
"RB1CC1",-0.155138339920949,-0.0368189325726141
"RBAK",-0.104743083003953,0.110789514612881
"RBAKDN",0.118577075098814,-0.531212864611149
"RBBP4",0.510869565217391,1.18994792084734
"RBBP5",-0.494071146245059,-1.38214345500408
"RBBP6",-0.0128458498023715,-0.298863504139971
"RBBP7",-0.736166007905138,-1.13258248875461
"RBBP8",-0.162055335968379,-0.224856009890351
"RBBP8NL",0.00446988943438107,-0.462072226034687
"RBBP9",-0.645416377499408,-1.46630826239483
"RBCK1",0.401185770750988,0.340280228892078
"RBFA",-0.122529644268775,-0.145773621309777
"RBFADN",0.205584389770102,0.419136128903922
"RBFOX1",-0.322708188749704,-0.569534898329729
"RBFOX2",-0.750679538607657,-1.29245090218789
"RBFOX3",0.101778656126482,0.54330073489471
"RBIS",-0.744071146245059,-1.04445425855489
"RBKS",-0.194664031620553,-0.424354892141735
"RBL1",-0.110781458741913,-0.318267674069071
"RBL2",0.141304347826087,0.842492016520152
"RBM10",-0.631422924901186,-1.64130446274279
"RBM11",-0.532608695652174,-0.823312869328507
"RBM12",-0.599802371541502,-1.15697928339061
"RBM12B",0.551383399209486,1.44857909798168
"RBM12B-AS1",0.55363328563259,1.22331562961996
"RBM14",-0.260869565217391,-0.690153713304027
"RBM15",-0.0177909568070281,0.317488323698181
"RBM15B",-0.736166007905138,-2.77559143550388
"RBM17",-0.157114624505929,-0.281781337123738
"RBM18",-0.677865612648221,-1.53880186176603
"RBM19",0.324684961728262,0.255400361420234
"RBM20",-0.319169960474308,-0.499534064906407
"RBM22",-0.806324110671937,-1.6129270269908
"RBM23",-0.603363302076491,-1.46033118931431
"RBM24",-0.0692384117136957,-0.0852198527216757
"RBM25",0.74802371541502,1.79230200336858
"RBM26",-0.58300395256917,-1.02718762513094
"RBM26-AS1",-0.234421479659227,-0.389466444552911
"RBM27",-0.463438735177866,0.0138666534425857
"RBM28",0.370553359683794,0.659847401839842
"RBM3",0.146920715865517,0.473700509748831
"RBM33",-0.33695652173913,-0.519364198990589
"RBM33-DT",0.280701762955332,0.11611762731927
"RBM34",-0.826086956521739,-1.78553386544566
"RBM38",0.725969876375673,1.22774623606993
"RBM39",-0.727272727272727,-1.61526672155814
"RBM4",-0.694341508718735,-1.28795830620743
"RBM41",0.569169960474308,1.55460906605074
"RBM42",-0.365612648221344,-0.567839315790237
"RBM43",0.166543123443568,-0.0496194522661039
"RBM45",-0.566205533596838,-1.65564768142004
"RBM46",0.0266798418972332,-0.156883275851791
"RBM47",0.191699604743083,-0.436359909443026
"RBM48",0.523715415019763,1.72097144297411
"RBM4B",-0.0762756177499205,0.22014978145309
"RBM5",-0.577075098814229,-1.14501679858876
"RBM6",-0.293478260869565,-0.780698987017665
"RBM7",-0.264822134387352,-0.195058170876672
"RBM8A",-0.0790513833992095,0.56969882968071
"RBMS1",0.537549407114625,1.69171879342908
"RBMS2",0.376482213438735,0.567264821590069
"RBMS3",0.295454545454545,1.35326598526888
"RBMS3-AS3",-0.263833992094862,-0.472734535776245
"RBMX",-0.6699604743083,-1.30337508778733
"RBMX2",-0.447628458498024,-0.506454028000205
"RBMXL1",0.0662218947817156,0.518736206141868
"RBMXL2",-0.0158298414400557,-0.381686752012215
"RBMY1A1",0.449221659377459,0.180069745090417
"RBMY2BP",-0.2556242977449,-0.793056417046663
"RBMY2FP",0.364220421299436,0.126499662780021
"RBMY3AP",0.682806324110672,1.10238781980623
"RBP1",-0.455533596837945,-1.24199174354719
"RBP2",0.474308300395257,0.373089845671024
"RBP3",0.295820161911042,0.46794066397676
"RBP4",-0.543478260869565,-0.647922837991419
"RBP5",0.651185770750988,0.60738713995889
"RBP7",-0.132443789563431,-0.367898143377286
"RBPJ",0.0123548311159917,0.296448308837266
"RBPJL",0.326086956521739,0.113403943389676
"RBPMS",0.143810234190144,0.42583683185638
"RBPMS-AS1",0.482213438735178,0.919356759966471
"RBPMS2",0.493570963501916,0.847960853426976
"RBSN",-0.784584980237154,-1.91719809847454
"RBX1",-0.886363636363636,-2.83393036850463
"RC3H1",-0.642292490118577,-1.0235787193282
"RC3H2",-0.503952569169961,-0.49613310369805
"RCAN1",-0.846837944664032,-1.63647377043486
"RCAN2",-0.272727272727273,-0.219235523058392
"RCAN3",-0.432806324110672,-0.783156100921777
"RCBTB1",-0.303434652208757,0.0154244399955783
"RCBTB2",-0.483201581027668,-0.606275229681402
"RCC1",0.489130434782609,0.969889811527874
"RCC1L",-0.127501857117035,-0.242733568281809
"RCC2",-0.556324110671937,-1.14731545643947
"RCCD1",0.0800593056316263,-0.0302119401197288
"RCE1",0.58695652173913,0.741764571961539
"RCHY1",-0.625494071146245,-0.601951326324063
"RCL1",0.0365703001033355,0.427396113825434
"RCN1",-0.0810276679841897,-0.0954706739671812
"RCN2",-0.293478260869565,0.164604501514279
"RCN3",0.590909090909091,1.53017528962543
"RCOR1",-0.632411067193676,-0.676631701537407
"RCOR2",0.112648221343874,-0.637743540239373
"RCOR3",-0.845849802371541,-2.09507297906562
"RCSD1",-0.510869565217391,-1.1058971269649
"RCVRN",0.706521739130435,1.20333508770828
"RD3",0.128522012736137,-0.496776073837048
"RDH10",0.271806284551818,0.279349366351059
"RDH11",-0.745059288537549,-1.40945486489395
"RDH12",-0.108722513820727,-0.620021859154528
"RDH13",0.482213438735178,1.23128724842822
"RDH14",-0.154150197628458,0.256834557995974
"RDH16",0.58201581027668,0.606540609065013
"RDH5",0.710649885791844,1.15270906355627
"RDH8",0.570299004314178,0.722931820364393
"RDM1",0.37361009294759,0.202501005085146
"RDM1P5",0.564862878623141,1.01487951439707
"RDUR",0.245614042585915,0.15417625909725
"RDX",-0.424901185770751,-0.89695142602988
"REC114",0.56733384484634,1.36124426177567
"REC8",0.396245059288538,0.0109203053554677
"RECK",-0.373517786561265,-0.579542475250692
"RECQL",-0.438735177865613,-0.218933363499302
"RECQL4",0.293478260869565,0.105199112048132
"RECQL5",0.280632411067194,-0.0260366857240548
"REEP1",-0.852766798418972,-2.97789856821972
"REEP2",0.452569169960474,0.424988090038518
"REEP3",-0.117123798979602,-0.0347090152208228
"REEP4",0.568322231335619,0.752934726413079
"REEP5",-0.91304347826087,-2.58858452255765
"REEP6",0.0133432176052711,0.174678339783572
"REG1A",0.0810476921209057,-0.235655212712518
"REG1B",0.131422924901186,-0.0686462629608296
"REG1CP",0.58399209486166,1.65403395815231
"REG3A",-0.131455403074152,-0.919818827361784
"REG3G",0.533596837944664,0.663428626735695
"REG4",0.653162055335968,0.999672273694844
"REL",0.131422924901186,-0.108338862452232
"RELA",0.476284584980237,0.801859432832491
"RELB",0.297430830039526,0.259689520453281
"RELCH",-0.728260869565217,-1.4859039062297
"RELL1",-0.041501976284585,0.167929748114465
"RELL2",0.297504333273081,0.777640953550058
"RELN",-0.229249011857707,-0.177325784377393
"RELT",0.0355819136140562,-0.42633651722808
"REM1",0.670948616600791,0.463571227197361
"REM2",-0.0424901185770751,0.0313557894293665
"REN",0.0543612569103636,-0.143115792433966
"RENBP",0.618200104586568,1.27468771843087
"REPIN1",0.132411067193676,0.425948425655909
"REPS1",-0.711462450592885,-1.88935306845804
"REPS2",-0.83399209486166,-1.92664966955374
"RER1",-0.16699604743083,-0.363956658406008
"RERE",-0.650852503190444,-1.18201944464031
"RERG",-0.378458498023715,-0.35299971257759
"RERGL",-0.217445027641454,-0.773184677647765
"RESF1",-0.623517786561265,-0.535836647059425
"REST",0.720355731225296,1.55656725855832
"RET",0.591897233201581,1.1026690914977
"RETN",0.489130434782609,0.743469089044817
"RETNLB",0.116394611501502,-0.580389606191063
"RETREG1",-0.812252964426878,-1.88549006149843
"RETREG1-AS1",0.105731225296443,-0.222996578199893
"RETREG2",-0.220355731225296,0.0208182046266392
"RETREG3",-0.779644268774704,-2.57411899432145
"RETSAT",-0.700592885375494,-1.19246307698652
"REV1",-0.744071146245059,-1.30103683252352
"REV3L",-0.162055335968379,-0.0416723278561038
"REX1BD",-0.479249011857708,-1.52163981892833
"REXO1",0.538670636657239,0.466103029541422
"REXO1L1P",0.512972587935976,0.984510995855316
"REXO2",-0.793478260869565,-2.35029415901098
"REXO4",-0.376482213438735,-0.68131840440417
"REXO5",-0.171485055889965,-0.128903787040194
"RFC1",-0.730237154150198,-1.12197767865826
"RFC2",-0.40326168762597,-0.778478140453102
"RFC3",-0.273715415019763,-0.400605856439909
"RFC4",-0.827075098814229,-2.00630634899643
"RFC5",-0.233753404714563,-0.559389294701206
"RFESD",-0.303359683794466,-0.901478637648886
"RFFL",-0.325673348217542,-0.335047316323812
"RFK",-0.0133432176052711,0.271866146741565
"RFLNA",0.115727059578606,0.0284584618694278
"RFLNB",0.121541501976285,0.501863454342277
"RFNG",0.430830039525692,0.34708584180137
"RFPL1",0.0822191723797844,-0.0826903512325248
"RFPL1S",-0.181818181818182,0.363787132018817
"RFPL2",0.243083003952569,0.313192182334111
"RFPL3",0.16304347826087,0.507494852113313
"RFPL3S",0.43818023413096,1.01605946517953
"RFT1",-0.459486166007905,-1.23899068806043
"RFTN1",-0.669631846486751,-1.22648453868185
"RFTN2",0.363726228054796,0.681298545935554
"RFWD3",-0.569169960474308,-0.74766493542794
"RFX1",0.733876968289908,2.26502781699776
"RFX2",0.637351778656126,0.934728505078466
"RFX3",-0.0138339920948617,0.379833056734348
"RFX4",-0.00790513833992095,0.383796508155249
"RFX5",-0.765810276679842,-1.32446961687019
"RFX5-AS1",0.58201581027668,1.27645543329792
"RFX6",-0.0306399811676595,-0.672098847857874
"RFX7",-0.380434782608696,-0.581891010806508
"RFXANK",-0.572134387351779,-1.00792590313752
"RFXAP",-0.301383399209486,-0.206186361108211
"RGCC",-0.162055335968379,-0.039315786964327
"RGL1",0.235177865612648,0.407877134756747
"RGL2",-0.1699604743083,-0.249624318099219
"RGL3",0.694835701963374,1.96204466853513
"RGL4",0.219421800620013,0.455142439676466
"RGMA",0.577075098814229,1.69334950261396
"RGMB",-0.536561264822134,-1.42349517528247
"RGMB-AS1",0.66304347826087,1.11357928083857
"RGN",-0.50197628458498,-0.484972382540668
"RGP1",-0.231454119157211,-0.156015333100062
"RGPD1",-0.246108235830555,-0.809905205482117
"RGPD4-AS1",0.47689648107728,0.456106084511508
"RGPD5",-0.840909090909091,-1.77616744616684
"RGR",0.299407114624506,0.306000922710211
"RGS1",0.0691699604743083,0.431426204619287
"RGS10",-0.0671936758893281,-0.359285825133326
"RGS11",0.456521739130435,0.606693826247011
"RGS12",-0.16501976284585,-0.0320386924248481
"RGS13",-0.285573122529644,-0.765835393171993
"RGS14",0.00494071146245059,0.255632117764574
"RGS16",0.144304427434783,0.144971447971802
"RGS17",-0.710474308300395,-1.35578233049193
"RGS18",0.0494193244639669,0.265903481984739
"RGS19",0.58102766798419,0.851919630889674
"RGS2",-0.518774703557312,-0.732447280014321
"RGS20",-0.506916996047431,-1.22981463904537
"RGS22",0.158102766798419,-0.221571600645497
"RGS3",0.00889328063241107,-0.453996369553351
"RGS4",-0.108695652173913,0.341303211573102
"RGS5",-0.363636363636364,-0.462333045995739
"RGS6",0.402173913043478,1.13003780145394
"RGS7",-0.552371541501976,-0.741622545929937
"RGS7BP",0.436372635016827,2.04704334251826
"RGS8",-0.243083003952569,-0.537242148066383
"RGS9",0.148221343873518,0.191422739305535
"RGS9BP",0.36417655164939,0.454027528865873
"RGSL1",0.243637269607357,-0.0152134733163082
"RHAG",0.471343873517787,-0.20039526105458
"RHBDD1",0.518408713627013,0.311869381400336
"RHBDD2",-0.766798418972332,-1.58923031236485
"RHBDD3",0.870274303810457,2.30343544746298
"RHBDF1",0.52236225958413,0.752513342292441
"RHBDF2",0.379892200092137,0.442888121373326
"RHBDL1",-0.236166007905138,-0.430191881261842
"RHBDL2",0.304347826086957,0.737205611802426
"RHBDL3",-0.412055335968379,-1.1301771972656
"RHBG",0.387351778656126,0.119234413594374
"RHCE",-0.0963676827047354,-0.610932074449597
"RHCG",0.681818181818182,1.38380190984629
"RHD",0.16897233201581,-0.180545542121658
"RHEB",-0.613636363636364,-1.11995506269809
"RHEBL1",-0.188735177865613,-0.255374624440571
"RHEX",0.33102766798419,0.271306172669706
"RHNO1",-0.25395256916996,-0.577282111385835
"RHO",0.720355731225296,1.11972758646482
"RHOA",-0.689723320158103,-1.47620112985906
"RHOB",0.689723320158103,3.33266551648071
"RHOBTB1",-0.41403162055336,-1.03726012074543
"RHOBTB2",-0.652335082924363,-1.60145744165321
"RHOBTB3",-0.280207569710692,-0.576530576319207
"RHOC",0.571781584048097,0.496030275519176
"RHOD",0.730237154150198,0.869935201570076
"RHOF",0.403755880870609,1.19234339774706
"RHOG",0.545454545454545,1.340886889186
"RHOH",0.274771444019656,0.118416342943038
"RHOJ",-0.294466403162055,-0.369607291432253
"RHOQ",0.425889328063241,1.7773373589028
"RHOQ-AS1",0.260869565217391,-0.0351541739603725
"RHOT1",0.153162055335968,0.794008459439197
"RHOT2",0.275691699604743,0.295389931738621
"RHOU",-0.391304347826087,-0.767599279346959
"RHOV",0.0558438366442826,-0.061553010183452
"RHOXF1",0.133399209486166,-0.214803658329184
"RHOXF2",0.372529644268775,0.356470852617671
"RHPN1",0.662055335968379,0.95959929032944
"RHPN1-AS1",0.309364971144433,0.383177902246041
"RHPN2",0.199159877589787,0.870927310022641
"RIBC1",0.295454545454545,0.134577199319742
"RIBC2",0.610479560496651,1.06469113760145
"RIC1",0,0.203879909778687
"RIC3",0.287126275135648,-0.102789997607502
"RIC8A",-0.411067193675889,-1.66967436644252
"RIC8B",-0.303359683794466,-0.273237440765917
"RICTOR",-0.203557312252964,-0.273153820117286
"RIDA",-0.759881422924901,-1.98986513179346
"RIF1",-0.757905138339921,-1.61287296204281
"RIGI",0.213438735177866,0.00984266276657705
"RIIAD1",-0.526679841897233,-1.56605735270472
"RILP",0.565217391304348,0.888801645346266
"RILPL1",0.577075098814229,1.39667742040561
"RILPL2",-0.322134387351779,-0.273332601589774
"RIMBP2",-0.688735177865613,-2.0103494633984
"RIMBP3",0.0958498023715415,-0.210553689612677
"RIMKLA",-0.626482213438735,-1.40076638378711
"RIMKLB",0.0395256916996047,-0.485815574622085
"RIMOC1",-0.852766798418972,-2.86652645218359
"RIMS1",-0.467391304347826,-1.12270828797863
"RIMS2",-0.392389436243897,-0.490420412508727
"RIMS3",-0.278656126482213,-0.230149939016112
"RIMS4",0.262416612903664,0.605527823757493
"RIN1",0.658102766798419,0.643558819847737
"RIN2",-0.183794466403162,-0.142535848017122
"RIN3",0.633399209486166,0.99565356728126
"RING1",0.711462450592885,1.31975433235267
"RINT1",-0.445652173913043,-0.545138825459972
"RIOK1",-0.513833992094862,-1.01993235280093
"RIOK2",-0.782608695652174,-1.5742494837355
"RIOK3",0.776679841897233,1.88844513612778
"RIOX1",-0.636520899095893,-1.27740833631318
"RIOX2",-0.538537549407115,-0.707211765141928
"RIPK1",-0.0306324110671937,-0.34443094260344
"RIPK2",0.0681818181818182,0.414098152984797
"RIPK3",0.504077109532462,0.783510599857878
"RIPK4",-0.0534124890362795,-0.108764915845182
"RIPOR1",0.713438735177866,1.69761590827924
"RIPOR2",-0.359683794466403,-0.285272520880812
"RIPOR3",0.294757809866876,0.605869843156375
"RIPOR3-AS1",0.488857368306309,0.405818455019562
"RIPPLY1",0.0123548311159917,-0.0606005512200906
"RIPPLY2",-0.205090196525463,-0.3459673641446
"RIPPLY3",0.125494071146245,0.0131506718789275
"RIT1",-0.173999032627386,0.165078726579606
"RIT2",-0.765810276679842,-0.927516428053071
"RITA1",-0.217391304347826,-0.888441761344645
"RLBP1",0.33695652173913,0.467505210307779
"RLF",-0.529644268774703,-0.589608271698369
"RLIG1",-0.121541501976285,0.390267288525524
"RLIM",-0.812252964426878,-1.93275852963277
"RLN1",-0.0731948923830497,-0.223780460771168
"RLN2",-0.175889328063241,-0.622845781991849
"RLN3",0.462450592885375,0.83378241521398
"RMC1",-0.041501976284585,0.224927483172759
"RMDN1",-0.411168779540204,-1.27146203136772
"RMDN2",-0.446640316205534,-0.853893478168377
"RMDN3",-0.692687747035573,-2.11394924745617
"RMI1",-0.43340747554899,-0.505788923964904
"RMI2",-0.091897233201581,-0.426702612581768
"RMND1",-0.773715415019763,-2.01588146182778
"RMND5A",-0.803359683794466,-1.35946738794947
"RMND5B",-0.441308931267397,-1.26144239420558
"RMST",-0.127470355731225,-0.18209827603268
"RNA45SN5",-0.16600790513834,-1.03388026104016
"RNASE1",-0.448616600790514,-1.02851261988644
"RNASE11",0.102766798418972,-0.200388366202427
"RNASE11-AS1",0.515443554159175,0.721742089299892
"RNASE2",0.3300395256917,0.610990425511531
"RNASE2CP",0.375464051656322,0.557551621908196
"RNASE3",0.663701527551075,1.05033776186031
"RNASE4",-0.259881422924901,-0.0706540535696425
"RNASE6",-0.0849802371541502,-0.345148971409794
"RNASE7",0.481838413523677,0.66435179425071
"RNASEH1",-0.456140364802414,-0.37560498806347
"RNASEH1-DT",0.567114170932851,1.59355878443677
"RNASEH2A",-0.403162055335968,-0.846486185978124
"RNASEH2B",0.528656126482213,1.41808032449617
"RNASEH2C",0.365208807788715,0.453215496980222
"RNASEK",-0.740795673714864,-1.47164353655254
"RNASEL",0.379540411883266,0.678430164113666
"RNASET2",-0.117588932806324,-0.423814663541141
"RND1",-0.300469492740919,-0.81589669699693
"RND2",0.318181818181818,0.91597303772915
"RND3",-0.579051383399209,-1.41512931954444
"RNF10",-0.259451453435826,-1.22694363154158
"RNF103",-0.605731225296443,-1.33720507823964
"RNF11",-0.432806324110672,-0.457891180765113
"RNF111",-0.504940711462451,-0.522454088317694
"RNF112",-0.342885375494071,-0.997710612868754
"RNF113A",-0.364624505928854,-0.440836393053803
"RNF114",-0.299407114624506,-0.395306973289777
"RNF115",-0.514822134387352,-0.872861392099158
"RNF121",-0.24604743083004,0.0938014925741174
"RNF122",0.700592885375494,0.963280565140311
"RNF123",-0.389424276776059,-0.568448520696494
"RNF125",0.149357145268115,-0.236302942903296
"RNF126",0.161226587276177,-0.0472315946493989
"RNF126P1",0.470355731225296,1.22547803037421
"RNF128",-0.0252038554766231,0.357398796441519
"RNF13",-0.626482213438735,-1.36085349268246
"RNF130",-0.327075098814229,-0.383785237846974
"RNF133",0.222332015810277,-0.50866474122204
"RNF135",-0.190711462450593,-0.34838765411275
"RNF138",-0.1699604743083,-0.0939401669194377
"RNF139",-0.741106719367589,-1.2576778811914
"RNF139-DT",-0.324270924441946,0.0451754233271046
"RNF14",-0.591549313833683,-0.820253351863665
"RNF141",-0.618577075098814,-0.726455092880031
"RNF144A",-0.277667984189723,-0.416177562818702
"RNF144B",-0.277667984189723,-0.262988728845834
"RNF145",-0.578063241106719,-0.837018752736272
"RNF146",-0.870553359683795,-1.74770871502491
"RNF148",0.398813948424213,0.310857386760136
"RNF149",-0.692687747035573,-3.39310403711902
"RNF150",0.523715415019763,1.50244588439606
"RNF151",-0.192687747035573,-1.27899782855714
"RNF152",-0.293768689699537,-1.44563906647276
"RNF157",-0.513833992094862,-1.65386863206764
"RNF157-AS1",0.261428226414385,-0.0552776971004374
"RNF166",0.217606436814472,0.650922391048458
"RNF167",-0.0869565217391304,-0.589833208888012
"RNF168",-0.688735177865613,-0.7081234740129
"RNF169",-0.259149483842689,-0.273009015422843
"RNF17",0.456747460646887,0.842175004857614
"RNF170",-0.620553359683795,-1.22998935342666
"RNF175",-0.789525691699605,-2.64889403311284
"RNF180",-0.409090909090909,-0.473523111493647
"RNF181",-0.688735177865613,-1.55150879758754
"RNF182",-0.216403162055336,-0.687628967500054
"RNF183",0.204545454545455,0.0652049956245727
"RNF185",-0.600938985481837,-1.18776063417093
"RNF185-AS1",0.113636363636364,-0.261633550124343
"RNF186",0.445652173913043,0.177031426478474
"RNF187",-0.745059288537549,-1.15930000039253
"RNF19A",-0.642292490118577,-1.18877593398017
"RNF19B",0.380434782608696,-0.124075570158787
"RNF2",-0.111193480043925,-0.229331529666541
"RNF20",-0.769762845849802,-1.33291520992299
"RNF207",0.058300395256917,0.146041503160979
"RNF208",0.361660079051383,0.52078308857504
"RNF212",0.630096386915578,1.06289148853935
"RNF212B",0.374876543421295,0.254651771929403
"RNF213",-0.188735177865613,-0.0578631526508103
"RNF213-AS1",0.672597005954589,0.779200413160717
"RNF214",-0.0889328063241107,0.0147886044127296
"RNF215",0.261857707509881,0.344103907909411
"RNF216",0.530632411067194,1.32920647275741
"RNF217",-0.258893280632411,-0.333132149887668
"RNF217-AS1",0.0612799623353189,-0.24450531833013
"RNF220",-0.221343873517787,-0.183318498030918
"RNF227",0.145256916996047,0.193079655334498
"RNF24",0.408102766798419,1.07220906710451
"RNF25",-0.440711462450593,-1.26403174031828
"RNF26",-0.463438735177866,-1.06859517067213
"RNF31",0.346837944664032,0.0755284942840563
"RNF32",0.211521971858307,-0.0692928700992907
"RNF32-DT",-0.517786561264822,-1.60675063759581
"RNF34",-0.773491970858714,-2.10042399671327
"RNF38",-0.661067193675889,-0.956487829072185
"RNF39",0.571781584048097,0.74459353654024
"RNF4",-0.703236987122249,-1.90264913464106
"RNF40",-0.319169960474308,-0.736679334384714
"RNF41",-0.757905138339921,-1.69231165682413
"RNF43",0.507905138339921,0.893461610011507
"RNF44",0.286561264822134,0.675172934604081
"RNF5",-0.404150197628458,-0.110503395158004
"RNF6",-0.339920948616601,0.0057931287064731
"RNF7",-0.74604743083004,-1.20417287588822
"RNF8",-0.75,-1.55189553693631
"RNFT1",0.416110711986601,0.617384024386031
"RNFT2",-0.839634322642797,-1.70143132591345
"RNGTT",-0.639328063241107,-1.22773011529685
"RNH1",-0.472448741875523,-0.762964550442589
"RNLS",-0.0266798418972332,0.161795512133014
"RNMT",-0.689723320158103,-2.61019208969108
"RNPC3",0.703557312252964,2.50619746765996
"RNPEP",-0.687747035573123,-1.77871437549982
"RNPEPL1",0.22386953982177,-0.224502158602038
"RNPS1",-0.695652173913043,-1.63973409758251
"RNU6-501P",0.420376071118866,0.638344377730843
"RO60",0.285573122529644,0.683322908729932
"ROBO1",-0.3300395256917,-0.361586126491867
"ROBO2",-0.429841897233202,-0.58349358513736
"ROBO3",0.754940711462451,1.2561152753861
"ROBO4",0.139328063241107,0.883404234541478
"ROCK1",-0.283596837944664,-0.432436723920525
"ROCK2",-0.608695652173913,-1.53141316121959
"ROGDI",-0.229249011857707,-0.81338445947421
"ROM1",0.33201581027668,0.524491469475859
"ROMO1",-0.784584980237154,-2.61706650280666
"ROPN1",-0.282318844918537,-0.935068623957868
"ROPN1L",-0.0217391304347826,-0.170526202084147
"ROR1",0.314229249011858,0.390812282355337
"ROR1-AS1",0.155291866272146,-0.28609028363188
"ROR2",0.0316205533596838,-0.492804441575427
"RORA",-0.0958498023715415,0.404277005359385
"RORA-AS1",0.282888367858814,0.149109856871448
"RORB",-0.0751173731852297,-0.0660444163562903
"RORC",0.633399209486166,0.823813726889118
"ROS1",0.377843903923311,0.628508134432736
"RP1",0.0291574014337405,-0.379282737617666
"RP1L1",0.0266798418972332,-0.28111693745056
"RP2",-0.0054374697696058,-0.318738681145253
"RP9",-0.796442687747036,-2.07184235681857
"RP9P",-0.521739130434783,-1.29829354861898
"RPA1",-0.845849802371541,-1.77529191492057
"RPA2",-0.782608695652174,-1.95168388176781
"RPA3",-0.622529644268775,-1.15594517856444
"RPA4",0.364624505928854,0.218751934205849
"RPAIN",-0.605880917928234,-0.609742257636603
"RPAP1",-0.101309615151132,-0.628946963461194
"RPAP2",-0.322134387351779,-0.689431013562465
"RPAP3",-0.774703557312253,-1.64475739842911
"RPAP3-DT",0.411168779540204,0.311643854976173
"RPE",-0.541501976284585,-0.706608141796594
"RPE65",0.0708273593392119,-0.228381479116159
"RPF1",-0.765999529191487,-1.41551651662663
"RPF2",-0.075098814229249,-0.479183557630475
"RPGR",-0.512972587935976,-0.263181181295878
"RPGRIP1",0.233779815441315,-0.297666872461833
"RPGRIP1L",-0.319169960474308,-0.273377192657843
"RPH3A",-0.256916996047431,-0.627967828361511
"RPH3AL",0.435212873628944,0.0676471220404621
"RPH3AL-AS1",0.482213438735178,0.510302417410185
"RPIA",-0.443291340441783,-0.665194140191272
"RPL10",-0.599802371541502,-1.50264953904841
"RPL10A",-0.729249011857708,-1.40101456686791
"RPL10L",0.000988142292490119,-0.0529135835617341
"RPL11",-0.731225296442688,-1.64213290475045
"RPL12",-0.618577075098814,-1.10650846685767
"RPL13",-0.314229249011858,-1.05712355851321
"RPL13A",-0.483201581027668,-1.45099910767102
"RPL13AP17",0.429453929591872,0.564416985962903
"RPL13P5",0.657114624505929,2.71611728123436
"RPL14",-0.648875730211885,-1.58705742205355
"RPL15",-0.828063241106719,-1.91894652995313
"RPL17",-0.707509881422925,-2.08964332343014
"RPL18",-0.620553359683795,-1.44566680813077
"RPL18A",-0.66798418972332,-1.71600700742308
"RPL19",-0.705707953345447,-2.06533067348797
"RPL21",-0.179841897233202,0.0606589880630019
"RPL22",0.0592885375494071,0.370690029382594
"RPL22L1",-0.384387351778656,-0.607712608555503
"RPL23",-0.706521739130435,-1.68017260050168
"RPL23A",-0.694664031620553,-1.63094098098242
"RPL23AP32",0.477272727272727,0.960154819387181
"RPL23AP53",0.141304347826087,-0.472594122412517
"RPL23AP7",-0.446640316205534,-0.451982215583676
"RPL24",-0.732213438735178,-1.73619222166045
"RPL26L1",-0.629446640316205,-1.0055367135541
"RPL26L1-AS1",0.503462165175301,0.681552588202431
"RPL27",-0.49802371541502,-0.944374749682539
"RPL27A",-0.680830039525692,-1.68860423113041
"RPL28",-0.475296442687747,-1.14391349052025
"RPL29",-0.762845849802372,-1.93836552189601
"RPL3",-0.671936758893281,-1.80464795865047
"RPL30",-0.532608695652174,-0.866863150981382
"RPL31",-0.690711462450593,-1.37131285288853
"RPL32",-0.553990627241069,-1.36523859715584
"RPL32P3",0.141304347826087,-0.371784650348778
"RPL34",-0.607707509881423,-1.01752258205461
"RPL34-DT",0.348814229249012,0.259862745397592
"RPL35",-0.638339920948617,-1.54854888539883
"RPL35A",-0.685770750988142,-1.9271368751936
"RPL36",-0.524703557312253,-1.31327313469145
"RPL36A",-0.626482213438735,-1.12677249084516
"RPL36AL",-0.803359683794466,-1.78885945977411
"RPL37",-0.256916996047431,-0.367343225431439
"RPL37A",-0.348814229249012,-0.430041183764073
"RPL38",-0.631422924901186,-1.14657705610322
"RPL39",-0.370553359683794,-0.538018419705174
"RPL39L",-0.399604547604758,-0.681661994295225
"RPL3L",0.718379446640316,1.37960431314233
"RPL4",-0.817193675889328,-2.19678456952727
"RPL41",-0.648221343873518,-1.7007255891995
"RPL5",-0.521373873094851,-0.849393724302983
"RPL6",-0.688735177865613,-1.64441728650284
"RPL7",-0.693675889328063,-1.58221207270119
"RPL7A",-0.717391304347826,-1.89918911545793
"RPL7L1",-0.58596837944664,-0.973758864827118
"RPL8",-0.689723320158103,-1.64802046154686
"RPL9",-0.658102766798419,-1.3940362203519
"RPLP0",-0.479249011857708,-1.497123975497
"RPLP1",-0.452569169960474,-0.880796667179887
"RPLP2",-0.739130434782609,-1.85042709950591
"RPLP2P1",0.302940458964117,0.223367282696402
"RPN1",-0.8300395256917,-3.73658770693503
"RPN2",-0.439723320158103,-0.224415566185692
"RPP14",0.462450592885375,1.59550348484272
"RPP21",-0.0306324110671937,-0.310021205855621
"RPP25",-0.0410586512351446,-0.543011332926238
"RPP25L",-0.350790513833992,-0.765008666898252
"RPP30",-0.714426877470356,-1.57948562101767
"RPP38",-0.52285645282877,-0.921112092649785
"RPP40",-0.431818181818182,-0.954234580857669
"RPPH1",0.557312252964427,1.19311153045138
"RPRD1A",-0.842885375494071,-1.80251082559503
"RPRD1B",-0.684782608695652,-1.60504320275629
"RPRD2",0.58117125569625,1.64855568756721
"RPRM",-0.24901185770751,-0.361218096577767
"RPRML",0.0938735177865613,0.422996809639012
"RPS10",-0.400197628458498,-0.70358164823249
"RPS10P7",0.425500383634755,0.689434550360756
"RPS11",-0.511857707509881,-1.46874942091692
"RPS11P6",0.576086956521739,1.12134340794757
"RPS12",-0.507905138339921,-0.935611944646717
"RPS13",-0.492094861660079,-0.585501124044883
"RPS14",-0.712450592885375,-1.36113790508049
"RPS15",-0.719367588932806,-2.29682037369708
"RPS15A",-0.25395256916996,-0.220269271186708
"RPS16",-0.320158102766798,-0.190495159265067
"RPS16P5",0.763833992094862,1.92480359271782
"RPS17",-0.641304347826087,-1.64054803683815
"RPS18",-0.337944664031621,-0.542002222239076
"RPS19",-0.402173913043478,-1.00383211927452
"RPS19BP1",-0.483201581027668,-1.05723281333357
"RPS2",-0.494071146245059,-1.10865164238058
"RPS20",-0.526679841897233,-1.19760124577792
"RPS21",-0.439723320158103,-0.485426801424884
"RPS23",-0.571146245059289,-0.872462100673989
"RPS24",-0.66304347826087,-1.20560050819589
"RPS25",-0.348814229249012,-0.487749904268765
"RPS26",-0.734189723320158,-2.22771200226658
"RPS27",0.33596837944664,1.00014270004997
"RPS27A",-0.528656126482213,-1.01334247624066
"RPS27L",-0.0420064257943719,0.646160081259435
"RPS28",-0.0434782608695652,0.0198900348297857
"RPS29",0.0326086956521739,0.343251923785633
"RPS2P45",0.478379060811199,0.588845706674725
"RPS3",-0.489130434782609,-0.761378065026281
"RPS3A",-0.634387351778656,-1.46712232691328
"RPS4X",-0.614624505928854,-1.08597904003122
"RPS4Y1",-0.548418972332016,-0.987922862114335
"RPS5",-0.464426877470356,-0.98109045128045
"RPS6",-0.602766798418972,-1.40135443211112
"RPS6KA1",0.202125037057625,0.458886366487702
"RPS6KA2",-0.606719367588933,-1.24145071660373
"RPS6KA2-AS1",0.454545454545455,0.411804405692822
"RPS6KA3",-0.270750988142292,-0.129138123053608
"RPS6KA4",0.341981725290651,-0.0129005199343115
"RPS6KA5",0.0711462450592885,1.086361858653
"RPS6KA6",-0.440711462450593,-0.801254244197926
"RPS6KB1",-0.676877470355731,-0.734173910673929
"RPS6KB2",0.392292490118577,0.325059012390801
"RPS6KC1",-0.851778656126482,-2.15724226389785
"RPS6KL1",-0.0464426877470356,-0.598798709211138
"RPS7",-0.630434782608696,-1.09519153879962
"RPS8",0.0889328063241107,0.772768385961268
"RPS9",-0.306324110671937,-1.0423052269256
"RPSA",-0.482213438735178,-1.11356543300008
"RPTN",0.279713376466053,-0.151898778356202
"RPTOR",0.340004952312092,-0.0171329235746532
"RPUSD1",0.121571538181359,-0.436004381952989
"RPUSD2",-0.373517786561265,-1.23385760862454
"RPUSD3",0.392292490118577,0.595616882144847
"RPUSD4",-0.744071146245059,-2.18690325467228
"RRAD",0.33300395256917,0.852289919493812
"RRAGA",-0.761857707509881,-1.7992915333747
"RRAGB",-0.621541501976285,-1.34297610109033
"RRAGC",-0.220355731225296,0.459140587815669
"RRAGD",-0.735177865612648,-1.08862927211434
"RRAS",0.487636242497885,1.38694000935382
"RRAS2",-0.273715415019763,-0.0338847177194737
"RRBP1",0.66600790513834,1.4429527699073
"RREB1",-0.441808760707864,-0.853258737353847
"RRH",0.0859683794466403,0.139575995859351
"RRM1",-0.769953075148604,-1.35214651360853
"RRM2",-0.370553359683794,-0.516355222359392
"RRM2B",-0.439723320158103,0.0348482971589097
"RRN3",-0.647873709606724,-0.971428776595805
"RRN3P1",-0.452569169960474,-0.992764791686265
"RRN3P2",0.0533596837944664,-0.402080902169173
"RRN3P3",0.548418972332016,1.8124981828367
"RRP1",-0.194664031620553,-0.976300229774164
"RRP12",-0.428853754940711,-1.68328159510206
"RRP15",-0.445652173913043,-0.639859024645203
"RRP1B",0.127470355731225,-0.0525703360498872
"RRP36",-0.75296442687747,-1.54690583524748
"RRP7A",-0.0948616600790514,-0.467030186156439
"RRP7BP",-0.0256916996047431,-0.248806301343236
"RRP8",-0.288537549407115,-0.667085974621602
"RRP9",-0.198665684345147,-0.707983584806186
"RRS1",-0.692364735740176,-1.63010619024174
"RRS1-DT",-0.425069697861321,-1.3172249953335
"RS1",0.453017036641037,0.368009728033995
"RSAD1",-0.698616600790514,-1.60502158878744
"RSAD2",-0.256980487212628,-0.668680107232032
"RSBN1",0.210474308300395,1.14173336204753
"RSBN1L",0.579051383399209,1.55687820569883
"RSF1",0.432806324110672,1.9951378295059
"RSKR",0.0859683794466403,0.477893981489972
"RSL1D1",-0.41304347826087,-0.178567091965084
"RSL24D1",-0.609683794466403,-1.10377204085291
"RSPH1",-0.393280632411067,-0.370289347951824
"RSPH10B",0.24802371541502,0.284909116769239
"RSPH10B2",-0.775691699604743,-3.41725328582767
"RSPH14",0.240118577075099,0.66676271853823
"RSPH3",-0.58399209486166,-1.14734675517027
"RSPH4A",-0.235730177693122,-0.648297718297466
"RSPH6A",0.361028861078556,0.510956262847519
"RSPH9",0.00197628458498024,-0.228632813759524
"RSPO1",0.420948616600791,0.577878466645723
"RSPO2",-0.722332015810277,-1.47844761450255
"RSPO3",-0.257905138339921,-0.0716822732638322
"RSPO4",0.124505928853755,0.364375289963124
"RSPRY1",-0.638003478829812,-1.84309737180014
"RSRC1",0.543478260869565,1.442074804708
"RSRC2",-0.755928853754941,-1.03658120329326
"RSRP1",-0.536561264822134,-0.891435366010265
"RSU1",-0.449604743083004,-0.501654529846392
"RSU1P2",0.64096863829765,0.929485772664452
"RTBDN",0.323122529644269,-0.0271345614174336
"RTCA",-0.527667984189723,-0.865579898519058
"RTCB",-0.700592885375494,-1.67745482359442
"RTEL1",0.463438735177866,0.433094822271242
"RTEL1-TNFRSF6B",0.335311736727755,0.512340432920622
"RTF1",-0.844861660079052,-2.72420062419281
"RTF2",-0.768774703557312,-2.74660252656655
"RTKN",0.0652173913043478,0.344864371310624
"RTKN2",-0.346192058568478,-1.43502067384705
"RTL10",-0.16699604743083,-0.324926480042055
"RTL3",0.488625362665224,1.09857213113119
"RTL5",-0.58695652173913,-1.87333703957242
"RTL6",-0.687747035573123,-1.48973336896478
"RTL8A",0.0711462450592885,0.631235101414121
"RTL8C",-0.556324110671937,-0.736565849312898
"RTL9",0.359683794466403,0.103509755693559
"RTN1",0.33596837944664,1.373338552644
"RTN2",0.437747035573123,1.08781876347206
"RTN3",-0.803359683794466,-3.90612405937974
"RTN4",-0.813241106719368,-1.35504878006355
"RTN4IP1",-0.625494071146245,-1.06369265788001
"RTN4R",0.00691699604743083,0.000417151844349907
"RTN4RL1",-0.453557312252964,-0.968684235165733
"RTN4RL2",0.405732653849168,0.12966421553917
"RTP1",-0.548060308305393,-1.32207916469625
"RTP3",0.285431828466005,0.068653177137886
"RTP4",0.127470355731225,-0.104674882411618
"RTP5",-0.0217445027641454,-0.535067353548965
"RTRAF",-0.857425279449825,-2.35737150948373
"RTTN",-0.50296442687747,-0.429066376417464
"RUBCN",-0.256486293967988,-0.124179708239469
"RUBCNL",-0.372529644268775,-0.933947049335196
"RUFY1",-0.259945646680466,-0.628878101186241
"RUFY2",0.303359683794466,0.455585455651968
"RUFY3",0.0227272727272727,0.800067570336473
"RUNDC1",-0.861660079051383,-2.01487497385601
"RUNDC3A",-0.560276679841897,-1.56079388619058
"RUNDC3A-AS1",-0.348986696121972,-0.404916602480267
"RUNDC3B",-0.676877470355731,-1.03742521986595
"RUNX1",0.130434782608696,0.145828009290346
"RUNX1-IT1",0.321447246231808,-0.0761176112196367
"RUNX1T1",-0.0108695652173913,-0.00558919415820178
"RUNX2",0.451581027667984,0.620573173357395
"RUNX3",0.00592885375494071,-0.66347152554316
"RUSC1",-0.477272727272727,-0.378491744697301
"RUSC1-AS1",0.718556977706079,2.70406892130725
"RUSC2",0.106719367588933,-0.318161504889525
"RUSF1",-0.16304347826087,-0.341216746266801
"RUVBL1",-0.302371541501976,-0.400735392918073
"RUVBL2",-0.493083003952569,-1.41380624863498
"RWDD1",-0.601778656126482,-0.787653027240948
"RWDD2A",-0.25395256916996,0.0697369703857167
"RWDD2B",-0.617247362554946,-1.76544538900406
"RWDD3",-0.771739130434783,-1.30192526037248
"RWDD4",-0.469367588932806,-0.450173184631689
"RXFP1",0.0316283676569388,0.150614649669086
"RXFP2",0.044026746505155,-0.424974452951585
"RXFP3",0.379446640316206,0.511317850461928
"RXRA",0.41699604743083,0.962090428657237
"RXRB",-0.248085008809114,-0.927459677556269
"RXRG",0.324110671936759,0.4763850004725
"RXYLT1",-0.0602766798418972,0.691628823612799
"RYBP",-0.318754642792586,-0.418101017888558
"RYK",-0.739130434782609,-1.52923207225539
"RYR1",-0.0622529644268775,0.0464200604051679
"RYR2",0.329051383399209,1.13545334176879
"RYR3",-0.016798418972332,-0.281788046925159
"RYR3-DT",0.441308931267397,0.850736613355662
"S100A1",0.375494071146245,0.353767958475245
"S100A10",0.130434782608696,0.206845787412885
"S100A11",0.683651277192407,1.66742813450641
"S100A12",0.224530277985842,-0.13367075117922
"S100A13",-0.632411067193676,-1.63889772494704
"S100A14",0.126019277383116,-0.175574498919829
"S100A16",-0.162055335968379,-0.467341987518169
"S100A2",0.231282438491365,0.346107303338705
"S100A3",0.722731198247545,0.979065327568996
"S100A4",0.1906676929427,0.092645762676436
"S100A5",0.372529644268775,-0.0896079900845604
"S100A6",-0.487154150197628,-0.733041200782261
"S100A7",0.0523715415019763,0.448023235234658
"S100A7A",-0.393760494228486,-0.867479784914008
"S100A8",-0.00296809527001045,-0.587749922817544
"S100A9",0.550395256916996,0.657437214617141
"S100B",-0.58102766798419,-1.6312879179823
"S100G",0.0553496433996429,-0.334601010773431
"S100P",0.0948616600790514,0.00235566125114209
"S100PBP",-0.227272727272727,-0.183672671040932
"S100Z",0.319485814050339,0.770767606991482
"S1PR1",-0.287126275135648,-0.370901663707869
"S1PR1-DT",-0.279921007356798,-0.677439520321002
"S1PR2",0.362333212829186,-0.247521591817303
"S1PR3",0.192687747035573,0.623422920028042
"S1PR4",0.518298967685379,0.562447928082347
"S1PR5",-0.202569169960474,-0.401224049063488
"SAA2",-0.279644268774704,-1.28420436298622
"SAA3P",-0.137487703260053,-0.84170295015644
"SAA4",-0.131422924901186,-0.412882437137029
"SAAL1",-0.0286561264822134,-0.292400689162566
"SAC3D1",0.080553498876266,0.248595301781215
"SACM1L",-0.380034605127905,-0.176871274271694
"SACS",-0.685770750988142,-0.746774448553221
"SACS-AS1",-0.331353170614914,-1.00908264451206
"SAE1",-0.739130434782609,-1.53300422575635
"SAFB",-0.790513833992095,-2.76606256059358
"SAFB2",0.74703557312253,1.99568219428604
"SAG",0.314229249011858,0.110111623777175
"SAGE1",0.420558451188358,0.801431380557538
"SALL1",-0.182357307272038,0.0226455376130524
"SALL2",-0.171936758893281,-0.382268800078621
"SALL3",0.0177865612648221,0.0808507751002127
"SALL4",0.671936758893281,0.919407875326558
"SAMD1",0.410180393050925,0.120762905226388
"SAMD10",0.337944664031621,0.144921283316053
"SAMD11",0.702569169960474,0.870452642147796
"SAMD12",-0.694664031620553,-1.52782221447836
"SAMD13",-0.227272727272727,-0.446717513512963
"SAMD14",0.234421479659227,0.582298973376409
"SAMD15",0.58300395256917,1.12866876264752
"SAMD3",-0.0839920948616601,-0.230327563559546
"SAMD4A",0.00296515946783801,0.475676447460515
"SAMD4B",0.206726114973748,0.243075916533406
"SAMD5",0.239130434782609,1.11940122042311
"SAMD8",-0.797230854874838,-1.36689686769082
"SAMD9",-0.13946594359473,-0.321628338207128
"SAMD9L",0.138339920948617,0.132125009941911
"SAMHD1",0.714426877470356,1.69099105236462
"SAMM50",-0.793478260869565,-1.44289884737861
"SAMMSON",-0.301952072474838,-1.05359729029766
"SAMSN1",-0.350790513833992,-0.091317055122893
"SANBR",0.528656126482213,1.50707302517121
"SAP130",-0.603754940711463,-1.23721776328389
"SAP18",-0.711462450592885,-1.74110837369919
"SAP25",0.653162055335968,1.07471780324247
"SAP30",-0.426877470355731,-0.432373170428059
"SAP30BP",0.200592885375494,-0.0382001210655674
"SAP30L",-0.694664031620553,-1.09632440582098
"SAPCD1",0.213438735177866,0.263458235016928
"SAPCD1-AS1",-0.255928853754941,-0.339255679898422
"SAPCD2",0.368173967256553,0.516810832206988
"SAR1A",-0.74604743083004,-2.05246399216756
"SAR1B",-0.689723320158103,-1.02607619073236
"SARAF",-0.683794466403162,-1.30403966052933
"SARDH",0.479367447300479,0.513468406855728
"SARM1",0.324110671936759,0.0812315956319841
"SARNP",-0.83399209486166,-1.77418508476905
"SARS1",-0.820158102766798,-2.70680399539608
"SARS2",0.343873517786561,0.62327268365294
"SART1",0.128458498023715,0.549413557373907
"SART3",0.0563241106719368,0.378733957411878
"SASH1",-0.106719367588933,0.238420691271475
"SASH3",0.33399209486166,0.686346225014306
"SASS6",-0.62614284095846,-1.26952783603868
"SAT1",0.113636363636364,0.435253776995645
"SAT2",-0.181368920782758,-0.666907807163551
"SATB1",-0.368173967256553,-0.108340782046059
"SATB2",-0.255003714234069,-0.0915821128953274
"SATB2-AS1",0.516926133893094,0.682796114538466
"SAV1",0.785573122529644,2.43580265640786
"SAXO1",0.527826275516859,1.22356477670091
"SAXO2",0.0800395256916996,0.383971862491532
"SAXO3",0.323442294719693,0.378605911936165
"SAXO4",0.515937747403814,0.717988593364215
"SAXO5",0.536561264822134,0.824841887982526
"SAYSD1",-0.503952569169961,-0.799691411592981
"SBDS",-0.805040795518021,-1.3774696830929
"SBDSP1",0.593873517786561,2.74298445673908
"SBF1",0.475296442687747,0.51109449434178
"SBF2",0.280632411067194,1.3671128793321
"SBF2-AS1",0.462450592885375,0.649108034540923
"SBK1",0.0721343873517787,-0.0955631147351892
"SBNO1",-0.817193675889328,-4.02515121538961
"SBNO2",-0.0158259226774162,-0.440938604116941
"SBSN",0.293478260869565,0.0927157213379181
"SBSPON",-0.102868497403205,-0.9131560627083
"SC5D",-0.66600790513834,-1.30800375017725
"SCAF1",0.701581027667984,0.903003233840456
"SCAF11",-0.679841897233202,-1.86378856909356
"SCAF4",-0.255928853754941,-0.542437720132958
"SCAF8",-0.459486166007905,-0.786772736234228
"SCAI",-0.774703557312253,-1.10571072724913
"SCAMP1",-0.8300395256917,-2.2459084033259
"SCAMP1-AS1",-0.37262170645831,-1.05369218170189
"SCAMP2",0.791501976284585,2.04150522522012
"SCAMP3",-0.645256916996047,-1.13920756007601
"SCAMP4",0.645910570744047,1.50595229637125
"SCAMP5",-0.716403162055336,-2.49136962340495
"SCAND1",-0.690711462450593,-1.23565556296176
"SCAND2P",0.0533596837944664,-0.0474594892769772
"SCAND3",-0.386363636363636,-1.12356526818771
"SCAP",-0.319248836037226,-1.0389533227309
"SCAPER",-0.400790721402771,0.0818656583020242
"SCARA3",0.105731225296443,0.303928363872346
"SCARA5",0.510869565217391,0.605541592936546
"SCARB1",-0.155138339920949,-0.196110779583656
"SCARB2",-0.804347826086957,-1.7709637273909
"SCARF1",0.637351778656126,1.11778024368906
"SCARF2",0.24802371541502,-0.301102971254915
"SCARNA17",0.697329717973649,1.74784314046681
"SCARNA2",0.578063241106719,0.774574616302982
"SCART1",-0.17840376131492,-0.732002855197149
"SCAT1",0.125649366430442,-0.388100937536242
"SCCPDH",-0.645256916996047,-0.509884608236235
"SCD",-0.451581027667984,-1.37237592772652
"SCD5",-0.66304347826087,-1.55755275636139
"SCEL",-0.20612953581142,-0.573611984819788
"SCFD1",-0.672924901185771,-1.22009166173424
"SCFD2",-0.694664031620553,-1.44819561181749
"SCG2",-0.534584980237154,-0.471142099716673
"SCG3",-0.555335968379447,-0.96475830006249
"SCG5",-0.727272727272727,-1.31529525072863
"SCGB1A1",0.201136650568345,0.0318357879658986
"SCGB1C1",0.289525691699605,0.34151306994044
"SCGB1D1",-0.33201581027668,-1.25512312197298
"SCGB1D2",0.212997288439697,0.329079130842572
"SCGB2A1",0.196640316205534,0.483906978911228
"SCGB2A2",0.394860402467095,0.507475827372319
"SCGB2B2",0.339268217397109,0.259753541780498
"SCGB3A1",0.504940711462451,0.957094486492067
"SCGB3A2",0.617741555799586,1.35653155614973
"SCGN",-0.25395256916996,-0.789168551624649
"SCHIP1",-0.673913043478261,-1.12484563227334
"SCIN",0.395746036001394,0.408725387256637
"SCIRT",-0.0642292490118577,-0.42729132786703
"SCLT1",-0.465415019762846,-0.821479889283924
"SCLY",0.554347826086957,1.10550100133813
"SCMH1",0.605731225296443,1.13132199714685
"SCMH1-DT",0.733201581027668,1.39991011793357
"SCML1",-0.454545454545455,-0.562496904117299
"SCML2",-0.453557312252964,-1.49233681268883
"SCML4",0.344213818233801,0.367451884587577
"SCN10A",0.712450592885375,0.855014148683391
"SCN11A",0.192687747035573,0.184164588741128
"SCN1A",-0.272727272727273,-0.118384011127648
"SCN1A-AS1",0.212008901950418,-0.0563831204964634
"SCN1B",0.459486166007905,0.774387261010262
"SCN2A",-0.719367588932806,-1.73129078110085
"SCN2B",-0.870553359683795,-3.35709265860577
"SCN3A",-0.104743083003953,0.336448199061842
"SCN3B",-0.541501976284585,-1.31233370233661
"SCN4A",0.555335968379447,0.562990317480821
"SCN4B",-0.637351778656126,-0.962495193968703
"SCN5A",0.379446640316206,0.496420282653272
"SCN7A",-0.218379446640316,-0.557264101875528
"SCN8A",0.0158102766798419,0.390410257678385
"SCN9A",-0.326086956521739,-0.628027657397508
"SCNM1",-0.537549407114625,-0.933476685761113
"SCNN1A",0.33399209486166,0.0795155318574208
"SCNN1B",0.115612648221344,-0.0634202269787116
"SCNN1D",0.606375111172874,1.10735937219724
"SCNN1G",0.347826086956522,-0.0299439243629912
"SCO1",-0.709342647216757,-1.47175701074912
"SCO2",-0.660079051383399,-1.07356182415855
"SCOC",-0.591897233201581,-1.08943713677512
"SCOC-AS1",-0.552371541501976,-1.04742140366697
"SCP2",-0.598814229249012,-0.60032550429754
"SCP2D1",-0.155670872061496,-0.569278769877072
"SCP2D1-AS1",0.679021518134905,1.03858114976523
"SCPEP1",-0.546442687747036,-1.42889784011881
"SCRG1",-0.438349407995386,-0.964905321139933
"SCRIB",0.751173731852297,2.58943894074316
"SCRN1",-0.450592885375494,-0.61634661857608
"SCRN2",-0.0938967164815371,-0.609716181203499
"SCRN3",-0.702569169960474,-1.09855020196359
"SCRT1",0.420948616600791,0.649720900919299
"SCT",0.485885590991377,0.953451300772444
"SCTR",0.409495749278143,0.661100451693179
"SCTR-AS1",0.485177865612648,0.894224804379941
"SCUBE1",0.327974527336155,0.0931011839397957
"SCUBE1-AS1",0.222552037651165,0.128917431512132
"SCUBE2",-0.131422924901186,-0.472683922505627
"SCUBE3",0.638003478829812,1.12429651403573
"SCYL1",-0.607707509881423,-1.0989982790413
"SCYL2",-0.733927164165174,-1.47454718486877
"SCYL3",-0.192687747035573,0.0550439574809871
"SDAD1",-0.359683794466403,-0.137266386214695
"SDAD1-AS1",0.51606531267895,0.77702611679647
"SDC1",0.277942767022121,-0.0437069069209753
"SDC2",-0.196688911366588,-0.0452637107311476
"SDC3",0.0326086956521739,0.19279178287535
"SDC4",0.000988142292490119,-0.0980623861807366
"SDCBP",-0.571146245059289,-0.977925676628784
"SDCBP2",-0.211462450592885,-0.491250684710948
"SDCBP2-AS1",0.33102766798419,0.365611593283515
"SDCBPP2",0.411067193675889,0.482323594504289
"SDCCAG8",-0.308300395256917,-0.789320752336529
"SDE2",-0.649369923456525,-0.853497731699117
"SDF2",-0.632411067193676,-1.14465114963678
"SDF2L1",-0.495059288537549,-2.01901723352831
"SDF4",-0.206078583014742,-0.711205551457984
"SDHA",-0.787549407114625,-2.30765028970429
"SDHAF1",-0.424901185770751,-1.24194561726317
"SDHAF2",-0.292779569532199,-0.170789978440967
"SDHAF3",-0.853754940711463,-1.67963475242341
"SDHAF4",-0.536561264822134,-1.18960645640974
"SDHAP1",-0.739130434782609,-2.07084129330309
"SDHB",-0.687747035573123,-1.64626355304102
"SDHC",-0.464426877470356,-0.527815698802162
"SDHD",-0.627470355731225,-0.850938334982865
"SDK1",-0.102766798418972,-0.565560048271216
"SDK2",0.0592885375494071,0.508975922697847
"SDR16C5",-0.5800395256917,-1.37885999267372
"SDR39U1",-0.675889328063241,-1.44849240814514
"SDR42E1",-0.191699604743083,-0.675943072966379
"SDR9C7",0.00197824033467702,-0.213950631518657
"SDS",-0.135408949031269,-0.148283508415671
"SDSL",-0.173913043478261,-0.385086172258425
"SEBOX",0.429841897233202,0.25640281793063
"SEC11A",-0.295454545454545,-0.233110392916601
"SEC11C",-0.525691699604743,-0.561800199221182
"SEC13",-0.784584980237154,-1.96825922048755
"SEC14L1",-0.231225296442688,-0.380795069885395
"SEC14L1P1",0.190711462450593,0.619390769505576
"SEC14L2",-0.571146245059289,-1.61994671329076
"SEC14L3",0.225352119555689,0.142573725690343
"SEC14L4",0.622529644268775,1.10250973473879
"SEC14L5",-0.0849802371541502,-0.438764058874389
"SEC16A",-0.519762845849802,-1.21143558225181
"SEC16B",0.0326167541462181,0.0455652708613453
"SEC1P",-0.114624505928854,-0.60542834808758
"SEC22A",-0.676877470355731,-1.82308744061243
"SEC22B",-0.643280632411067,-1.28730988399135
"SEC22C",-0.378458498023715,-0.441619527901112
"SEC23A",-0.622683488245983,-0.615289402544681
"SEC23B",-0.483201581027668,-0.271288641319726
"SEC23IP",-0.75395256916996,-1.61207738464352
"SEC24A",0.08300395256917,0.732475312752369
"SEC24B",-0.629446640316205,-0.761874120464592
"SEC24B-AS1",-0.0237154150197628,-0.521779101986012
"SEC24C",-0.352766798418972,-0.948558904597721
"SEC24D",0.277242410242854,1.20517794807324
"SEC31A",-0.699604743083004,-1.43597988624302
"SEC31B",-0.182987230957624,-0.621912324080177
"SEC61A1",-0.613636363636364,-2.068374390365
"SEC61A2",-0.687747035573123,-1.61692272911242
"SEC61B",-0.33498023715415,-0.332866059250607
"SEC61G",-0.805335968379447,-2.07890643655188
"SEC61G-DT",0.377069445660067,-0.203989687607026
"SEC62",-0.431818181818182,-0.182686289708367
"SEC63",-0.570158102766798,-0.739039796050279
"SECISBP2",-0.451581027667984,-0.540543394936869
"SECISBP2L",0.389713345931373,1.40206641907162
"SECTM1",0.258463066946547,0.175430042377754
"SEH1L",-0.671936758893281,-1.40397265766061
"SEL1L",-0.796442687747036,-1.60453116758601
"SEL1L2",0.22386953982177,0.0198653766904332
"SEL1L3",-0.315217391304348,-0.571244577280215
"SELE",0.340993338801371,0.819404426300088
"SELENBP1",-0.167531509932848,-0.381603793430088
"SELENOF",-0.420948616600791,-0.215915870192307
"SELENOH",-0.40276749438133,-0.0149061223469902
"SELENOI",-0.763034369723649,-2.4434954532506
"SELENOK",-0.604743083003953,-0.420946373241181
"SELENOM",-0.565217391304348,-0.620485732182826
"SELENON",0.363636363636364,0.435223425397071
"SELENOO",0.32863850768538,-0.00953519110141379
"SELENOP",-0.00691699604743083,0.323479625555754
"SELENOS",-0.716403162055336,-1.56123741246304
"SELENOT",-0.694664031620553,-0.81734372231531
"SELENOW",-0.339510759067452,-0.811713484901007
"SELL",0.258893280632411,0.461134263497023
"SELP",0.256916996047431,0.206463711393189
"SELPLG",0.611660079051383,0.38455657718504
"SEM1",-0.778656126482213,-2.36421470309127
"SEMA3A",0.460929997979745,0.672535911588129
"SEMA3B",-0.366600790513834,-0.724043615261325
"SEMA3C",-0.356719367588933,-0.033715986394287
"SEMA3D",-0.157270106606823,-0.606164213898075
"SEMA3E",-0.460588104004171,-1.06475211698366
"SEMA3F",0.398221343873518,1.02102413018693
"SEMA3G",0.286561264822134,0.172029913602829
"SEMA4A",0.216403162055336,-0.132477580620626
"SEMA4B",0.533234510966203,0.577962225337537
"SEMA4C",0.468379446640316,1.22624868367875
"SEMA4D",-0.0642292490118577,-0.22699945864386
"SEMA4F",-0.481701521493854,-0.844931041039858
"SEMA4G",0.722332015810277,1.15866688525598
"SEMA5A",-0.569169960474308,-1.27478375175442
"SEMA5B",-0.274703557312253,-1.07509060001238
"SEMA6A",0.616600790513834,2.88446896105245
"SEMA6B",0.630434782608696,1.0108809035942
"SEMA6C",0.439337794484666,0.591999723484888
"SEMA6D",-0.728260869565217,-2.15739059869602
"SEMA7A",-0.0899209486166008,-0.447189548899253
"SEMG1",0.302940458964117,0.458280196398491
"SEMG2",-0.131455403074152,-0.882702030993547
"SENCR",0.677865612648221,1.46348400454156
"SENP1",-0.187299239718434,-0.498488067332169
"SENP2",-0.891304347826087,-1.91100809790333
"SENP3",-0.557449979953546,-0.96141990032914
"SENP5",-0.408102766798419,-0.95013337346955
"SENP6",-0.276679841897233,0.282885965869551
"SENP7",-0.206521739130435,-0.240452683917323
"SENP8",-0.59698543952472,-1.30436914703751
"SEPHS1",-0.378458498023715,-0.582628472261081
"SEPHS2",-0.480237154150198,-0.423592564056616
"SEPSECS",0.565217391304348,1.07507278941253
"SEPSECS-AS1",0.702569169960474,1.77946288802572
"SEPT5-GP1BB",0.225296442687747,-0.211744901754276
"SEPTIN1",0.58596837944664,1.53800238969749
"SEPTIN10",-0.406126482213439,-0.355329269971752
"SEPTIN11",-0.335063019865695,-0.0959704718151491
"SEPTIN12",0.0989120167338509,-0.267663776521998
"SEPTIN2",-0.403162055335968,-1.46756952356608
"SEPTIN3",-0.619565217391304,-1.46259212424432
"SEPTIN4",-0.452186818845297,-1.23670077248596
"SEPTIN5",-0.306324110671937,-0.291348333353138
"SEPTIN6",-0.495059288537549,-0.450834361453118
"SEPTIN7",-0.318181818181818,-0.195317643279935
"SEPTIN7-DT",-0.0434782608695652,0.0541767251643941
"SEPTIN7P11",0.442687747035573,0.0132518828195072
"SEPTIN7P13",-0.338932806324111,-0.344237790499267
"SEPTIN7P14",-0.631422924901186,-0.969483479607904
"SEPTIN7P2",0.377470355731225,0.89813243994359
"SEPTIN7P9",-0.086483817811942,0.149480121006954
"SEPTIN8",-0.794466403162055,-2.35199815078973
"SEPTIN9",0.571146245059289,1.32950855335822
"SERAC1",-0.598814229249012,-0.627035446195693
"SERBP1",-0.649864116701165,-1.22723067571003
"SERF1A",-0.197628458498024,0.153627423751344
"SERF1B",-0.487274539214713,-0.778116026702034
"SERF2",-0.321146245059289,-0.819546864497148
"SERGEF",-0.720355731225296,-1.42771533647487
"SERHL2",0.0439940735904469,0.296479384190542
"SERINC1",-0.645256916996047,-0.827720368674557
"SERINC2",0.703557312252964,1.02082254992635
"SERINC3",-0.691699604743083,-1.81702126725496
"SERINC5",-0.0938967164815371,0.130696001826415
"SERP1",-0.442687747035573,-0.792046913669104
"SERP2",-0.728260869565217,-0.982526856705667
"SERPINA1",0.461462450592885,0.988111924839409
"SERPINA10",0.229249011857707,0.47105376490075
"SERPINA12",0.41275338705644,0.0514333347747911
"SERPINA2",0.293478260869565,0.689052658925494
"SERPINA3",0.16699604743083,0.244062544609845
"SERPINA4",0.499505684505947,0.822911383960764
"SERPINA5",0.408720863328193,0.415564755909858
"SERPINA6",0.782608695652174,1.18459692763416
"SERPINA7",0.0316283676569388,-0.416301611939876
"SERPINA9",0.655454372127308,0.993487671042458
"SERPINB1",0.324110671936759,0.304253858510866
"SERPINB10",0.467391304347826,0.936990935656612
"SERPINB11",0.43125639295959,0.790308115084613
"SERPINB12",0.215415019762846,0.321610235815186
"SERPINB13",-0.0429948122836512,-0.546370960035396
"SERPINB2",0.0869780110565817,-0.13167099760717
"SERPINB3",-0.0306324110671937,-0.604662693518309
"SERPINB4",0.219911521304966,0.590167144400434
"SERPINB5",0.230350992057846,0.268021154270833
"SERPINB6",-0.444664031620553,-0.963794981151171
"SERPINB7",-0.364714614544076,-0.999383592659161
"SERPINB8",0.637351778656126,0.934007747807275
"SERPINB9",-0.202569169960474,-0.456381791693086
"SERPINB9P1",0.159624418018613,-0.0503577989957132
"SERPINC1",0.391895242999257,0.270068246561627
"SERPIND1",-0.148221343873518,-0.510276325638712
"SERPINE1",0.416110711986601,0.0223684209313601
"SERPINE2",0.231225296442688,0.742615911435081
"SERPINF1",-0.396245059288538,-0.434772909924148
"SERPINF2",0.301383399209486,0.0959582080273608
"SERPING1",0.0464426877470356,0.537151908882756
"SERPINH1",0.421052644432998,0.652523817810216
"SERPINI1",-0.676877470355731,-0.909472228065327
"SERPINI2",0.505467998478302,0.940781997969573
"SERTAD1",0.371541501976285,0.799295627125209
"SERTAD2",-0.242094861660079,0.200703362180938
"SERTAD3",0.327398775389047,0.483922755993068
"SERTAD4",-0.455533596837945,-0.633074112421522
"SERTAD4-AS1",-0.126513470627755,-0.0445935312201456
"SERTM1",-0.436758893280632,-0.374668905727207
"SESN1",-0.592885375494071,-0.902861285607298
"SESN2",0.653162055335968,2.35602278752574
"SESN3",-0.300395256916996,-0.55959979350912
"SESTD1",-0.738142292490119,-1.2394210773222
"SET",-0.589920948616601,-1.06787094320557
"SETBP1",0.264822134387352,1.16797371818899
"SETBP1-DT",-0.0728085442158332,-0.0629235613559895
"SETD1A",0.26933531832862,0.132947137855219
"SETD1B",0.514822134387352,1.26847655895585
"SETD2",-0.136363636363636,0.261757419070677
"SETD3",-0.273783057530377,-0.183499788517526
"SETD4",-0.0163083770731091,0.230448346598173
"SETD5",-0.635375494071146,-1.26813465106042
"SETD6",0.439831987729305,1.47004812027372
"SETD7",-0.570158102766798,-0.948631215612094
"SETD9",0.366197194277995,0.474096767789585
"SETDB1",-0.385375494071146,-0.816458927343377
"SETDB2",-0.00296442687747036,0.06655824120815
"SETMAR",-0.536561264822134,-1.07293235774061
"SETX",-0.797430830039526,-2.15682638502899
"SEZ6",-0.391304347826087,-0.791966225666332
"SEZ6L",-0.16798418972332,-0.0210482604083365
"SEZ6L2",-0.640316205533597,-0.760715658353816
"SF1",-0.495181631128948,-1.28642188756518
"SF3A1",-0.599802371541502,-1.19483241949625
"SF3A2",0.768774703557312,2.00349088609988
"SF3A3",-0.732213438735178,-1.15717380927911
"SF3B1",-0.807017568496579,-1.47173330134286
"SF3B2",-0.712626658770402,-1.165651848713
"SF3B3",-0.642292490118577,-1.47871389259913
"SF3B4",0.710474308300395,3.59511033115438
"SF3B5",-0.739313093980945,-2.97310496864552
"SF3B6",-0.571146245059289,-0.905501019790013
"SFI1",0.532608695652174,0.915134996721487
"SFMBT1",0.161067193675889,-0.00463284430101761
"SFMBT2",-0.437747035573123,-0.651417856650538
"SFN",0.149209486166008,0.573013798440925
"SFPQ",-0.345849802371542,-1.0289694100698
"SFR1",-0.41897233201581,-0.800834634102516
"SFRP1",-0.0523715415019763,-0.300124994919814
"SFRP2",-0.109683794466403,-0.589050719957428
"SFRP4",0.480355833789758,0.594773796403637
"SFRP5",0.379046218638626,0.431200975308952
"SFSWAP",-0.41897233201581,-1.0765205826696
"SFT2D1",-0.725296442687747,-1.08806317136586
"SFT2D2",0.293478260869565,1.25380069902359
"SFT2D3",0.192687747035573,0.446833613235586
"SFTA1P",0.218433414130734,0.167739131465162
"SFTA2",-0.299407114624506,-0.926092989825806
"SFTA3",0.185322466739876,-0.170669643523189
"SFTPA1",0.19471213838803,0.387910349894175
"SFTPA2",0.132937982808071,-0.303523127514777
"SFTPB",0.83300395256917,1.56620675776809
"SFTPC",0.344861660079051,0.440621232194365
"SFTPD",0.100790513833992,0.362665176088374
"SFXN1",-0.359683794466403,-0.219727355740428
"SFXN2",-0.0306324110671937,-0.667864809713043
"SFXN3",-0.0771513730524037,-0.636779669956906
"SFXN4",-0.704545454545454,-3.06790112575293
"SFXN5",0.41403162055336,0.295159565320848
"SGCA",0.707190533079366,1.28088871420294
"SGCB",-0.0801187335544193,-0.256507340328446
"SGCD",0.386363636363636,1.61609132497723
"SGCE",-0.788537549407115,-2.00370488661812
"SGCG",0.055363328563259,-0.000306016538912598
"SGCZ",0.0365703001033355,-0.0619242893487144
"SGF29",0.425889328063241,0.844704075091144
"SGIP1",-0.698616600790514,-1.28502482484462
"SGK1",-0.516798418972332,-1.30455308131723
"SGK2",0.240118577075099,-0.109302517981373
"SGK3",-0.0938967164815371,-0.177385405290688
"SGMS1",-0.212450592885376,0.163574726806241
"SGMS2",0.203113423546904,-0.0740183751206027
"SGO1",0.409192006561646,0.328140090000635
"SGO2",-0.467391304347826,-0.908335046818031
"SGPL1",0.239130434782609,1.01634072681964
"SGPP1",-0.346837944664032,-0.112614789965385
"SGPP2",-0.595849802371542,-0.901399547593086
"SGSH",-0.116600790513834,-0.242523201702359
"SGSM1",-0.527667984189723,-0.949575287173827
"SGSM2",0.531620553359684,1.49670201081964
"SGSM3",0.688735177865613,1.02619681663953
"SGTA",0.0523715415019763,-0.344247844849348
"SGTB",-0.644268774703557,-0.958196355624761
"SH2B1",0.206726114973748,-0.173596110279728
"SH2B2",0.724308300395257,1.25622097105756
"SH2B3",-0.25296442687747,-0.270251620620382
"SH2D1A",0.394860402467095,0.584704872752691
"SH2D1B",0.2391895304056,0.157386048282127
"SH2D2A",0.49172227841647,0.428760475655449
"SH2D3A",0.228486758655196,0.365688332908475
"SH2D3C",-0.0578206096228413,0.47111483510955
"SH2D4A",0.188287626207714,-0.177859405770853
"SH2D4B",0.148221343873518,0.106082297492008
"SH2D5",-0.351778656126482,-1.12199725493506
"SH2D6",0.0405539268608789,-0.435690686628677
"SH3BGR",-0.673913043478261,-1.42959965123035
"SH3BGRL",-0.714426877470356,-1.25231064165579
"SH3BGRL2",-0.734865354779188,-1.62661001018393
"SH3BGRL3",-0.509881422924901,-0.730757926490941
"SH3BP1",0.454006156808376,0.398804120838217
"SH3BP2",0.646404763988687,1.24531365154731
"SH3BP4",-0.643280632411067,-1.1661033988833
"SH3BP5",-0.239367080495919,-0.372476729612418
"SH3BP5-AS1",0.460474308300395,0.745306649500009
"SH3BP5L",-0.0573122529644269,-0.640546615516268
"SH3D19",-0.514342487016025,-0.865374452573424
"SH3D21",0.66403162055336,1.32459810530008
"SH3GL1",0.559426752932105,0.923273935051842
"SH3GL1P1",0.22436373306641,-0.13395322238157
"SH3GL1P2",0.607707509881423,1.22217711491827
"SH3GL2",-0.658102766798419,-1.61089272645332
"SH3GL3",-0.720355731225296,-2.0251062957186
"SH3GLB1",-0.526315805541247,-0.743299172649513
"SH3GLB2",0.58201581027668,0.898269532319102
"SH3KBP1",-0.283596837944664,-0.44857703866016
"SH3PXD2A",-0.521373873094851,-1.8728249789664
"SH3PXD2A-AS1",0.212008901950418,-0.047512170819591
"SH3PXD2B",-0.535573122529644,-2.21311715871273
"SH3RF1",0.468379446640316,1.16030437061325
"SH3RF2",0.351778656126482,0.505442509698173
"SH3RF3",-0.479249011857708,-1.98017342958424
"SH3RF3-AS1",0.00247096622319834,-0.00129836440420686
"SH3TC1",0.485791959480794,0.449752543379705
"SH3TC2",0.341487532046011,0.642701087650177
"SH3YL1",-0.560415139421384,-1.28674197382755
"SHANK1",0.521739130434783,2.32553829853005
"SHANK2",0.086483817811942,0.0176047574742482
"SHANK2-AS3",-0.434890055282909,-1.04026552451869
"SHANK3",0.599456405747918,1.77692063868953
"SHARPIN",0.464508073443944,0.668125021150118
"SHB",0.399209486166008,0.809715162893754
"SHBG",0.757598244032612,1.64595363270519
"SHC1",0.262845849802372,0.207352846671247
"SHC2",-0.174901185770751,-0.61655371434727
"SHC3",-0.591897233201581,-1.19267461339498
"SHC4",-0.235177865612648,-0.209059952021592
"SHCBP1",-0.056379849538295,-0.193854454573444
"SHCBP1L",-0.276375290288673,-0.668140814014945
"SHD",0.220904380353932,0.519646014208215
"SHE",-0.0859683794466403,-0.585115121724091
"SHF",0.137948121993863,0.00302841758213597
"SHFL",0.320158102766798,0.93955724887125
"SHH",0.439723320158103,0.303072138462787
"SHISA2",0.232270824980644,1.04188272314159
"SHISA3",0.235410599826565,0.235740720850742
"SHISA4",0.293478260869565,0.45727860060751
"SHISA5",-0.551383399209486,-0.606456881437666
"SHISA6",-0.293478260869565,-0.264219640931579
"SHISA7",0.449604743083004,0.215666950081124
"SHISA8",0.244071146245059,0.822811363177657
"SHISA9",0.384482344329662,0.113686854236363
"SHISAL1",-0.00197628458498024,0.0224487349244705
"SHISAL2A",0.541141602880437,1.11262997095219
"SHKBP1",0.780632411067194,2.23989314452625
"SHLD1",0.0410180393050925,0.587848974012697
"SHLD2",-0.603754940711463,-1.43227885939121
"SHMT1",0.436758893280632,0.777960933323835
"SHMT2",-0.102766798418972,-0.614230745335494
"SHOC1",-0.0622683488245983,-0.74565521148076
"SHOC2",-0.780632411067194,-1.98065835722851
"SHOX",0.257171243508012,0.0184959700686599
"SHOX2",0.320158102766798,0.352073733687218
"SHPK",0.313241106719368,0.254926323158559
"SHPRH",-0.360671936758893,-0.26185194204181
"SHQ1",-0.745059288537549,-1.15034683607116
"SHROOM1",0.5800395256917,1.01769523372047
"SHROOM2",-0.811264822134387,-2.71716390099185
"SHROOM3",0.280632411067194,0.123131632214351
"SHROOM4",0.219476052518634,0.293212387731397
"SHTN1",-0.642928108770031,-1.60283413423475
"SI",-0.327155927951461,-1.04746734725887
"SIAE",-0.781620553359684,-1.59258543938439
"SIAH1",-0.66897233201581,-0.921136558753158
"SIAH2",-0.736842127757746,-1.64210885215629
"SIAH3",-0.291501976284585,-0.132376450438537
"SIDT1",-0.434782608695652,-0.699553221162386
"SIDT2",0.304347826086957,0.314631161314062
"SIGIRR",-0.149209486166008,-0.0820324477256534
"SIGLEC1",0.570158102766798,0.682937148281454
"SIGLEC10",0.155138339920949,0.277918676374055
"SIGLEC11",0.234247597959203,0.264644738256291
"SIGLEC15",0.570793197558818,0.725886557269104
"SIGLEC16",0.546083535326834,0.588463108757767
"SIGLEC17P",0.404250074115249,0.283770741624568
"SIGLEC5",0.795252614540162,1.62722218102296
"SIGLEC6",0.750679538607657,1.21758740617684
"SIGLEC7",0.564368685378502,0.551511516157789
"SIGLEC8",0.231776631736005,-0.118774021419412
"SIGLEC9",0.403162055335968,0.0465603253361541
"SIGLECL1",0.466403162055336,0.440922176088722
"SIGMAR1",-0.0859683794466403,-0.319401926351051
"SIK1",-0.135408949031269,-1.1316595064089
"SIK2",0.143280632411067,0.850560114480755
"SIK3",-0.223320158102767,-0.501210151052865
"SIKE1",-0.329132700930019,-0.0413830198300084
"SIL1",-0.680830039525692,-1.59525232793225
"SILC1",0.312252964426877,1.51227619215573
"SIM1",0.232213438735178,0.145364717217731
"SIM2",0.275964526687444,-0.311701876559527
"SIMC1",-0.53768225016796,-0.33887459156592
"SIMC1P1",0.775691699604743,2.20705312382188
"SIN3A",0.00395256916996047,0.00814049802636497
"SIN3B",0.707509881422925,1.55879215873285
"SINHCAF",0.533135770195457,1.37069975165771
"SIPA1",0.675569074292202,0.635633193244211
"SIPA1L1",-0.693675889328063,-1.56135309769806
"SIPA1L2",-0.66600790513834,-1.77344674057284
"SIPA1L3",0.433794466403162,0.310426515032916
"SIRPA",-0.841897233201581,-2.4174923772501
"SIRPB1",0.632567353138776,0.775455874324517
"SIRPB2",0.309288537549407,0.0218461237500453
"SIRPD",0.3300395256917,-0.100659079762599
"SIRPG",0.455533596837945,0.582683272851668
"SIRT1",-0.156165065306135,0.241826944372095
"SIRT2",0.369565217391304,0.204997547792371
"SIRT3",0.605731225296443,0.510036114472924
"SIRT4",-0.14974055312582,0.260744206864651
"SIRT5",-0.471343873517787,-1.35936525082461
"SIRT6",0.693675889328063,0.935066901226818
"SIRT7",-0.102766798418972,0.10074060092519
"SIT1",0.504940711462451,0.476800560178247
"SIVA1",-0.534222897455482,-1.18515584996365
"SIX1",0.625648647713821,1.29668992800206
"SIX2",-0.263404999392943,-0.781346261564786
"SIX3",-0.367588932806324,-0.877583125987003
"SIX3-AS1",0.0395648066935404,-0.123483979918734
"SIX4",0.0672601713790186,0.174321544263049
"SIX5",0.503952569169961,0.660807320645711
"SIX6",-0.310276679841897,-0.906346168580446
"SKA1",-0.363726228054796,-1.2202929165273
"SKA2",-0.000988142292490119,-0.0661740208819608
"SKA3",0.117123798979602,-0.0309283928423112
"SKAP1",0.470355731225296,0.954412038044431
"SKAP1-AS2",0.0256916996047431,0.30232983644636
"SKAP2",-0.590909090909091,-0.517003647072427
"SKI",0.66699604743083,2.58863363704222
"SKIC2",-0.0548554501550032,-0.553662443012111
"SKIC3",-0.529644268774703,-0.467684664489178
"SKIC8",-0.868577075098814,-2.10959607950112
"SKIDA1",-0.45103879630636,-0.532898481367775
"SKIL",-0.284584980237154,0.00685638621354307
"SKOR1-AS1",0.772727272727273,1.35347932881257
"SKP1",-0.619565217391304,-1.21563438351015
"SKP2",-0.0760869565217391,0.0555460657063682
"SLA",0.0780632411067194,0.408138641090267
"SLA2",0.390412663265338,0.76107012778548
"SLAIN1",-0.16304347826087,0.163931504687922
"SLAIN2",-0.204545454545455,0.2176597317735
"SLAMF1",0.215628196479795,-0.132835014506734
"SLAMF6",0.767786561264822,1.78451148925501
"SLAMF7",0.321225609015785,0.0339860286190294
"SLAMF8",0.380528798372545,0.523171012816736
"SLAMF9",0.585124801653368,0.786978486569636
"SLBP",-0.589920948616601,-0.72419778487695
"SLC10A1",0.848814229249012,1.9726649547912
"SLC10A2",0.273986286352767,0.674217291194955
"SLC10A3",0.120356981254745,-0.150831927838667
"SLC10A4",-0.176426988336362,-0.472968805644851
"SLC10A7",-0.188921951961655,-0.733416577041457
"SLC11A1",0.720355731225296,0.741200442277147
"SLC11A2",-0.519762845849802,-0.668655394986495
"SLC12A1",0.474425514854082,0.489926811338036
"SLC12A2",-0.133399209486166,0.11688125170783
"SLC12A2-DT",-0.24901185770751,-0.69039036804986
"SLC12A3",0.512845849802371,0.125683395222015
"SLC12A4",-0.0506461059379046,-0.621906045399971
"SLC12A5",-0.692364735740176,-0.619567472002445
"SLC12A6",-0.682480870847383,-1.29652912318708
"SLC12A7",0.208498023715415,0.543623916678198
"SLC12A8",-0.13442056254199,-0.350106964438656
"SLC12A9",0.189276012696993,-0.0130470919239087
"SLC13A1",-0.0148257973391901,-0.323776104267582
"SLC13A2",0.151717326104378,-0.383971761676705
"SLC13A3",-0.234189723320158,-0.419594118792559
"SLC13A4",0.75098814229249,1.18889819433504
"SLC13A5",0.137351778656126,0.255974043393736
"SLC14A1",-0.130434782608696,-0.38180808142277
"SLC14A2",0.718379446640316,1.32990790375563
"SLC15A1",0.463438735177866,0.113220954559207
"SLC15A2",-0.0533596837944664,0.677488486777695
"SLC15A3",0.142327654456225,-0.258496922708014
"SLC15A4",0.394268774703557,1.47226371956781
"SLC16A1",-0.309859164389072,-0.23358341454576
"SLC16A1-AS1",0.129446640316206,0.288992663146697
"SLC16A10",-0.321719802260424,-0.313146986476175
"SLC16A11",0.176063389786255,0.14876697166224
"SLC16A12-AS1",0.114624505928854,0.121552245392275
"SLC16A14",-0.870553359683795,-2.53739263137586
"SLC16A2",-0.566205533596838,-1.07367048475868
"SLC16A3",0.141304347826087,-0.204940496120743
"SLC16A4",0.253214762838658,0.841493523954984
"SLC16A5",0.49802371541502,0.755896800266848
"SLC16A6",-0.58215964218553,-1.53318472993197
"SLC16A7",0.392292490118577,0.930106853687401
"SLC16A8",-0.134058969695472,-0.706471867052478
"SLC16A9",-0.201136650568345,-0.392903022999957
"SLC17A1",0.640418011367839,1.04780926984371
"SLC17A2",0.273986286352767,-0.393621840514529
"SLC17A3",0.745243412916621,0.900844208476488
"SLC17A4",0.592482980235767,1.06652590739273
"SLC17A5",-0.527667984189723,-0.526982944353962
"SLC17A6",-0.419075871454439,-0.58522958614603
"SLC17A7",-0.536199670434041,-1.44771968225269
"SLC17A8",-0.114766350440404,-0.0802016886749061
"SLC17A9",0.761857707509881,1.3159046088991
"SLC18A1",0.419386950951528,0.307715897254669
"SLC18A2",-0.291501976284585,-0.866326016935122
"SLC18A3",0.12218658861543,0.137707371172764
"SLC18B1",-0.302371541501976,-0.369280992813838
"SLC19A1",0.147233201581028,0.435020897710284
"SLC19A2",-0.447628458498024,-0.685315765682901
"SLC19A3",-0.244676332262732,-0.579383108047605
"SLC1A1",-0.58201581027668,-1.01880571720142
"SLC1A2",-0.487154150197628,-1.34537658965324
"SLC1A3",-0.409090909090909,-0.647655776776224
"SLC1A4",-0.440711462450593,-0.939269121526277
"SLC1A5",0.389713345931373,-0.062935916942218
"SLC1A6",-0.440711462450593,-1.44614396936719
"SLC1A7",0.654311855902922,1.20450948203243
"SLC20A1",-0.911067193675889,-3.17416962563662
"SLC20A1-DT",-0.0054374697696058,0.0372894175455267
"SLC20A2",-0.678853754940711,-1.78989105202962
"SLC22A1",0.298418972332016,0.839142903596705
"SLC22A11",0.670948616600791,0.960823767924679
"SLC22A12",0.554347826086957,0.892822223413726
"SLC22A13",0.201136650568345,0.269842815758156
"SLC22A14",0.285573122529644,0.12146949878551
"SLC22A15",-0.722332015810277,-0.788550906515605
"SLC22A16",0.276679841897233,0.256728323976542
"SLC22A17",-0.0869780110565817,-0.0605706559140755
"SLC22A18",0.173956022113163,0.124802077662457
"SLC22A18AS",0.561048017136598,0.899291595131167
"SLC22A2",0.369565217391304,0.828463334587425
"SLC22A23",-0.355731225296443,-0.533125251801491
"SLC22A24",0.0103806241056111,-0.286241420693382
"SLC22A25",0.690711462450593,1.45252167325835
"SLC22A3",0.755928853754941,1.81693431706205
"SLC22A31",0.354830749651282,-0.304590885414302
"SLC22A4",-0.423343431620882,-0.526863566845731
"SLC22A5",-0.367588932806324,-1.30068468830809
"SLC22A6",-0.0148257973391901,-0.0806770638440981
"SLC22A7",0.243323561165273,0.344793232925659
"SLC22A8",0.741106719367589,1.11567409122582
"SLC22A9",0.222881153332491,0.119812575888786
"SLC23A1",0.393377822733176,0.560465282205228
"SLC23A2",-0.887351778656127,-3.19533507533206
"SLC23A3",0.698616600790514,1.32079590763437
"SLC24A1",0.0770750988142292,-0.590064705174822
"SLC24A2",-0.290513833992095,-0.0815681885619642
"SLC24A3",-0.361660079051383,-0.340729784686274
"SLC24A3-AS1",0.768774703557312,1.56561259183273
"SLC24A4",0.0928853754940711,0.271098267373709
"SLC25A1",0.00197628458498024,-0.584661723879985
"SLC25A10",0.202569169960474,0.324524804924918
"SLC25A11",-0.66403162055336,-1.40411558064245
"SLC25A12",-0.808300395256917,-1.82704312275829
"SLC25A13",-0.469483582407685,-1.31343862215376
"SLC25A14",-0.74703557312253,-1.39338464790957
"SLC25A15",-0.617588932806324,-1.27576801331002
"SLC25A16",0.5800395256917,0.558339847782146
"SLC25A17",-0.5800395256917,-1.10465533766875
"SLC25A18",-0.0963676827047354,-0.143723648713908
"SLC25A19",-0.477272727272727,-1.11707242191656
"SLC25A2",-0.648221343873518,-1.50877480128096
"SLC25A20",0.0227497638487857,-0.392086647659324
"SLC25A21",-0.132937982808071,-0.669922850270437
"SLC25A21-AS1",-0.176877470355731,-0.562299832420948
"SLC25A22",-0.162589577486451,-0.510001835455293
"SLC25A23",0.676877470355731,1.56230123176768
"SLC25A24",-0.33300395256917,-0.437324262372594
"SLC25A25",-0.545454545454545,-1.20718762276184
"SLC25A25-AS1",0.3874475037975,0.553885195694642
"SLC25A26",-0.75395256916996,-1.19827322860419
"SLC25A27",-0.210474308300395,0.175679553245134
"SLC25A28",-0.0869780110565817,-0.722376574883468
"SLC25A29",0.375494071146245,0.332955217788608
"SLC25A3",-0.819169960474308,-1.67294112556115
"SLC25A30",-0.393280632411067,-0.202864608068391
"SLC25A31",-0.108243638181012,-0.454304846354117
"SLC25A32",-0.458498023715415,-0.723849698068127
"SLC25A33",-0.731225296442688,-1.7787301124154
"SLC25A34",0.523715415019763,0.743728965938588
"SLC25A35",0.423913043478261,0.426474566515502
"SLC25A36",0.0825302718548247,0.376615431726639
"SLC25A37",-0.468379446640316,-1.27568126141842
"SLC25A38",-0.602766798418972,-1.16903791879719
"SLC25A39",-0.0652819310443416,-0.597160740096942
"SLC25A3P1",0.0489251312193272,-0.529093986365263
"SLC25A4",-0.705707953345447,-1.30750815974928
"SLC25A40",-0.269762845849802,0.186671152065282
"SLC25A41",0.279644268774704,0.221214087161065
"SLC25A42",0.283596837944664,0.412660709931836
"SLC25A43",-0.0770750988142292,0.202704836249932
"SLC25A44",-0.412055335968379,-0.470903202563673
"SLC25A45",0.266930334144285,0.452700413341581
"SLC25A46",-0.814229249011858,-1.62690005739055
"SLC25A47",0.00345935271247768,-0.578160157859732
"SLC25A48",0.697329717973649,1.15908437761213
"SLC25A48-AS1",0.400197628458498,0.621083407432756
"SLC25A5",-0.758893280632411,-1.49151222590078
"SLC25A5-AS1",-0.244071146245059,-0.793493235110184
"SLC25A51",-0.372219521501197,-0.81971528540169
"SLC25A53",-0.169886603170278,-0.921246447867323
"SLC25A6",-0.838932806324111,-2.60317732872969
"SLC26A1",0.53768225016796,1.29869788557095
"SLC26A10P",0.180830039525692,0.0620369556686281
"SLC26A11",0.125494071146245,0.549684212502182
"SLC26A2",-0.379446640316206,-0.842929146011104
"SLC26A3",0.172924901185771,-0.249298653404689
"SLC26A4",-0.0187747035573123,0.103898672223151
"SLC26A4-AS1",-0.0632411067193676,0.618993978399452
"SLC26A5-AS1",-0.133399209486166,-0.824563873620598
"SLC26A6",0.724308300395257,1.76824992490966
"SLC26A7",0.351778656126482,0.72935241884454
"SLC26A8",0.160079051383399,0.89687769427102
"SLC26A9",-0.111660079051383,-0.85734441249243
"SLC27A1",0.101778656126482,-0.0796961607552972
"SLC27A2",-0.261857707509881,-0.301982298787857
"SLC27A3",0.16501976284585,-0.157219958882121
"SLC27A4",-0.597826086956522,-1.94110867419275
"SLC27A5",-0.436758893280632,-1.20866535923652
"SLC27A6",0.292490118577075,-0.125351533097901
"SLC28A1",0.0474308300395257,-0.283296454775544
"SLC28A2",0.275691699604743,0.310340628262712
"SLC28A3",0.506429525677317,0.435642022112552
"SLC29A1",0.136498583092714,0.13685617572746
"SLC29A2",0.454545454545455,0.874162797074693
"SLC29A3",0.491592723167239,0.865523045849461
"SLC29A4",0.66403162055336,0.83523863806248
"SLC2A1",0.598814229249012,1.15698590915539
"SLC2A1-DT",0.742772446693422,0.85905749336164
"SLC2A10",-0.290585627848125,-0.4049013942841
"SLC2A11",-0.216403162055336,-0.389185661654454
"SLC2A12",0.118577075098814,-0.245215458291109
"SLC2A13",-0.66304347826087,-0.758608390128213
"SLC2A14",-0.282184342689251,-0.409292669785889
"SLC2A2",0.388930083531419,0.286172497752478
"SLC2A3",-0.362648221343874,-0.821091541870826
"SLC2A4",0.0148257973391901,-0.374029011638074
"SLC2A4RG",0.41501976284585,0.318030898307819
"SLC2A5",-0.158102766798419,-0.225337576043488
"SLC2A6",0.562252964426877,1.23895083792133
"SLC2A8",0.147233201581028,-0.220520043790749
"SLC2A9",0.414628132252682,0.373355011058006
"SLC30A1",-0.517420327137733,-1.06349922026858
"SLC30A10",-0.0553907293709565,-0.0917682188980454
"SLC30A2",0.279644268774704,0.492766931948581
"SLC30A3",-0.107707509881423,-0.275777783572365
"SLC30A4",-0.565217391304348,-0.171275230082965
"SLC30A5",0.158102766798419,-0.428233771298305
"SLC30A6",-0.615764782821027,-1.19001408666886
"SLC30A7",0.367588932806324,1.50107757536054
"SLC30A8",0.535705477189401,0.439551208211403
"SLC30A9",-0.721343873517787,-1.40720292930492
"SLC31A1",-0.212503095195058,-0.227213838882268
"SLC31A2",-0.256068145303305,-0.277876506751951
"SLC32A1",-0.257905138339921,-0.0940362601716759
"SLC33A1",-0.444664031620553,-1.00453000501797
"SLC34A1",-0.138339920948617,-0.807734061005848
"SLC34A2",-0.230237154150198,-0.367944953489844
"SLC34A3",0.721343873517787,0.985506750107733
"SLC35A1",-0.482213438735178,-0.966289455287837
"SLC35A2",-0.697800861431212,-0.743660584376163
"SLC35A3",-0.336051406354975,-0.722255289680663
"SLC35A4",-0.0874722043012214,-0.33956427769579
"SLC35A5",-0.703557312252964,-1.03107037879619
"SLC35B1",-0.659090909090909,-1.58626919504072
"SLC35B2",-0.401779107892051,-0.530967390361232
"SLC35B3",-0.83695652173913,-1.66026363647775
"SLC35B4",-0.766493722436126,-1.5911695134542
"SLC35C1",0.353115899739848,0.447412416312373
"SLC35C2",0.342885375494071,0.178040579673523
"SLC35D1",0.396245059288538,1.20986497379759
"SLC35D2",0.146245059288538,-0.317912878596052
"SLC35D3",-0.000989120167338509,0.202500832937673
"SLC35E1",0.693675889328063,1.67714716318793
"SLC35E2A",-0.726284584980237,-1.89561315843215
"SLC35E3",-0.520750988142292,-0.868998395548198
"SLC35E4",-0.278656126482213,-0.73602745310735
"SLC35F1",0.0424901185770751,0.557007773633874
"SLC35F2",0.0434782608695652,0.690839393765908
"SLC35F3",-0.811264822134387,-1.81610651146604
"SLC35F3-AS1",0.381517184861824,0.577177483019285
"SLC35F4",0.135375494071146,0.082876068950843
"SLC35F5",0.0118577075098814,0.322989404419261
"SLC35F6",-0.125494071146245,-0.577503640955975
"SLC35G1",-0.473320158102767,-1.07478526209427
"SLC35G2",-0.703557312252964,-1.7172801073729
"SLC35G3",0.158102766798419,-0.165653702924667
"SLC35G5",0.454163591823856,0.79601143282329
"SLC36A1",-0.480237154150198,-0.880255674127665
"SLC36A4",-0.121541501976285,0.124979136552854
"SLC37A1",-0.216403162055336,-0.39149410564985
"SLC37A2",0.241660496628798,0.152320370146944
"SLC37A3",-0.640316205533597,-1.57342990347376
"SLC37A4",0.214426877470356,0.150947852048603
"SLC38A1",-0.8300395256917,-1.51712736467464
"SLC38A10",0.0256916996047431,-0.0915566401916648
"SLC38A11",-0.152705712593658,0.217257302749594
"SLC38A2",0.0474308300395257,0.90931703083173
"SLC38A2-AS1",0.49703557312253,0.196010741478034
"SLC38A3",0.439723320158103,0.354378143214688
"SLC38A4",0.531948139372822,1.0358168442768
"SLC38A4-AS1",0.654806049147561,1.00408016153548
"SLC38A5",0.126482213438735,0.0753184228639569
"SLC38A6",-0.373517786561265,-0.28737498529291
"SLC38A7",0.33300395256917,0.546534292534257
"SLC38A9",-0.74901185770751,-1.67705045592338
"SLC39A1",0.458611331025613,0.577630439110445
"SLC39A10",-0.796442687747036,-1.76724388568823
"SLC39A11",-0.66600790513834,-1.21350876045172
"SLC39A12",-0.26834693183934,0.210512111823956
"SLC39A13",0.158259226774161,0.510865170594461
"SLC39A14",-0.620553359683795,-1.56306320474861
"SLC39A2",0.599456405747918,0.717206892257644
"SLC39A3",-0.153162055335968,-0.473327054978385
"SLC39A4",0.0513833992094862,-0.0255349908138703
"SLC39A5",0.743944727568793,1.29720559194032
"SLC39A6",-0.593873517786561,-0.459567235073745
"SLC39A7",-0.436758893280632,-1.3358551515362
"SLC39A8",0.140316205533597,-0.396700708275824
"SLC39A9",-0.853754940711463,-2.47110840925043
"SLC3A1",-0.058300395256917,0.0236266624978043
"SLC3A2",-0.0622529644268775,-0.577299793564372
"SLC40A1",-0.357707509881423,-0.380346913331072
"SLC41A1",0.146245059288538,-0.187537040707365
"SLC41A2",-0.754940711462451,-2.16203439719207
"SLC41A3",-0.821146245059289,-1.76630521593296
"SLC43A1",0.128458498023715,0.0315607445313315
"SLC43A2",-0.408102766798419,-1.03856850416259
"SLC43A3",0.33596837944664,0.477401770686855
"SLC44A1",-0.156165065306135,-0.106621204987071
"SLC44A2",-0.265810276679842,-0.536399753157437
"SLC44A3",-0.305335968379447,-1.07681397572077
"SLC44A3-AS1",0.442302953952504,0.616475028531857
"SLC44A4",-0.334322616560416,-0.482617191169393
"SLC44A5",-0.66304347826087,-1.3615837802711
"SLC45A1",-0.301681651038245,-0.60482790482998
"SLC45A2",0.33638965599981,0.275526127038371
"SLC45A3",0.266864352105421,0.291840634502618
"SLC45A4",-0.075098814229249,-0.119237681967651
"SLC46A1",-0.0449715852622099,-0.796838881149014
"SLC46A2",0.444114955134991,0.892495543279354
"SLC46A3",0.0158141838284694,0.229643777607831
"SLC47A1",-0.0543478260869565,-0.212602402968202
"SLC47A2",0.745243412916621,1.57695208586176
"SLC48A1",0.264822134387352,0.206783388948863
"SLC49A3",0.204545454545455,0.160417810189846
"SLC49A4",-0.585618994898008,-1.08906519908203
"SLC4A1",0.443290116144019,0.357667194828581
"SLC4A10",-0.643598694547886,-1.5059179237012
"SLC4A11",0.487154150197628,0.727878127073733
"SLC4A1AP",-0.794466403162055,-1.30855110634474
"SLC4A2",0.622092051259092,0.895739656783666
"SLC4A3",-0.318181818181818,-0.755692100926375
"SLC4A4",-0.358695652173913,-0.743410188222728
"SLC4A5",0.459486166007905,0.687559975169401
"SLC4A7",0.785573122529644,3.97019647943424
"SLC4A8",-0.480237154150198,-1.04695419919659
"SLC4A9",-0.054401609203618,-0.0468610916420336
"SLC50A1",0.538670636657239,0.601558871005558
"SLC51A",0.591549313833683,1.33995363420492
"SLC51B",0.706202146590087,1.52063327667303
"SLC52A1",0.151185770750988,0.249475737078189
"SLC52A2",0.412157166029484,0.541747830679505
"SLC52A3",0.158636031529334,-0.439612244285535
"SLC5A1",-0.237706950671681,-1.09715769464962
"SLC5A10",0.514949360914535,0.80157208295274
"SLC5A11",0.306399811676595,0.445889266396356
"SLC5A12",-0.366197194277995,-1.41998819378073
"SLC5A2",0.310276679841897,0.161388314437539
"SLC5A3",0.278656126482213,0.973968784965967
"SLC5A4",0.0118635704064127,-0.320654580755202
"SLC5A5",0.272727272727273,0.00967150611731309
"SLC5A6",-0.0899209486166008,-0.600281855758967
"SLC5A7",0.501483924840624,0.500046966818684
"SLC5A8",0.473931321609442,0.474477173667374
"SLC5A9",0.272997166185429,-0.116705993551959
"SLC66A1",0.226284584980237,-0.264067573983284
"SLC66A1L",-0.180380534293479,-0.556661646720541
"SLC66A2",0.0177865612648221,-0.236121898045611
"SLC66A3",0.373887423253957,0.420598823095486
"SLC6A1",-0.494687437884308,-0.892532693679289
"SLC6A11",0.440326180973945,0.590119742107272
"SLC6A12",0.292490118577075,0.788424713712737
"SLC6A12-AS1",0.245614042585915,0.41635516479006
"SLC6A13",0.0849802371541502,0.0247425504088034
"SLC6A14",-0.405539268608789,-1.68737757103494
"SLC6A15",-0.146245059288538,0.00268819333414629
"SLC6A16",0.180019870455609,0.205289130967433
"SLC6A17",-0.24703557312253,-0.611000610607218
"SLC6A18",0.496664210862867,0.407838713073978
"SLC6A19",0.386363636363636,0.306570410074898
"SLC6A2",-0.201581027667984,-1.07583487878058
"SLC6A20",0.266798418972332,-0.0440673377632489
"SLC6A3",0.533234510966203,0.642319275432578
"SLC6A4",0.467391304347826,0.596268687786692
"SLC6A5",0.280632411067194,-0.155442579081093
"SLC6A6",-0.117588932806324,-0.0779979287998959
"SLC6A7",0.585269473383024,0.321605805234048
"SLC6A8",-0.129478630095593,-0.820091888238162
"SLC6A9",0.362648221343874,0.17424272038482
"SLC7A1",-0.0296442687747036,0.346291245737755
"SLC7A10",-0.0217445027641454,-0.50674791627421
"SLC7A11",-0.383399209486166,-0.614695736806458
"SLC7A11-AS1",0.36498534174791,0.425565249250488
"SLC7A13",0.269762845849802,0.00266837685480997
"SLC7A14",-0.711462450592885,-1.65577671815866
"SLC7A14-AS1",0.01878398647682,-0.370445079095184
"SLC7A2",-0.221343873517787,0.0947876765512253
"SLC7A3",-0.148221343873518,-0.521340377178273
"SLC7A4",0.147102977089132,0.152993549462993
"SLC7A5",0.203557312252964,0.121601813346302
"SLC7A5P1",-0.262116844344705,-0.487395040248912
"SLC7A6",-0.431818181818182,-0.8553683017342
"SLC7A6OS",-0.506548075755661,-1.43211062493916
"SLC7A7",0.327075098814229,0.324122320906856
"SLC7A8",-0.393280632411067,-1.37915222706852
"SLC7A9",0.0760869565217391,0.218557781600262
"SLC8A1",-0.409090909090909,-0.119195375525031
"SLC8A1-AS1",-0.244071146245059,-0.789618387076415
"SLC8A2",0.0345849802371542,-0.119856627689828
"SLC8A3",-0.579051383399209,-0.830913584022193
"SLC8B1",0.393280632411067,0.154028807975915
"SLC9A1",0.121842869912211,0.320644907600096
"SLC9A2",0.443675889328063,0.854708730545113
"SLC9A3",-0.0889328063241107,0.313249926243609
"SLC9A3-AS1",-0.0721343873517787,-0.559412635298278
"SLC9A5",0.722332015810277,1.71979536470623
"SLC9A6",-0.785573122529644,-2.31381288486013
"SLC9A7",-0.146281200413342,0.244446811920241
"SLC9A8",0.0499135177086065,0.163727038747634
"SLC9A9",-0.33102766798419,-0.905486223407307
"SLC9B1",0.263040863443495,0.280017348883211
"SLC9B2",-0.551383399209486,-0.56140078368436
"SLC9C2",0.215415019762846,-0.188045872382979
"SLCO1A2",0.375494071146245,0.75369789650985
"SLCO1B1",0.107239934086808,-0.15503733748408
"SLCO1B3",-0.49418786245674,-1.56242220513226
"SLCO1C1",-0.420948616600791,-0.539007056865544
"SLCO2A1",0.674901185770751,1.68187804142632
"SLCO2B1",-0.149209486166008,0.0379360087621881
"SLCO3A1",-0.453557312252964,-0.82706518654223
"SLCO4A1",0.397233201581028,0.792285772988924
"SLCO4A1-AS1",0.517420327137733,0.372164651465467
"SLCO4C1",-0.437747035573123,-1.06061751677549
"SLCO5A1",-0.172473442379244,-0.220872806574487
"SLCO6A1",0.269762845849802,0.0721550797920676
"SLF1",-0.778656126482213,-2.11003014540065
"SLF2",-0.794466403162055,-5.26753479023803
"SLFN11",-0.200592885375494,-0.520028682392591
"SLFN12",0.112648221343874,0.388968230082978
"SLFN13",-0.0415122325497322,-0.813894553731329
"SLFN5",0.734189723320158,1.63245465525394
"SLFNL1",0.533267783511878,0.558828861277217
"SLFNL1-AS1",0.640316205533597,0.954179518205801
"SLIRP",-0.784584980237154,-1.85467526166176
"SLIT1",-0.593873517786561,-2.24542194963846
"SLIT1-AS1",0.466403162055336,0.870600849570579
"SLIT2",-0.527667984189723,-0.922935498004854
"SLIT2-IT1",-0.141479207870498,-0.668566901163968
"SLIT3",-0.572134387351779,-1.29852766429206
"SLIT3-AS1",0.709661499302564,1.43347778348498
"SLITRK1",0.147233201581028,0.816108957999082
"SLITRK2",0.474308300395257,1.22043045201976
"SLITRK3",-0.685770750988142,-1.36239983763912
"SLITRK4",-0.465415019762846,-0.488054586463501
"SLITRK5",-0.513833992094862,-0.524489630739493
"SLITRK6",0.327075098814229,0.287627621761296
"SLK",-0.525691699604743,-0.796951063126157
"SLMAP",-0.61131704361927,-0.973028966749646
"SLN",0.206572776259382,0.362022131991134
"SLPI",0.503582916287822,0.390252823092423
"SLTM",-0.50296442687747,-0.588142125881809
"SLU7",-0.520750988142292,-0.453285405746534
"SLURP1",0.564229249011858,0.778997966819263
"SLX1B",-0.447082315637006,-0.682065883849592
"SLX4",0.471343873517787,0.862842073363958
"SLX4IP",-0.559920946176745,-0.908954217840151
"SLX9",0.236399719993904,0.591751028368657
"SMAD1",0.159624418018613,0.666677925990364
"SMAD1-AS2",0.464047456716649,0.757949150053243
"SMAD2",-0.557312252964427,-1.16476446416605
"SMAD3",-0.387351778656126,-0.759593000088038
"SMAD3-DT",0.481225296442688,0.111227162850626
"SMAD4",-0.0622529644268775,0.259986035261421
"SMAD5",-0.194664031620553,0.21526650242561
"SMAD5-AS1",0.654806049147561,1.25224674692422
"SMAD6",0.145256916996047,0.315048965288929
"SMAD7",-0.197628458498024,-0.170118308587772
"SMAD9",-0.1699604743083,0.0229603688570502
"SMAGP",0.627470355731225,1.27145285334543
"SMAP1",-0.482213438735178,-0.662539992800093
"SMAP2",-0.74802371541502,-1.3690504097612
"SMARCA1",-0.488142292490119,-0.447889572105178
"SMARCA2",-0.41304347826087,-0.0726598466414018
"SMARCA4",-0.777667984189723,-1.70001513419882
"SMARCA5",-0.699604743083004,-0.911541341256493
"SMARCAD1",-0.622529644268775,-0.877366756032348
"SMARCAD1-DT",-0.0563519594304601,-0.293012647763368
"SMARCAL1",-0.49703557312253,-1.16501678850978
"SMARCB1",0.567828038090979,1.17078993146176
"SMARCC1",-0.0662055335968379,0.126120801202835
"SMARCC2",-0.617588932806324,-1.98507612056866
"SMARCD1",0.864624505928854,2.02228296640725
"SMARCD2",-0.119565217391304,-0.889733798976432
"SMARCD3",-0.34247591853529,-0.907494964279922
"SMARCE1",-0.585124801653368,-0.63998898937233
"SMC1A",-0.336545599599614,0.0210665211103197
"SMC1B",0.279713376466053,0.309358745492161
"SMC2",-0.466403162055336,-0.445526805221302
"SMC3",0.681818181818182,2.93153344172354
"SMC4",-0.687747035573123,-1.76190014058231
"SMC5",-0.0592885375494071,0.29536368758206
"SMC5-DT",0.414628132252682,0.291020566352597
"SMC6",-0.724308300395257,-1.18983809972554
"SMCHD1",-0.350790513833992,-0.231834444948205
"SMCO1",0.66304347826087,0.80257936786864
"SMCO3",0.278656126482213,0.0229562610428122
"SMCO4",-0.354743083003953,-1.04452647728458
"SMCP",0.734189723320158,1.55785554672874
"SMCR5",0.503952569169961,0.494382272319823
"SMCR8",-0.290801329197522,-0.0835886754758239
"SMDT1",-0.319169960474308,-0.161708729908494
"SMG1",-0.572134387351779,-0.916708839274075
"SMG1P1",-0.366691387522634,-1.16941786120653
"SMG5",0.191699604743083,-0.11330639440188
"SMG6",0.33498023715415,0.494193230102594
"SMG7",-0.75395256916996,-2.56326124718756
"SMG7-AS1",0.289525691699605,0.341455144771463
"SMG8",-0.641304347826087,-1.13919558779401
"SMG9",-0.152173913043478,-0.701428704855018
"SMIM1",0.260439839925105,0.135935599059328
"SMIM10",0.73091180882207,1.2174787171027
"SMIM10L1",-0.457509881422925,-1.31279650474042
"SMIM10L2A",0.656126482213439,1.384137241407
"SMIM11",-0.623517786561265,-1.15501674593032
"SMIM12",-0.816205533596838,-2.70373050275148
"SMIM13",-0.694664031620553,-1.31379267455482
"SMIM14",-0.728260869565217,-1.03998916624355
"SMIM14-DT",-0.233432359491888,-0.730450243763821
"SMIM15",-0.776679841897233,-1.35991680942574
"SMIM17",-0.116600790513834,0.186147986938161
"SMIM19",-0.694664031620553,-1.24605578482099
"SMIM2",-0.123517786561265,-0.516317588994702
"SMIM2-AS1",0.325098814229249,0.349729371627462
"SMIM20",-0.739130434782609,-1.54383978588776
"SMIM21",0.50296442687747,0.631767725968775
"SMIM22",0.016798418972332,-0.223975565316294
"SMIM24",0.399209486166008,0.655512549709305
"SMIM26",-0.726284584980237,-1.61359590417017
"SMIM27",-0.0612648221343874,-0.506507431109167
"SMIM29",-0.594514473301522,-0.984723482629824
"SMIM3",-0.291079821092765,-0.62127016706817
"SMIM30",-0.435770750988142,-0.609863701783242
"SMIM31",0.331355256058401,0.0392367924225638
"SMIM32",0.304347826086957,0.442731642095793
"SMIM43",-0.561264822134387,-1.3513117235442
"SMIM5",0.437747035573123,0.883352274870881
"SMIM6",0.370553359683794,0.492437519855222
"SMIM7",-0.774703557312253,-2.64955739561995
"SMIM8",-0.547430830039526,-1.49413000744842
"SMKR1",-0.64195702478693,-0.949442563325909
"SMLR1",0.321464054385016,0.177983321039828
"SMN1",-0.144304427434783,0.167239230434102
"SMNDC1",-0.307312252964427,-0.149825832522615
"SMO",0.576086956521739,0.61681902043665
"SMOC1",0.0237154150197628,-0.150856092151864
"SMOC2",-0.22161778016078,0.00324871084109341
"SMOX",0.598468019258639,1.05587418444022
"SMPD1",-0.693675889328063,-2.81204308053154
"SMPD2",-0.24802371541502,-0.196006683126886
"SMPD3",0.200642457323706,0.419902240126691
"SMPD4",-0.527304192030527,-1.28716735131609
"SMPDL3A",-0.667656112953494,-1.01430185419505
"SMPDL3B",0.641304347826087,1.62502650203766
"SMPX",0.191746978920191,-0.0487831782591438
"SMR3A",0.369930942584603,0.464865745487873
"SMR3B",0.687747035573123,1.91732449485432
"SMS",-0.843873517786561,-2.87914688702372
"SMTN",0.717074397972159,0.942386349070077
"SMTNL1",-0.0237154150197628,-0.698183446171026
"SMTNL2",0.36579342086439,0.356083584108804
"SMU1",-0.526679841897233,-0.795688233329719
"SMUG1",-0.737336321002386,-1.65547690655822
"SMURF1",-0.338522372578173,-0.182081760399412
"SMURF2",0.776679841897233,2.51508332119923
"SMYD1",0.689416756634941,0.982547333877913
"SMYD2",-0.786561264822134,-1.65080247101936
"SMYD3",-0.676877470355731,-1.38398873957737
"SMYD4",-0.00395256916996047,0.272229399387039
"SMYD5",0.0357501924267562,0.0402685253594396
"SNAI1",0.0978260869565217,-0.0854373154946022
"SNAI2",-0.202569169960474,-0.274564058411364
"SNAI3",0.344452691513849,0.482466712258257
"SNAI3-AS1",0.672924901185771,1.88146653009874
"SNAP23",-0.194664031620553,0.122129814804786
"SNAP25",-0.687747035573123,-0.703428040010972
"SNAP29",-0.180830039525692,-0.337392813707454
"SNAP47",-0.33695652173913,-0.244225590844401
"SNAP91",-0.729429229088151,-1.42266457369813
"SNAPC1",0.353754940711462,1.22345661974555
"SNAPC2",0.399209486166008,0.37223380956514
"SNAPC3",-0.673913043478261,-1.40884631894785
"SNAPC4",0.40276749438133,0.472047850576831
"SNAPC5",-0.66403162055336,-1.28245269717082
"SNAPIN",-0.412055335968379,-0.762695787376055
"SNCA",-0.561264822134387,-0.378849094582363
"SNCAIP",-0.0177865612648221,-0.114844656861436
"SNCB",-0.679841897233202,-1.64186806091694
"SNCG",-0.555967400219627,-1.12814378219013
"SND1",-0.706521739130435,-1.89922723857308
"SND1-IT1",0.0978260869565217,0.318272312410171
"SNED1",0.0568462748640606,0.577269722769293
"SNF8",-0.657114624505929,-1.66659138716142
"SNHG1",-0.66304347826087,-1.07248153257936
"SNHG10",-0.166089985689777,-0.583512891689805
"SNHG11",0.284584980237154,0.351268438598837
"SNHG12",0.185770750988142,0.319984529725856
"SNHG14",-0.606719367588933,-1.21212976300435
"SNHG15",-0.226508518320519,-0.430722377157372
"SNHG16",-0.367588932806324,-0.307322686334307
"SNHG17",-0.218379446640316,-0.707186961752941
"SNHG18",0.267786561264822,0.095655046088882
"SNHG19",0.357072380409202,0.897921412733153
"SNHG20",-0.0341754391217176,-0.477870794000973
"SNHG21",-0.398221343873518,-0.468322370518189
"SNHG27",-0.270817898062539,-1.10222729908606
"SNHG28",-0.637351778656126,-1.34267658009399
"SNHG29",-0.6699604743083,-2.00632172428283
"SNHG3",0.303359683794466,0.709416925109536
"SNHG30",-0.317193675889328,-0.793008881128764
"SNHG32",-0.574110671936759,-1.29234174140802
"SNHG33",-0.0909090909090909,0.223961673872409
"SNHG4",0.781319519775316,1.97787511707702
"SNHG5",-0.601778656126482,-0.728442483819963
"SNHG6",-0.622529644268775,-1.15128815978412
"SNHG7",0.239130434782609,0.446201480124374
"SNHG8",-0.559288537549407,-0.543884686834024
"SNHG9",0.483201581027668,1.01642602895537
"SNIP1",-0.41600790513834,-0.832824003987613
"SNN",-0.525691699604743,-1.14113545557847
"SNORA17B",0.621541501976285,0.805606287824144
"SNORA21",-0.231776631736005,-0.39513094359037
"SNORA37",0.438735177865613,0.247527937345771
"SNORA57",0.654150197628458,1.16509749844674
"SNORA65",0.390316205533597,0.910368291232374
"SNORA68",0.558438366442826,1.53644148758537
"SNORA71A",0.257474680457267,0.42336262940318
"SNORA71B",0.828063241106719,1.88358773839184
"SNORA72",-0.403561028274112,-1.14231603370552
"SNORA74A",-0.178853754940711,-0.582719808718632
"SNORA78",0.312252964426877,-0.0106796874151564
"SNORC",0.246108235830555,0.178484820506641
"SNORD104",0.321146245059289,0.155231552692837
"SNORD114-3",0.0800395256916996,0.127611864318228
"SNORD116-20",0.223320158102767,0.313099313719247
"SNORD3B-1",0.151335385602792,-0.19110363092268
"SNORD50A",0.58102766798419,1.76054600778419
"SNORD8",0.757598244032612,1.10936554445684
"SNORD89",-0.0266798418972332,0.0263785434294392
"SNPH",-0.138339920948617,-0.828140726173028
"SNRK",-0.739130434782609,-1.31684815389342
"SNRK-AS1",0.0296442687747036,-0.111750207471036
"SNRNP200",-0.436758893280632,-0.832930493656435
"SNRNP25",-0.761857707509881,-1.48729833579692
"SNRNP27",-0.283596837944664,0.303876752598426
"SNRNP35",-0.761857707509881,-1.78614300285428
"SNRNP40",-0.544106762348275,-1.58092300475921
"SNRNP48",0.524703557312253,1.51565025024322
"SNRNP70",0.188735177865613,0.245989327904216
"SNRPA",-0.790513833992095,-1.49842243549797
"SNRPA1",-0.452569169960474,-0.676429803863454
"SNRPB",-0.494071146245059,-0.950237768375435
"SNRPB2",-0.655138339920949,-1.5093967528191
"SNRPC",-0.342885375494071,-1.02469954323224
"SNRPD1",-0.795156930625227,-1.76756151215572
"SNRPD2",-0.704545454545454,-1.58270811912992
"SNRPD3",-0.657114624505929,-1.2458049152378
"SNRPE",-0.598814229249012,-0.722126440251369
"SNRPF",-0.692687747035573,-1.39999282538783
"SNRPF-DT",0.230294052002086,-0.507814243124497
"SNRPG",-0.445652173913043,-0.458527748050342
"SNRPN",-0.813241106719368,-1.86664688888603
"SNTA1",-0.314229249011858,-0.798859626559322
"SNTB1",-0.437747035573123,-1.02739888521545
"SNTB2",0.148221343873518,0.575451173500134
"SNTG1",0.180830039525692,0.772688180944563
"SNTG2",-0.305335968379447,-0.878473087885435
"SNTG2-AS1",0.604743083003953,1.16932022154977
"SNTN",-0.0510155105729988,-0.279991455802961
"SNU13",-0.845849802371541,-2.16768475245758
"SNUPN",-0.652173913043478,-1.38479276881468
"SNURF",-0.66304347826087,-1.44677074844819
"SNW1",-0.105731225296443,0.00151029160220373
"SNX1",-0.486166007905138,-0.583999247056129
"SNX10",-0.621541501976285,-0.628259389573977
"SNX11",0.642292490118577,0.99816010320172
"SNX12",0.0681818181818182,0.816952683255779
"SNX13",-0.378458498023715,-0.194914346558974
"SNX14",-0.745059288537549,-1.71139545252624
"SNX15",-0.591897233201581,-2.1720410823063
"SNX16",-0.427865612648221,-0.573098809226231
"SNX17",-0.777667984189723,-2.16865371740775
"SNX18",-0.267786561264822,-0.124520772018226
"SNX19",-0.259881422924901,-0.500776909506812
"SNX2",-0.496047430830039,-0.797716260195772
"SNX20",0.356083260241863,0.375124312708004
"SNX21",-0.0424901185770751,-0.192648681823595
"SNX22",0.790513833992095,2.18367673121195
"SNX24",-0.454545454545455,-1.03955762513366
"SNX25",-0.249073395298393,-0.00804280939552228
"SNX27",-0.34297011177993,-0.0520726360853905
"SNX29",-0.451581027667984,-1.33039043501913
"SNX29P1",0.0741289866959503,-0.37932664115821
"SNX29P2",0.160237467108839,0.226685950096945
"SNX3",-0.518774703557312,-0.970776117281454
"SNX30",-0.831727230728563,-2.01475095777158
"SNX31",0.52285645282877,0.780136006861226
"SNX32",0.498146790596786,0.724084477990687
"SNX33",0.0671936758893281,0.156938587994602
"SNX4",-0.767786561264822,-1.60740893534506
"SNX5",0.0276679841897233,0.655527402094287
"SNX6",-0.819169960474308,-1.41000671512067
"SNX7",-0.478260869565217,-0.836692356788589
"SNX8",-0.328063241106719,-0.687480054776841
"SNX9",-0.709486166007905,-1.25467367327664
"SOAT1",-0.303359683794466,-0.320168620693159
"SOAT2",0.399209486166008,0.392866028923037
"SOBP",-0.172924901185771,0.223266064746465
"SOCS1",0.392292490118577,0.0402997675145122
"SOCS2",-0.219421800620013,-0.350860061518043
"SOCS2-AS1",0.245059288537549,0.321485576817787
"SOCS3",0.631422924901186,0.666196623930758
"SOCS4",-0.286561264822134,0.132540135306537
"SOCS5",0.152211519349018,1.03209905104065
"SOCS6",-0.420064257943718,-0.456393154581599
"SOCS7",0.209486166007905,0.171136657180943
"SOD1",-0.816205533596838,-2.07722200010741
"SOD1-DT",0.779644268774704,2.06054834768046
"SOD2",-0.421936758893281,-1.81544331280647
"SOD3",0.683794466403162,0.791444386049712
"SOHLH1",0.300395256916996,0.167235538827226
"SOHLH2",-0.692687747035573,-1.34446154763696
"SON",-0.733876968289908,-1.01371952312119
"SORBS1",-0.664689914040354,-1.88174518412917
"SORBS2",-0.448616600790514,-0.773111038209758
"SORBS3",0.699604743083004,1.2625473851071
"SORCS1",-0.270029805683413,-0.354152157574612
"SORCS2",0.297430830039526,0.471132265664116
"SORCS3",-0.674579954124863,-1.48359149911336
"SORCS3-AS1",0.564229249011858,0.519588606607469
"SORD",-0.687747035573123,-1.58043322606567
"SORL1",-0.788537549407115,-1.7631024519668
"SORT1",-0.66600790513834,-1.76324187904526
"SOS1",-0.0959446562318354,-0.563937354760144
"SOS2",-0.0662218947817156,0.613564002345708
"SOST",0.16699604743083,-0.234527719364833
"SOSTDC1",-0.472332015810277,-0.787375025794583
"SOWAHA",0.267786561264822,0.871979532244798
"SOWAHC",-0.242154689873438,-0.4107038575195
"SOX1",0.595849802371542,0.875719259256001
"SOX1-OT",-0.498146790596786,-0.339077693638027
"SOX10",0.503952569169961,1.22199465797166
"SOX11",0.128553805442309,0.419591709247804
"SOX12",0.412651359274123,0.439415387540518
"SOX13",0.726284584980237,1.31553700006505
"SOX14",0.545589342082194,0.707898143534302
"SOX15",0.540513833992095,0.379007437097666
"SOX17",-0.224530277985842,-0.805055664206995
"SOX18",0.138374108499107,0.0894863707932436
"SOX2",0.0128458498023715,0.267867938359944
"SOX2-OT",-0.156126482213439,-0.154004269466438
"SOX21",0.637351778656126,1.08568279096352
"SOX21-AS1",-0.257905138339921,-0.96058277368143
"SOX3",0.74672599265054,1.49043141207805
"SOX30",-0.0602766798418972,-0.601460698335553
"SOX4",0.363636363636364,0.365674993702357
"SOX5",0.176877470355731,1.0959187135767
"SOX6",-0.00988142292490119,0.221082250464334
"SOX7",0.127470355731225,0.663821922346753
"SOX8",0.113636363636364,0.308157773785216
"SOX9",-0.327075098814229,-0.890217455944572
"SOX9-AS1",-0.265875965616142,-0.706403798459293
"SP1",0.100790513833992,0.367961036677353
"SP100",0.322134387351779,0.41775943239123
"SP110",0.242094861660079,0.443639271595258
"SP140",0.309064840752925,0.0544864543036207
"SP140L",0.242648883118077,0.858216421507877
"SP2",-0.101778656126482,-0.0760014489153454
"SP2-AS1",0.280701762955332,0.77142581651698
"SP2-DT",-0.271739130434783,-0.468929978589892
"SP3",-0.442687747035573,-0.78837277767059
"SP3P",0.131949596318792,-0.0462718261258738
"SP4",0.5,1.60568147880763
"SP5",0.398912554915625,0.305729304551257
"SP6",-0.00691699604743083,-0.753237138175363
"SP7",0.508030655489579,0.237043320242887
"SP8",0.647393150477966,0.966921920046446
"SPA17",-0.556461593464267,-0.770721154897921
"SPAAR",0.781319519775316,1.58642663443873
"SPACA1",0.343240279874642,0.654779813695818
"SPACA3",0.348900430715606,0.757135220820085
"SPACA4",-0.0968379446640316,-0.554446172586696
"SPACA6",0.633036907096646,0.77969167600885
"SPACA7",0.26834693183934,0.220845583697789
"SPACA9",0.301457879230198,1.08257772342382
"SPACDR",0.441699604743083,0.931773095462572
"SPAG1",-0.58695652173913,-0.947761417098286
"SPAG11A",0.317193675889328,0.000456372734248806
"SPAG11B",0.594514473301522,0.882366294260559
"SPAG16",-0.722332015810277,-2.1458890868119
"SPAG17",0.16897233201581,0.136591556101868
"SPAG4",0.396342982201014,0.706458751904179
"SPAG5",-0.146245059288538,-0.449673018284452
"SPAG5-AS1",0.362336233255094,0.357047267792647
"SPAG6",0.168896010731967,-0.241070796440003
"SPAG7",-0.708498023715415,-1.53835561044189
"SPAG8",-0.152173913043478,-0.472257699499694
"SPAG9",-0.591897233201581,-1.10878498273164
"SPAM1",0.302670771205584,0.376834492645939
"SPANXA1",0.50197628458498,0.23055310856695
"SPANXA2-OT1",0.547071921816113,0.598109555070879
"SPANXC",0.192687747035573,0.313038781899317
"SPARC",-0.351778656126482,-0.767596263557182
"SPARCL1",-0.596837944664032,-1.35732930619766
"SPART",-0.216403162055336,0.330273376966397
"SPART-AS1",0.640316205533597,0.972306338984007
"SPAST",-0.504940711462451,-0.287700471375818
"SPATA1",0.399604547604758,0.60111278479955
"SPATA12",0.549407114624506,1.10254160817128
"SPATA13",-0.0365703001033355,-0.237618314652332
"SPATA16",0.175889328063241,0.191356743277717
"SPATA17",-0.530269351498365,-1.39467940946029
"SPATA18",0.303659891372922,-0.191344683436926
"SPATA19",0.443675889328063,0.634279525268414
"SPATA2",-0.540513833992095,-0.390626179391823
"SPATA20",-0.100790513833992,-0.28580750633306
"SPATA21",0.775691699604743,2.29621927207429
"SPATA22",-0.283877488026152,-1.07983400584385
"SPATA24",0.731225296442688,1.21807981250502
"SPATA25",0.327390800861672,0.695472584544682
"SPATA2L",0.807312252964427,2.14862021693517
"SPATA3",0.367588932806324,0.274265497134536
"SPATA3-AS1",0.323013336836342,0.0708113532391048
"SPATA31A3",-0.361749455076238,-0.717619227302867
"SPATA31C2",0.0123548311159917,-0.181487370404278
"SPATA31D3",0.630434782608696,1.4679935055057
"SPATA31E1",0.383493957840383,0.0569439861017731
"SPATA31F1",0.776679841897233,1.66598770366621
"SPATA31F2P",0.719545364195358,1.08484942766678
"SPATA31F3",0.211462450592885,0.115646450295474
"SPATA31G1",0.610822850374631,0.766747784042748
"SPATA31H1",0.452027916473699,0.419165467585484
"SPATA32",0.409090909090909,0.186732776176367
"SPATA33",0.423913043478261,1.12194392429121
"SPATA4",0.409192006561646,0.552497980234424
"SPATA41",0.247590815564474,-0.341664774674387
"SPATA42",-0.111936945529104,-0.382679868571505
"SPATA45",0.484788894101707,0.550448344064595
"SPATA46",0.709199159981711,1.26514003712341
"SPATA6",-0.561264822134387,-1.25238266526021
"SPATA6L",-0.121541501976285,-0.419815864492509
"SPATA7",-0.798418972332016,-1.74170232384651
"SPATA8",0.206521739130435,0.00694346670817498
"SPATA9",0.148221343873518,0.258666758565869
"SPATC1",0.306588359657148,0.246946741697595
"SPATC1L",-0.41403162055336,-1.00922123584567
"SPATS1",0.255992100723348,0.308945070265624
"SPATS2",0.358695652173913,0.977602905943905
"SPATS2L",-0.74703557312253,-1.79732239231621
"SPC24",0.527201049191426,0.643109354465882
"SPC25",-0.000988386489279338,-0.400820860529566
"SPCS1",-0.736166007905138,-1.54558776736468
"SPCS2",-0.603754940711463,-0.765796279551426
"SPCS3",-0.195652173913043,-0.34075824436529
"SPDEF",0.384387351778656,0.0976600476835012
"SPDL1",-0.643439604520849,-0.821231389235215
"SPDYA",0.231454119157211,0.17712743895549
"SPDYE1",-0.287549407114625,-0.406209805527366
"SPDYE2",0.657114624505929,0.496592441605753
"SPECC1",-0.676877470355731,-1.9710040612943
"SPECC1L",-0.217391304347826,-0.199700312981643
"SPEF1",0.314229249011858,0.276438014465909
"SPEF2",0.216403162055336,-0.237472934916758
"SPEG",-0.240118577075099,-0.65313569661757
"SPEM1",0.579051383399209,0.806013430371803
"SPEM2",-0.263833992094862,-0.948578209049062
"SPEN",0.235177865612648,0.549748949338468
"SPEN-AS1",-0.0138339920948617,0.362261091639584
"SPESP1",-0.0321305031840343,-0.293734679409816
"SPG11",-0.740118577075099,-1.91821893454962
"SPG21",-0.860671936758893,-1.95160894474657
"SPG7",-0.612648221343874,-1.87803629936484
"SPHK1",0.341487532046011,0.250798495567469
"SPHK2",0.608695652173913,1.27255769277667
"SPHKAP",-0.376482213438735,-0.292343331360462
"SPI1",0.763833992094862,1.5506399082399
"SPIB",0.609683794466403,0.853775238989515
"SPIC",0.483320993257596,0.801328099465673
"SPICE1",-0.561264822134387,-1.1070968777197
"SPIDR",-0.515810276679842,-1.24577104645501
"SPIN1",-0.784584980237154,-1.29551650299771
"SPIN2A",0.377069445660067,0.26274805475851
"SPIN2B",-0.479367447300479,-0.959667961781389
"SPIN3",-0.736166007905138,-2.14541334673719
"SPIN4",-0.657114624505929,-1.55294416019067
"SPINDOC",0.340257337564447,0.374342948058844
"SPINK1",0.425889328063241,0.983043760824707
"SPINK13",0.492094861660079,0.0811637511247062
"SPINK2",0.421936758893281,0.727408121405586
"SPINK4",0.658754031447447,0.852861564005859
"SPINK5",0.239683723650239,-0.0753308172141654
"SPINK6",0.576968383331815,0.286384254047422
"SPINK7",0.370022543661303,0.111419379135065
"SPINT1",0.422924901185771,0.381097393622738
"SPINT1-AS1",0.511375126514009,0.777088731618292
"SPINT2",-0.736166007905138,-1.67193569814643
"SPINT3",0.270817898062539,0.0465802719672574
"SPIRE1",-0.605731225296443,-1.05698421011188
"SPIRE2",0.460474308300395,1.09242475189155
"SPMAP1",0.0222386960087851,-0.156289188737553
"SPMAP2",0.844576255089194,1.51502844062982
"SPMIP1",-0.0741289866959503,0.047126684881107
"SPMIP10",0.128585621754006,-0.118757163982426
"SPMIP11",0.00345935271247768,0.0164549171405046
"SPMIP2",0.230294052002086,0.754212261501183
"SPMIP3",0.680830039525692,1.32604048430866
"SPMIP4",0.0128585621754006,-0.128252893135845
"SPMIP5",0.637351778656126,1.64240398119576
"SPMIP6",-0.266798418972332,-0.129376134791566
"SPMIP8",0.365974461915248,0.377547096559537
"SPMIP9",0.594861660079051,0.804288413894537
"SPN",0.811264822134387,1.72080796507111
"SPNS1",0.109792338574575,-0.162005345011786
"SPNS2",0.75098814229249,1.38634866131347
"SPNS3",0.142292490118577,0.0543925839314216
"SPO11",-0.0553359683794466,-0.653546660584137
"SPOCD1",0.374104286192229,-0.080377408071323
"SPOCK1",-0.676877470355731,-2.15389366693821
"SPOCK2",-0.486647122330547,-0.82646649379277
"SPOCK3",-0.350790513833992,-0.343020597283037
"SPON1",-0.0642292490118577,0.210766009396967
"SPON2",0.157114624505929,0.294705390912402
"SPOP",-0.580677062451611,-0.834563879991705
"SPOPL",-0.366600790513834,0.0190034579601258
"SPOUT1",-0.0326086956521739,-0.355226901098879
"SPP1",0.0849802371541502,0.397295217729325
"SPP2",0.400197628458498,0.670737409145325
"SPPL2A",-0.308376584655153,-0.651381559492375
"SPPL2B",0.460474308300395,0.360414027546048
"SPPL2C",0.619224135533505,0.763059205155432
"SPPL3",-0.713438735177866,-1.45722827954948
"SPR",-0.311835937367631,-0.292786562569491
"SPRED1",0.216403162055336,0.938608843616987
"SPRED2",-0.83300395256917,-2.14589843120297
"SPRED3",0.509881422924901,0.104046541954405
"SPRING1",-0.275691699604743,-0.425406603023729
"SPRN",0.328063241106719,0.62087693136943
"SPRNP1",0.288537549407115,-0.0644320100740162
"SPRR1A",0.656126482213439,1.78510567197329
"SPRR1B",0.041501976284585,-0.341783999212219
"SPRR2C",0.442687747035573,0.327008811504009
"SPRR2D",0.618729942288865,1.33462714347558
"SPRR2G",0.37361009294759,0.284088090934772
"SPRR3",0.113636363636364,-0.152966220548198
"SPRR4",0.83300395256917,1.73055497605616
"SPRTN",-0.598468019258639,-1.1678864203086
"SPRY1",0.631578966649497,1.49567561151847
"SPRY2",-0.495059288537549,-0.843849259990176
"SPRY3",-0.0731225296442688,-0.045327155553928
"SPRY4",-0.0187932831794317,0.196869845559327
"SPRY4-IT1",0.124536697649197,-0.160803572180968
"SPRYD3",-0.286561264822134,-0.551615439709517
"SPRYD4",-0.116716179745944,-0.800344415181706
"SPRYD7",-0.559288537549407,-0.884571964191652
"SPSB1",0.10476896786361,-0.51856513200011
"SPSB2",0.401779107892051,0.703410139169445
"SPSB3",0.590909090909091,1.20105150222124
"SPSB4",0.124042504404557,0.108173198003359
"SPTA1",0.0177865612648221,-0.365334849538125
"SPTAN1",0.537549407114625,1.52786669589431
"SPTB",-0.0509019041978859,-0.0454103649850662
"SPTBN1",-0.799407114624506,-2.01813777758284
"SPTBN2",-0.134387351778656,-0.796958418565095
"SPTBN4",0.0593031893567603,-0.327148365233747
"SPTBN5",0.296736050201553,0.252951956991839
"SPTLC1",-0.798418972332016,-1.94710304236507
"SPTLC2",-0.777667984189723,-1.64399748921031
"SPTLC3",-0.0563241106719368,-0.114194885012459
"SPTSSA",-0.285573122529644,-0.438990869149177
"SPTSSB",-0.263833992094862,-0.559009919008459
"SPTY2D1",-0.341487532046011,-0.114797160618034
"SPX",-0.398221343873518,-0.248556263866253
"SPZ1",-0.12008895844744,-0.496948501612589
"SQLE",0.680830039525692,1.75706137764249
"SQOR",-0.178853754940711,-0.151655201855607
"SQSTM1",-0.808300395256917,-2.30145240808252
"SRA1",0.204545454545455,-0.17537945925823
"SRARP",-0.0108695652173913,-0.100889138167704
"SRBD1",-0.360671936758893,-0.619022490341268
"SRC",0.303659891372922,0.567543850641198
"SRCAP",-0.0385375494071146,-0.623686566328299
"SRCIN1",0.760869565217391,2.89362894575329
"SRD5A1",-0.459486166007905,-0.0652722279429539
"SRD5A2",0.366600790513834,0.363627270958312
"SRD5A3",-0.672924901185771,-1.46040137785675
"SRD5A3-AS1",0.216950834396815,0.0429846030718746
"SREBF1",-0.0316205533596838,0.0955628380941585
"SREBF2",-0.378458498023715,-1.13857159818519
"SREK1",-0.424901185770751,-0.621911621657857
"SREK1IP1",-0.150728939615099,0.478889554078306
"SRF",-0.617588932806324,-2.11489817163053
"SRFBP1",-0.326167541462181,-0.357045586984366
"SRGAP1",0.390316205533597,1.18932882025391
"SRGAP2",0.130563862088683,0.677762079443814
"SRGAP2B",0.619565217391304,2.4383689325972
"SRGAP3",-0.441699604743083,-1.09866229127318
"SRGAP3-AS2",0.41798418972332,0.772853363493124
"SRGN",0.16403162055336,0.803365489435427
"SRI",-0.759881422924901,-1.82585233458428
"SRL",0.3300395256917,-0.0417254373854504
"SRM",-0.38794169704214,-0.86217399424004
"SRMS",0.279713376466053,0.149200139342912
"SRP14",-0.681818181818182,-1.04817485016607
"SRP19",-0.343873517786561,-0.369004884343859
"SRP54",-0.817193675889328,-1.82523847450807
"SRP68",-0.810276679841897,-1.87875840592586
"SRP72",-0.779644268774704,-1.38014590360073
"SRP9",-0.677865612648221,-1.10953137483708
"SRPK1",-0.371541501976285,-0.267327491537297
"SRPK2",-0.00494071146245059,0.778711183624813
"SRPK3",0.367588932806324,0.212470482707089
"SRPRA",-0.49901185770751,-1.05368636320913
"SRPRB",-0.701581027667984,-1.22857933087287
"SRPX",-0.00988142292490119,-0.0582102552496907
"SRPX2",0.216510159917031,0.219015909125901
"SRR",-0.491106719367589,-1.02174699874326
"SRRD",-0.365612648221344,-0.829198467836627
"SRRM1",0.713438735177866,2.63496568197162
"SRRM2",0.777667984189723,2.89186151346644
"SRRM2-AS1",0.561820255048273,0.700614081271474
"SRRM3",-0.00296442687747036,-0.621817503616165
"SRRM4",-0.772727272727273,-1.85803986525221
"SRRM5",0.395256916996047,1.18785523296999
"SRRT",0.349802371541502,0.848244522936767
"SRSF1",-0.623517786561265,-1.37603568494297
"SRSF10",-0.524833225807328,-0.67716402540724
"SRSF11",0.317193675889328,1.66023591681408
"SRSF12",-0.535573122529644,-0.812385113629761
"SRSF2",-0.900197628458498,-2.66228872597043
"SRSF3",-0.809288537549407,-2.01655972972719
"SRSF4",-0.736166007905138,-2.06707147856661
"SRSF5",-0.50296442687747,-1.74856434314444
"SRSF6",-0.858695652173913,-2.4454505147968
"SRSF7",0.0390412663265338,0.738419343419911
"SRSF8",-0.719367588932806,-1.58847575811762
"SRSF9",-0.729249011857708,-2.40431345904683
"SRXN1",-0.726284584980237,-1.59533282637366
"SRY",0.369565217391304,0.958344891277912
"SS18",0.847826086956522,1.88317075006218
"SS18L1",-0.719051170950718,-1.56321103149145
"SS18L2",-0.727272727272727,-1.11639983218274
"SSB",-0.520750988142292,-0.470966363280841
"SSBP1",-0.705533596837945,-1.31816918175581
"SSBP2",-0.413145552518763,-0.24240145766285
"SSBP3",-0.379446640316206,-0.176357949991019
"SSBP3-AS1",0.725296442687747,1.65033536753151
"SSBP4",0.172967635623884,-0.45003315348234
"SSC4D",-0.24604743083004,-1.01755758828535
"SSC5D",0.0854954313226627,-0.357657159948039
"SSH1",-0.817193675889328,-2.16953374456704
"SSH2",-0.678033131645626,-1.1356184702197
"SSH3",0.673913043478261,1.28468011809245
"SSMEM1",0.344861660079051,0.305710029861334
"SSNA1",-0.176426988336362,-0.385396471417106
"SSPN",0.277667984189723,0.931492768726128
"SSPOP",0.324110671936759,0.275201265584322
"SSR1",0.0721343873517787,0.311055707576259
"SSR2",-0.619565217391304,-1.53196030993978
"SSR3",-0.212997288439697,-0.325437675110124
"SSR4",-0.705533596837945,-1.60313407150215
"SSR4P1",-0.176877470355731,-0.0497622379730915
"SSRP1",-0.762045983234369,-2.82185433520578
"SST",-0.179841897233202,-0.0668035215587108
"SSTR1",-0.369565217391304,-0.69785974101455
"SSTR2",0.00989120167338509,0.595007917932026
"SSTR3",0.263404999392943,-0.314126051364396
"SSTR4",0.689893769516978,1.06741973839761
"SSTR5",0.47788486756656,0.457678849876524
"SSTR5-AS1",0.0642292490118577,-0.708678988569728
"SSU72",-0.345441078003129,0.00583469192437767
"SSUH2",0.41897233201581,0.845740549362247
"SSX1",0.189276012696993,0.348377309337746
"SSX2",0.649369923456525,1.1003411695561
"SSX2B",0.301383399209486,0.0999832313216749
"SSX2IP",-0.50197628458498,-0.926680603088185
"SSX3",0.683963450581302,1.11170754761914
"SSX4",-0.0861815421330271,-0.701741592062657
"SSX5",0.731225296442688,0.862277669251218
"ST13",-0.600790513833992,-0.767843059580754
"ST14",0.594861660079051,0.856611589630629
"ST18",-0.102766798418972,-0.406678685393413
"ST20",0.380481967316427,0.80380335860436
"ST20-AS1",-0.0671936758893281,0.31224229460757
"ST3GAL1",0.434782608695652,1.02667919722738
"ST3GAL2",0.610671936758893,0.604760091367825
"ST3GAL3",0.679841897233202,1.17996278088925
"ST3GAL3-AS1",0.403162055335968,0.313188457462626
"ST3GAL4",-0.341487532046011,-1.01025786831059
"ST3GAL5",-0.862648221343873,-1.75698884730795
"ST3GAL6",-0.411067193675889,-0.78116971549299
"ST6GAL1",-0.455533596837945,-0.473099106900023
"ST6GAL2",-0.476284584980237,-0.869545442278554
"ST6GALNAC1",-0.0410180393050925,-0.381963551117876
"ST6GALNAC2",0.358695652173913,0.267497226112856
"ST6GALNAC3",0.133531222590699,0.51963901071077
"ST6GALNAC4",0.515810276679842,0.486252979249313
"ST6GALNAC5",-0.5800395256917,-0.74748890586883
"ST6GALNAC6",-0.00642451218031569,-0.772419288281916
"ST7",-0.434782608695652,-0.807712098343674
"ST7-AS1",-0.166543123443568,-0.116829906140906
"ST7-AS2",-0.00296442687747036,-0.371918219776477
"ST7-OT4",-0.196194718121949,-0.755954162737586
"ST7L",0.0563519594304601,-0.0961664340715729
"ST8SIA1",-0.212450592885376,-0.413741149650002
"ST8SIA2",0.494193244639669,1.13821955895887
"ST8SIA3",-0.592885375494071,-1.51553557175571
"ST8SIA4",-0.370553359683794,-0.295633466745044
"ST8SIA5",0.0731225296442688,-0.101099269790014
"ST8SIA6-AS1",0.435770750988142,0.540102946354458
"STAB1",0.447628458498024,0.66276720062145
"STAB2",0.322517917608065,0.262433487237564
"STAC",-0.192830708163464,-0.808705277829957
"STAC2",0.451198432356018,0.534886042835439
"STAC3",0.579051383399209,0.836867251087198
"STAG1",-0.359683794466403,-0.283160043690498
"STAG2",-0.1699604743083,0.0192889119797204
"STAG3",0.449604743083004,0.275925469195166
"STAG3L1",0.538537549407115,1.73743763136088
"STAG3L2",-0.486780345970074,-0.534575560172728
"STAG3L4",-0.5,-0.829373364415437
"STAM",-0.724308300395257,-1.12026071966157
"STAM-DT",0.00148257973391901,0.15115443575976
"STAM2",-0.132411067193676,0.491794819925294
"STAMBP",-0.75197628458498,-1.29815349719315
"STAMBPL1",-0.456521739130435,-0.247774565513276
"STAP1",0.493083003952569,0.807980376994838
"STAP2",0.530632411067194,0.85554522137388
"STAR",-0.481225296442688,-0.784307473561778
"STARD10",-0.0365703001033355,0.0690815539331156
"STARD13",-0.0760869565217391,0.109509185572788
"STARD13-AS",0.49901185770751,0.288194186266805
"STARD3",0.630434782608696,1.14980956020869
"STARD3NL",-0.527667984189723,-0.75383561652329
"STARD4",-0.719367588932806,-1.67405075997346
"STARD5",0.564229249011858,0.779034079935944
"STARD6",0.515331607183363,0.466460173437131
"STARD7",-0.544466403162055,-0.951488412128153
"STARD7-AS1",-0.259881422924901,-1.03149232542523
"STARD8",0.187747035573123,0.232714770507204
"STARD9",-0.1793921478042,-0.378089771711044
"STAT1",-0.474308300395257,-0.795395883225331
"STAT2",0.324110671936759,0.0538344863661514
"STAT3",-0.202569169960474,-0.442908900816632
"STAT4",-0.505928853754941,-0.788969116095351
"STAT5A",0.00296442687747036,0.171083718331026
"STAT5B",-0.604743083003953,-1.03502043474918
"STAT6",-0.222332015810277,-0.857805713392358
"STATH",0.658743971476586,1.10662831845024
"STAU1",-0.681818181818182,-0.78747863270902
"STAU2",-0.679841897233202,-1.53139979028319
"STAU2-AS1",0.658759595104679,2.01236188319155
"STBD1",-0.207509881422925,-0.140775583382872
"STC1",0.563241106719368,0.926931671847791
"STC2",0.314229249011858,0.361145151250624
"STEAP1",-0.515076681811749,-1.06653802787592
"STEAP1B",0.16456635046501,0.126217038923874
"STEAP2",-0.717391304347826,-1.39736622766982
"STEAP3",0.472332015810277,0.723469187454177
"STEAP4",0.39970404885835,0.420895531956463
"STEEP1",0.0316205533596838,0.0610466508261896
"STH",0.617588932806324,1.0366305729494
"STIL",0.161067193675889,0.566616928175011
"STIM1",0.0133432176052711,0.164007703991572
"STIM2",-0.684457643825941,-1.99835914852865
"STIMATE",-0.301681651038245,-1.22579066012388
"STING1",-0.143280632411067,-0.480952148453152
"STIP1",-0.534584980237154,-1.61862986204179
"STK10",0.172924901185771,0.233504190193021
"STK11",0.508893280632411,0.714615394875416
"STK11IP",-0.213491481684337,-0.118089798403935
"STK16",0.00790513833992095,-0.583836302138261
"STK17A",-0.280632411067194,0.182904588031024
"STK17B",0.473320158102767,1.10109576914153
"STK19",-0.555335968379447,-2.59632954768488
"STK24",-0.535573122529644,-0.25212535663651
"STK24-AS1",-0.130467016584873,-0.3585759129971
"STK25",-0.511857707509881,-0.575541627640499
"STK26",-0.101778656126482,0.292834177842909
"STK3",0.0143316040945504,0.00909002185124973
"STK31",-0.20953793572722,-0.576597352527826
"STK32A",-0.102766798418972,-0.881235543533344
"STK32B",-0.210032128971859,-0.728765870554047
"STK32C",-0.49703557312253,-1.47145367614319
"STK33",0.359772682097679,0.681202066024867
"STK35",0.566205533596838,1.3214134309287
"STK36",0.219367588932806,0.169978675763904
"STK38",-0.396245059288538,-1.01500657779607
"STK38L",-0.370553359683794,-0.629327431252998
"STK39",-0.618235749044226,-0.633038584588257
"STK4",0.14924635988118,0.13031991661183
"STK4-DT",-0.35806150057654,-0.821015317452575
"STK40",0.694664031620553,1.27749278716864
"STKLD1",0.0859896245673024,-0.0560478409138923
"STMN1",-0.525691699604743,-0.749517707236559
"STMN2",-0.712450592885375,-1.52600826209179
"STMN3",-0.210474308300395,-0.477876323671864
"STMN4",-0.83498023715415,-2.12242608758298
"STMP1",-0.217391304347826,-0.185196350044886
"STN1",-0.49802371541502,-0.996867467849361
"STOM",-0.200592885375494,-0.168268778195894
"STOML1",0.196640316205534,0.234245897130573
"STOML2",-0.85050657402487,-2.34506875633203
"STOML3",0.574678817223674,0.273121520618718
"STON1",-0.388930083531419,-0.782747702897425
"STON2",-0.473320158102767,-1.29711679688377
"STOX1",0.0859683794466403,-0.0769544796883725
"STOX2",0.623517786561265,2.39311047727085
"STPG1",-0.319169960474308,-0.224900763987632
"STPG2",0.313551093046307,0.377754730383862
"STPG3",0.231454119157211,0.592109431792253
"STPG4",0.223541157818503,0.630683466225138
"STRA6",0.260934033169745,0.238413323399035
"STRADA",-0.0306324110671937,-0.151563146793233
"STRADB",-0.50197628458498,-1.53230704288823
"STRAP",-0.811264822134387,-1.95907369358654
"STRBP",0.359683794466403,1.32396714721263
"STRC",0.33300395256917,0.46347796262539
"STRIP1",-0.682806324110672,-1.49679479345868
"STRIP2",-0.529280965009085,-0.805004296732521
"STRIT1",0.354743083003953,0.15011886859454
"STRN",-0.437855214750747,-0.482512494737207
"STRN3",-0.480237154150198,-0.165836870502853
"STRN4",0.564787615550289,0.995343192679327
"STS",-0.688735177865613,-1.14395704108574
"STT3A",-0.527201049191426,-1.10304255129931
"STT3B",-0.853754940711463,-1.30224498471483
"STUB1",-0.604743083003953,-1.18729805360437
"STUB1-DT",0.195652173913043,-0.0510101955391838
"STUM",0.281620553359684,0.225338352516344
"STX10",0.367588932806324,0.0742012515203809
"STX11",0.340909090909091,0.291566491182625
"STX12",-0.792490118577075,-2.34067123503062
"STX16",-0.682480870847383,-1.47750265484196
"STX17",-0.0681818181818182,0.14905240674798
"STX17-DT",0.818181818181818,1.52696264186901
"STX18",-0.845849802371541,-2.69676816318602
"STX18-AS1",0.179886341048839,0.249417177669949
"STX19",0.08944897727978,-0.210973896111219
"STX1A",-0.382411067193676,-0.909353249939032
"STX1B",0.16897233201581,0.448416806078278
"STX2",-0.408506629110804,-1.58152568241492
"STX3",-0.728260869565217,-2.5229789567926
"STX4",-0.316205533596838,-0.246764424186177
"STX5",0.327398775389047,0.377824481970835
"STX6",-0.723004716907835,-1.60128523138821
"STX7",-0.812252964426878,-1.78181038607773
"STX8",-0.869565217391304,-3.33232847313808
"STXBP1",-0.645256916996047,-0.932725485993081
"STXBP2",0.427582850064456,0.43410109639837
"STXBP3",-0.505065496021742,-0.516297257985176
"STXBP4",0.302371541501976,0.469636638045515
"STXBP5",-0.636363636363636,-0.759719483191719
"STXBP5-AS1",0.0118577075098814,0.11872730964385
"STXBP5L",-0.205533596837945,0.0243522435222672
"STXBP6",-0.196640316205534,-0.176761093419024
"STYK1",-0.180830039525692,-0.0687431992698521
"STYX",-0.453557312252964,-0.273697935155095
"STYXL1",-0.1699604743083,-0.779753526547097
"STYXL2",0.251610479330907,0.529241010356814
"SUB1",-0.538537549407115,-0.713629774258401
"SUCLA2",-0.631422924901186,-0.748591929685041
"SUCLA2-AS1",0.141304347826087,0.319351688939518
"SUCLG1",-0.627470355731225,-1.00235718847401
"SUCLG2",-0.371139126724391,-0.788668191943705
"SUCLG2-DT",0.456973517310391,0.886770751307976
"SUCNR1",0.464426877470356,0.783511465636424
"SUCO",-0.732213438735178,-0.901541041892597
"SUDS3",-0.737154150197628,-2.22591863102455
"SUFU",0.374505928853755,-0.150297660096374
"SUGCT",0.111193480043925,-0.0724012775734797
"SUGCT-AS1",-0.000988142292490119,0.326869249321052
"SUGP1",0.408102766798419,0.770743979610252
"SUGP2",-0.0217391304347826,-0.234293249425147
"SUGT1",-0.0227497638487857,0.518065476710132
"SUGT1P1",-0.27984236382276,-1.01155718661979
"SUGT1P3",-0.340909090909091,-0.49989258259699
"SUGT1P4-STRA6LP-CCDC180",-0.322134387351779,-0.467938147712369
"SULF1",-0.175438601847082,-0.0562804938871599
"SULF2",-0.622529644268775,-1.78167983693423
"SULT1A1",-0.101778656126482,-0.77079751527098
"SULT1A2",-0.133399209486166,-0.920689319040885
"SULT1A3",0.302371541501976,0.250623789479758
"SULT1B1",0.572134387351779,0.712429104846181
"SULT1C2",0.736166007905138,2.29237690275723
"SULT1C4",0.0612648221343874,-0.0703347178046252
"SULT1E1",0.0172967635623884,-0.063159991721576
"SULT2A1",0.0227328892534248,-0.131454087085985
"SULT2B1",0.422535224166917,0.564787064039035
"SULT4A1",-0.822134387351779,-2.28486633493114
"SUMF1",-0.0573122529644269,0.0223189776837496
"SUMF2",-0.574110671936759,-1.61904881190619
"SUMO1",-0.670948616600791,-1.32509048123506
"SUMO2",0.280632411067194,1.1490332999796
"SUMO3",-0.598814229249012,-1.19387513083371
"SUMO4",-0.0672601713790186,0.0473176069028948
"SUN1",-0.628458498023715,-1.15313605195265
"SUN2",-0.144268774703557,-0.534861291495992
"SUN3",-0.205533596837945,-1.19466023714323
"SUN5",0.299407114624506,0.620832960287658
"SUOX",0.0513833992094862,0.152036165076936
"SUPT16H",-0.898221343873518,-4.27630377823408
"SUPT20H",-0.779836940041397,-1.99467479715392
"SUPT3H",-0.623517786561265,-1.55744778981447
"SUPT4H1",-0.794466403162055,-1.51164209620842
"SUPT5H",-0.345849802371542,-0.35974575774198
"SUPT6H",-0.682806324110672,-0.868978023959283
"SUPT7L",-0.820158102766798,-1.99826640018261
"SUPV3L1",-0.691699604743083,-3.6845967760072
"SURF1",-0.409686199806285,-0.84641326588311
"SURF2",-0.333333496393078,-1.2700738188817
"SURF4",-0.703557312252964,-1.47265185588601
"SURF6",-0.498146790596786,-0.770832270168229
"SUSD1",-0.199604743083004,-0.271504087363064
"SUSD2",0.446366836541276,1.31738009275
"SUSD3",0.336545599599614,0.108232219022479
"SUSD4",-0.519762845849802,-1.50050986831595
"SUSD5",-0.0449715852622099,0.381628259551622
"SUSD6",-0.550037081283951,-1.33782855826046
"SUV39H1",0.137351778656126,0.251031261457871
"SUV39H2",-0.469367588932806,-0.281930422660421
"SUZ12",0.279219183221413,1.33457350880724
"SV2A",0.215415019762846,0.859908068199283
"SV2B",-0.769762845849802,-2.02530750972598
"SV2C",-0.125494071146245,0.0197640647320353
"SVBP",-0.0177865612648221,-0.202769740595885
"SVEP1",0.137351778656126,0.314341165855161
"SVIL",0.189723320158103,0.694739720518749
"SVIL-AS1",-0.368577075098814,-1.20782721902434
"SVIP",0.091897233201581,0.501639197691362
"SVOP",-0.660079051383399,-2.3471434654405
"SVOPL",0.392259055793574,1.0519641776597
"SWAP70",-0.00889328063241107,0.0373222653515613
"SWI5",-0.296442687747036,-0.752664827418568
"SWINGN",0.342885375494071,0.179588504377189
"SWSAP1",-0.0672601713790186,-0.0370710251324244
"SWT1",-0.114158639511763,0.0320445356098339
"SYAP1",-0.678853754940711,-2.18957277268157
"SYBU",-0.764822134387352,-1.7488671055929
"SYCE1",0.0528786771764446,-0.382686173231701
"SYCE1L",0.490118577075099,1.20695689501097
"SYCE2",0.41699604743083,-0.208980689778301
"SYCE3",0.242648883118077,0.0897519178194965
"SYCN",0.55201385426251,1.1824178390634
"SYCP1",0.200791393969717,-0.0630584642838167
"SYCP2",0.361749455076238,0.810408387357987
"SYCP2L",-0.578063241106719,-1.39724255251959
"SYCP3",0.371541501976285,0.669984699445214
"SYDE1",0.719367588932806,1.3415230800957
"SYDE2",-0.484309379746875,-1.62714404217378
"SYF2",-0.726284584980237,-1.67622424520041
"SYK",-0.0133432176052711,0.17236419707665
"SYMPK",0.808300395256917,2.27369872378667
"SYN1",-0.536561264822134,-1.40777737165261
"SYN2",-0.727272727272727,-2.08311934769633
"SYN3",0.66600790513834,3.06408256474187
"SYNC",-0.167531509932848,-0.358443403671004
"SYNCRIP",-0.868577075098814,-1.52500865216125
"SYNDIG1",-0.424901185770751,-0.758041442873724
"SYNDIG1L",0.361660079051383,0.518548452736608
"SYNE1",-0.113636363636364,-0.45206490718801
"SYNE2",-0.0820158102766798,0.265938297088456
"SYNE3",0.157114624505929,0.134224791078532
"SYNE4",0.571146245059289,0.366566043446572
"SYNGAP1",-0.25098814229249,-1.01899325329025
"SYNGR1",-0.376482213438735,-1.37583363908944
"SYNGR2",0.114624505928854,-0.0330434573014389
"SYNGR3",-0.0355731225296443,0.675326767600939
"SYNGR4",0.58596837944664,0.734591917988471
"SYNJ1",-0.607707509881423,-0.833309148084915
"SYNJ2",-0.782802099509235,-1.37247956355269
"SYNJ2BP",-0.523715415019763,-0.760068773758202
"SYNM",-0.408102766798419,-0.28227602735297
"SYNPO",0.131422924901186,-0.0554190557459197
"SYNPO2",0.538537549407115,1.2497609220682
"SYNPO2L",0.584449538603287,0.565487524703985
"SYNPR",-0.465415019762846,-0.973681490449561
"SYNPR-AS1",0.0919199435029784,-0.0929855275244919
"SYNRG",-0.0671936758893281,0.425783049152826
"SYP",-0.398221343873518,-0.224052404133493
"SYPL1",-0.400197628458498,-0.546528898394451
"SYPL2",0.554347826086957,1.39262828207397
"SYS1",-0.388339920948617,-0.513679867327116
"SYT1",-0.75098814229249,-1.48289947643126
"SYT11",-0.506916996047431,-0.65047291421982
"SYT12",0.513833992094862,0.667444009657367
"SYT13",-0.717568591216799,-1.89693368046739
"SYT14",-0.219367588932806,-0.165689773340002
"SYT15",0.796442687747036,1.37505950982747
"SYT16",-0.159090909090909,0.0382492374631715
"SYT17",0.244071146245059,0.36123173618268
"SYT2",0.319169960474308,0.13911401810335
"SYT3",-0.126482213438735,-0.251288926912892
"SYT4",-0.694664031620553,-1.60991460762988
"SYT5",-0.115612648221344,-0.0267720873794302
"SYT6",0.659747981593958,1.56898062672478
"SYT7",0.33102766798419,0.52132686580545
"SYT8",0.469367588932806,0.870060745534676
"SYT9",0.556955786708907,1.13346436494588
"SYT9-AS1",0.507905138339921,0.548972654377271
"SYTL1",0.132411067193676,0.831069452287764
"SYTL2",-0.266798418972332,-0.14713886381179
"SYTL3",0.520750988142292,0.724674756005793
"SYTL4",-0.16403162055336,-0.401316144809924
"SYTL5",-0.24901185770751,-0.210375030633006
"SYVN1",0.16897233201581,0.721394127807329
"SZRD1",0.510007428468138,0.488394923561867
"SZT2",0.657114624505929,1.20875642480494
"TAAR1",0.0336051406354975,-0.417952463018934
"TAAR2",-0.320158102766798,-0.884485290970041
"TAAR3P",0.214974061418256,0.262133997652461
"TAAR5",0.642292490118577,1.35705053708093
"TAAR8",0.0424901185770751,0.0386298561810239
"TAAR9",-0.0475484370389115,-0.399458250418245
"TAB1",0.354743083003953,0.230856317779999
"TAB2",-0.296442687747036,0.0800978861655014
"TAB3",-0.675889328063241,-1.53928781487877
"TAC1",-0.174901185770751,-0.186704228095748
"TAC3",0.17840376131492,0.33240026691823
"TAC4",0.366600790513834,0.924183371873373
"TACC1",-0.785573122529644,-2.22045994570272
"TACC2",-0.129446640316206,0.0211608753209927
"TACC3",0.235177865612648,0.249521271464861
"TACO1",-0.390316205533597,-0.648441179236176
"TACR1",-0.367588932806324,-0.977153955670201
"TACR2",0.624505928853755,1.13616481283372
"TACR3",0.405647603488214,1.01704677472268
"TACSTD2",0.538670636657239,0.64498380910471
"TADA1",-0.557587809101395,-0.715131137246608
"TADA2A",0.536103130697472,1.32772523500812
"TADA2B",0.311264822134387,0.490570644885844
"TADA3",-0.0928853754940711,-0.266564513516462
"TAF1",0.176877470355731,0.673122361231065
"TAF10",-0.212008901950418,-0.0922816148450847
"TAF11",-0.297430830039526,-0.0640423571251257
"TAF12",-0.425321671955559,-0.752965524441277
"TAF13",-0.112648221343874,0.496046600462825
"TAF15",0.0207509881422925,0.153245170884468
"TAF1A",-0.58695652173913,-1.57951158781528
"TAF1A-AS1",-0.220410187109292,-0.944676100202615
"TAF1B",0.214426877470356,0.812473216877382
"TAF1C",0.230237154150198,0.285859056253959
"TAF1D",0.786561264822134,1.77493268220413
"TAF1L",0.669631846486751,1.02945964048837
"TAF2",-0.404150197628458,-0.215550082356618
"TAF3",0.800395256916996,3.28101638836058
"TAF4",0.144304427434783,0.455925658015871
"TAF4B",-0.0182851500516677,0.34792410449984
"TAF5",-0.41897233201581,-0.401078692263819
"TAF5L",0.454163591823856,0.905273511877864
"TAF6",0.541141602880437,0.767026360004918
"TAF6L",0.442687747035573,0.245769916922964
"TAF7",-0.769762845849802,-1.85837061303951
"TAF7L",-0.00395256916996047,-0.139130601546304
"TAF8",0.134387351778656,-0.225594803709408
"TAF9",-0.696640316205534,-1.68077020131127
"TAF9B",-0.730237154150198,-1.73101942459025
"TAFA1",-0.229249011857707,-0.593715819323273
"TAFA2",-0.573122529644269,-0.860122918709961
"TAFA4",-0.136363636363636,-0.749165227650207
"TAFA5",-0.367588932806324,-0.677269257976205
"TAFAZZIN",0.683794466403162,1.3948658053506
"TAGAP",0.156659258550775,-0.448689019672063
"TAGLN",0.290513833992095,0.257543329372095
"TAGLN2",0.0612799623353189,-0.136278097388794
"TAGLN3",-0.724308300395257,-1.29757621157779
"TAL1",0.719367588932806,1.27702787869979
"TAL2",0.58695652173913,1.28875709949385
"TALAM1",0.527667984189723,1.31763661485794
"TALDO1",-0.846837944664032,-2.94555784939714
"TAMALIN",0.46207068373809,0.587879359613608
"TAMALIN-AS1",0.297010140028441,0.42268401599688
"TAMM41",0.111687673288565,0.598652564364863
"TANC1",-0.368577075098814,-0.727220117196229
"TANC2",-0.687747035573123,-1.41384682796873
"TANGO2",-0.408697813317006,-1.10259476591129
"TANGO6",0.0316205533596838,0.00393379730792036
"TANK",-0.513833992094862,-0.799105549460072
"TAOK1",-0.711462450592885,-1.49228972033278
"TAOK2",0.190711462450593,-0.358264124625399
"TAOK3",-0.757905138339921,-1.49550209941763
"TAP1",0.104743083003953,0.141653932520814
"TAP2",-0.410079051383399,-1.19145530694108
"TAPBP",-0.454545454545455,-0.971964193518848
"TAPBPL",-0.217939220886094,-0.386130722184506
"TAPT1",-0.292490118577075,-0.205651841861288
"TAPT1-AS1",0.147233201581028,0.460870731758386
"TARBP1",-0.676877470355731,-1.6378808415895
"TARBP2",-0.149209486166008,-0.30815836490762
"TARDBP",-0.796442687747036,-1.7222249524756
"TARP",0.393767305821386,1.19623145086496
"TARS1",-0.6699604743083,-1.25261279398251
"TARS2",0.16501976284585,0.534172038323289
"TARS3",-0.578063241106719,-1.2695621085085
"TAS1R1",0.425006190390115,1.05483846744504
"TAS1R2",0.482213438735178,0.446724614700505
"TAS2R1",0.0839920948616601,-0.518090979042231
"TAS2R10",-0.214479868173616,-0.482909708814402
"TAS2R13",-0.183794466403162,-0.682737311292675
"TAS2R14",-0.726284584980237,-1.6199921901749
"TAS2R16",0.549950813040211,0.755667968784606
"TAS2R19",0.0232270824980644,-0.669551218914216
"TAS2R3",0.295454545454545,0.290573209411541
"TAS2R38",0.545095148837555,1.28095185518685
"TAS2R39",0.20612953581142,0.0935314603673724
"TAS2R4",0.213438735177866,0.289263004472868
"TAS2R40",0.262910806148304,0.0180051709421681
"TAS2R41",-0.0588089961121206,-0.288421015786197
"TAS2R45",0.527201049191426,0.987775341693844
"TAS2R5",-0.220904380353932,-0.601685828220869
"TAS2R50",-0.220410187109292,-0.795843003182832
"TAS2R7",0.0459599717514892,-0.17472256251686
"TAS2R8",0.151185770750988,0.496689976624041
"TAS2R9",0.00988142292490119,-0.0979563956911824
"TASL",0.752656311586216,1.0950471944151
"TASOR",0.25395256916996,0.760429577963103
"TASOR2",-0.797430830039526,-1.33487227878505
"TASP1",-0.658265401860039,-1.1230264887191
"TAT",-0.0405539268608789,-0.884530257376639
"TATDN1",-0.66501976284585,-1.26689215027914
"TATDN2",-0.478260869565217,-0.919831639544398
"TATDN3",0.0286561264822134,0.733542813752897
"TAX1BP1",-0.691699604743083,-1.09282448233317
"TAX1BP3",0.340909090909091,0.721724560092724
"TBATA",0.687608737552421,1.22616068147517
"TBC1D1",-0.295454545454545,-0.364150265038623
"TBC1D10A",0.33300395256917,0.438437984446348
"TBC1D10B",-0.311264822134387,-0.644624629483523
"TBC1D10C",0.129446640316206,-0.530994270364489
"TBC1D12",-0.738142292490119,-1.14160024751237
"TBC1D13",0.120553359683794,-0.35185179892436
"TBC1D14",-0.25197628458498,-1.04249990373023
"TBC1D15",-0.398221343873518,-0.626328946838934
"TBC1D16",-0.222881153332491,-0.667067126632759
"TBC1D17",0.110205093554646,0.0379728176544724
"TBC1D19",-0.739130434782609,-1.72751551165776
"TBC1D2",0.411662972784844,0.976396608717129
"TBC1D20",-0.551383399209486,-1.19823208869794
"TBC1D21",0.198665684345147,-0.111160553573391
"TBC1D22A",0.428853754940711,1.06142105234279
"TBC1D22A-AS1",0.082036078610185,0.248926666042484
"TBC1D22B",-0.575098814229249,-2.07850665162932
"TBC1D23",-0.677865612648221,-1.08811662288818
"TBC1D24",-0.586607381387287,-1.88109299102349
"TBC1D25",0.141374214009751,-0.0772424686868175
"TBC1D26",0.525691699604743,0.323501198260952
"TBC1D27P",0.575098814229249,0.426295879966059
"TBC1D28",0.564862878623141,0.70717834438426
"TBC1D29P",0.195700524877309,-0.0656706012646208
"TBC1D2B",-0.281620553359684,-0.735907783590211
"TBC1D30",-0.0573122529644269,0.093776526680524
"TBC1D31",-0.465415019762846,-0.879689175869969
"TBC1D32",-0.513466781180616,-0.364944152155081
"TBC1D3E",0.228260869565217,0.388564238419305
"TBC1D4",-0.66304347826087,-1.08863715366773
"TBC1D5",-0.507905138339921,-1.21936729613019
"TBC1D7",-0.673913043478261,-1.40823513213041
"TBC1D8",-0.598468019258639,-1.05325531861503
"TBC1D8-AS1",0.383399209486166,0.591092203615421
"TBC1D8B",0.255928853754941,0.848408927315667
"TBC1D9",-0.770750988142292,-1.44350635158986
"TBC1D9B",0.579051383399209,1.31129697403756
"TBCA",-0.354743083003953,-0.424057102573481
"TBCB",-0.839920948616601,-2.13258951304818
"TBCC",-0.75,-1.19580994117321
"TBCCD1",-0.238142292490119,-0.514814439567434
"TBCD",0.398221343873518,0.853172619683485
"TBCE",-0.657114624505929,-1.51447838927625
"TBCEL",-0.604743083003953,-1.1033297388813
"TBCK",-0.469367588932806,-0.849004254179615
"TBK1",-0.714426877470356,-1.46789939060999
"TBKBP1",0.58498023715415,0.625365870880911
"TBL1X",0.350790513833992,1.38406918943784
"TBL1XR1",-0.571146245059289,-1.28735019232563
"TBL1Y",0.201136650568345,0.4865486822144
"TBL2",-0.731225296442688,-1.75096417270408
"TBL3",-0.285573122529644,-0.408832482622709
"TBP",-0.659747981593958,-1.61560282968609
"TBPL1",-0.477272727272727,-1.07659374631791
"TBR1",-0.123640020917314,-0.827053427338519
"TBRG1",-0.612648221343874,-0.850168789955254
"TBRG4",-0.297504333273081,-0.457578741372126
"TBX1",0.512478394691336,0.670259275297109
"TBX10",0.585559139064398,0.95005285200091
"TBX15",0.148221343873518,-0.253131495691818
"TBX18",0.502594529798543,0.893203784853006
"TBX18-AS1",0.432245513126929,0.278428320104737
"TBX19",0.736347934513107,1.41234428101833
"TBX2",0.660079051383399,0.971441547349265
"TBX2-AS1",0.478260869565217,0.73985851793195
"TBX20",0.512845849802371,0.952758815270874
"TBX21",0.333333496393078,1.01846658316893
"TBX22",-0.257729605945907,-1.08912749837182
"TBX3",0.52423368868941,0.57740108023904
"TBX4",0.41897233201581,0.0257969525554567
"TBX5",0.196640316205534,0.081409264937401
"TBX5-AS1",0.406126482213439,0.404626519216936
"TBX6",0.788328773368792,1.01744931666436
"TBXA2R",-0.114652832756403,-0.559303023187272
"TBXAS1",0.578206096228412,1.12640500055902
"TBXT",0.392292490118577,-0.137522324584452
"TC2N",-0.147233201581028,-0.135897681233942
"TCAF1",0.0474308300395257,0.448906824640218
"TCAF2",0.412651359274123,0.626145992135779
"TCAIM",-0.364624505928854,-0.531948393304253
"TCAM1P",0.299975299496279,-0.0795333116721259
"TCAP",0.284866608193491,-0.181124951195288
"TCEA1",-0.75197628458498,-1.93700012416511
"TCEA2",-0.802371541501976,-2.04751657822869
"TCEA3",-0.235410599826565,-0.571156213395625
"TCEAL1",-0.436758893280632,-0.114653206820711
"TCEAL2",-0.825098814229249,-1.799288407604
"TCEAL3",-0.793478260869565,-1.94341996068034
"TCEAL4",-0.801383399209486,-1.94595018208963
"TCEAL7",-0.766798418972332,-1.27450055794429
"TCEAL8",-0.676550551911707,-1.34158287698772
"TCEAL9",-0.487154150197628,-0.344519370076031
"TCEANC",0.145256916996047,0.538231096608211
"TCEANC2",0.232213438735178,0.18001761116688
"TCERG1",-0.860671936758893,-2.94163042550808
"TCERG1L",0.122529644268775,0.427149478038884
"TCF12",-0.269762845849802,-0.202007792160599
"TCF12-DT",0.0637509285585173,-0.292770907283965
"TCF15",0.640913307586994,0.517438577259763
"TCF19",0.49703557312253,1.16316973263127
"TCF20",0.544466403162055,0.865816380863103
"TCF21",0.530168409693441,0.922415443151641
"TCF24",-0.248638702015975,-0.371336554822361
"TCF25",0.557312252964427,2.088687139705
"TCF3",0.718379446640316,2.46940492918372
"TCF4",0.16403162055336,0.0804357875048507
"TCF4-AS1",-0.00890208150604659,-0.215093209711097
"TCF7",0.603754940711463,0.970462344426221
"TCF7L1",0.366782051731591,0.199843581968356
"TCF7L2",0.0543478260869565,0.515266823873635
"TCFL5",-0.74802371541502,-1.24186134358471
"TCHH",0.00197677297855868,0.250106898133889
"TCHP",-0.0780632411067194,-0.479866746381089
"TCIM",-0.510869565217391,-0.770881502219136
"TCIRG1",0.604743083003953,1.44850192852463
"TCL1A",0.75,1.97840068961937
"TCL1B",0.392292490118577,0.980875576414265
"TCL6",0.600790513833992,0.286732833138005
"TCN1",0.529280965009085,0.689667049867998
"TCN2",0.243143076362717,0.31885972679373
"TCOF1",-0.107707509881423,-0.597602141128068
"TCP1",-0.405138339920949,-0.325016372536876
"TCP10L",0.000494193244639669,0.0682799557218574
"TCP10L3",0.623671874735262,0.463674746161385
"TCP11",-0.280832956261071,-0.772471805780531
"TCP11L1",-0.34346430502457,0.304901710062648
"TCP11L2",0.549950813040211,0.596886162748129
"TCTA",-0.350790513833992,-1.00875773206169
"TCTE1",0.245119849341276,0.321115869537514
"TCTN1",-0.424901185770751,-1.60112093854422
"TCTN2",0.128585621754006,-0.453949620269584
"TCTN3",-0.130434782608696,-0.38190790196634
"TDG",-0.638339920948617,-0.91125476846088
"TDH",0.0637509285585173,0.156343196563961
"TDH-AS1",0.563874492133862,0.917905295749183
"TDO2",-0.572134387351779,-0.973764329152389
"TDP1",-0.657277015370759,-2.01627267028966
"TDP2",-0.756916996047431,-1.23601822976819
"TDRD1",0.309594612376953,0.00127431896781719
"TDRD10",0.522727272727273,0.367317395699131
"TDRD12",0.0548554501550032,-0.0162196298280884
"TDRD3",-0.210474308300395,-0.480623895615203
"TDRD5",0.255193003173335,0.562472395067228
"TDRD6",-0.385375494071146,-0.424380552837927
"TDRD6-AS1",0.25197628458498,-0.00454487132202098
"TDRD7",-0.677865612648221,-1.45316341967449
"TDRD9",0.206572776259382,0.922164626003369
"TDRG1",0.676056358667067,1.38518568401121
"TDRKH",-0.675889328063241,-2.13133539104983
"TDRKH-AS1",0.41699604743083,0.448343616731672
"TDRP",-0.517786561264822,-0.875097076620184
"TEAD1",-0.121541501976285,-0.0352773000600157
"TEAD2",-0.00642451218031569,-0.606658208912556
"TEAD3",0.340909090909091,0.408482465053258
"TEAD4",0.336051406354975,0.175849681822295
"TEC",0.536826560890173,0.675466031476077
"TECPR1",-0.315217391304348,-1.09705106363702
"TECPR2",-0.0138339920948617,-0.0659564650857494
"TECR",-0.711462450592885,-1.52234406988897
"TECRL",-0.304917231942676,-1.13795282079777
"TECTA",-0.41501976284585,-1.42683756533611
"TECTB",0.604892531438955,0.793968599538329
"TEDC1",-0.0938967164815371,-0.588937156461024
"TEDC2",0.00593178520320633,-0.00809344914336527
"TEDC2-AS1",-0.052423368868941,-0.668331007574515
"TEDDM1",0.105731225296443,-0.0514611711960815
"TEF",-0.620553359683795,-1.79121053232396
"TEFM",0.334322616560416,0.889433421087169
"TEK",0.306324110671937,0.776066062716186
"TEKT1",0.327155927951461,0.412962963165664
"TEKT2",0.17094861660079,0.0979141827790858
"TEKT3",-0.102766798418972,-0.0295785865694858
"TEKT5",-0.143810234190144,-0.46094139430283
"TEKTL1",0.487274539214713,0.865250296096043
"TELO2",0.202569169960474,-0.0484116328955445
"TENM1",-0.157114624505929,0.370309189516206
"TENM2",0.0632411067193676,0.446776227865014
"TENM3",0.193675889328063,0.904514106067995
"TENM3-AS1",0.16304347826087,-0.137463719267932
"TENM4",-0.185770750988142,-0.730303569415432
"TENT2",0.464426877470356,1.62053967935486
"TENT4A",-0.784584980237154,-1.63840859901424
"TENT4B",0.107707509881423,0.127393478322176
"TENT5A",-0.136206460267715,-0.851732793825977
"TENT5B",0.413452229947497,0.647385221185553
"TENT5C",-0.0296736050201553,-0.0784277930102403
"TENT5C-DT",0.243637269607357,0.0336932022629003
"TENT5D",0.0938967164815371,-0.143076375356335
"TEP1",-0.0108695652173913,0.341700618086639
"TEPSIN",0.412055335968379,0.435878456158701
"TERB1",0.58695652173913,0.806894106318134
"TERB2",-0.309859164389072,-1.38102898622689
"TERF1",-0.0667160880263553,0.253087455081718
"TERF2",-0.588584154365846,-0.728799228685978
"TERF2IP",-0.858695652173913,-2.55407159670958
"TERLR1",-0.0429948122836512,-0.363804056381625
"TERT",0.236224370937762,0.462051287433238
"TES",-0.0494071146245059,0.274520232017058
"TESC",-0.345849802371542,-0.641466250525765
"TESHL",0.108803218407236,-0.535066340636112
"TESK1",0.653162055335968,1.63425473917061
"TESK2",-0.276748216998215,-0.44237315013568
"TESMIN",-0.514822134387352,-0.782529750629555
"TESPA1",0.194664031620553,-0.0132461719111345
"TET1",-0.354830749651282,-0.14608129889253
"TET2",-0.587944664031621,-0.654770772703136
"TET3",-0.567193675889328,-1.13815746231075
"TEX10",-0.730237154150198,-1.97975481845679
"TEX101",0.141304347826087,-0.299846347026609
"TEX11",0.208498023715415,-0.249816907325756
"TEX12",-0.0286561264822134,-0.329430549578517
"TEX13A",0.498763292689415,0.574994858479943
"TEX13B",0.356313329385201,0.814595643349239
"TEX14",0.158102766798419,-0.0449573497258318
"TEX15",0.70326443897768,1.28252092895195
"TEX19",-0.364714614544076,-1.20490332242314
"TEX2",-0.632411067193676,-0.930957532891052
"TEX22",-0.000988142292490119,-0.561985903070119
"TEX26",0.195206331632669,-0.124729869687904
"TEX26-AS1",0.721343873517787,1.0696431897892
"TEX261",-0.379540411883266,-0.513781160178512
"TEX264",-0.55250804750715,-1.08245270984763
"TEX28",0.459599717514892,1.00416557423881
"TEX29",0.24604743083004,0.477299885214313
"TEX30",-0.764822134387352,-2.24343738276686
"TEX35",0.800198215376854,2.23030863409282
"TEX36",0.152211519349018,-0.0574957008171239
"TEX36-AS1",-0.248330637590874,-1.12148071103374
"TEX38",0.532608695652174,0.886795455872422
"TEX41",0.197824033467702,-0.0102612856847834
"TEX44",0.513833992094862,0.557790914608813
"TEX46",0.0879446640316206,-0.217890655677873
"TEX47",0.147233201581028,0.467277521738667
"TEX48",0.711462450592885,1.53670693755999
"TEX51",0.345849802371542,0.629170909419967
"TEX53",0.515443554159175,0.548441766136274
"TEX55",0.83201581027668,1.35263026804959
"TEX56P",0.353842363162003,0.543881124458559
"TEX9",-0.393669826600727,-0.700481649265141
"TF",-0.226284584980237,-0.382513644766981
"TFAM",-0.383399209486166,-0.448508959647065
"TFAP2A",-0.0622529644268775,0.169101206042095
"TFAP2A-AS1",0.583954242384132,0.749685471879298
"TFAP2B",0.49802371541502,0.0216304424580613
"TFAP2C",-0.170128668782224,-0.472314902468261
"TFAP2D",0.402173913043478,0.225585364419502
"TFAP2E",-0.0949555360644969,-0.12251131941604
"TFAP4",0.492581843334578,0.453921739931061
"TFB1M",-0.0840128515887437,0.439536232721393
"TFB2M",-0.817193675889328,-2.0801822686732
"TFCP2",-0.556955786708907,-1.12436029375436
"TFCP2L1",0.177865612648221,-0.312011516495793
"TFDP1",-0.738142292490119,-1.45306112995595
"TFDP2",-0.16501976284585,-0.258648093022231
"TFDP3",0.425889328063241,-0.0122672166634431
"TFE3",0.464426877470356,1.24547441605881
"TFEB",0.487154150197628,0.420144097119381
"TFEC",0.347826086956522,0.317503831766502
"TFF1",0.378458498023715,0.465811631034909
"TFF2",0.422535224166917,0.217434041662358
"TFF3",0.548060308305393,1.09585444837428
"TFG",-0.620553359683795,-1.28896096346221
"TFIP11",-0.645910570744047,-2.11586724312241
"TFPI",0.417017385436468,0.352205945500944
"TFPI2",0.24530180149995,-0.208773366029518
"TFPT",-0.488142292490119,-1.24182037758899
"TFR2",0.734189723320158,1.47921862973561
"TFRC",-0.243083003952569,-0.393379796749568
"TG",-0.324110671936759,-1.10819910133378
"TGDS",0.175438601847082,0.597021363135537
"TGFA",-0.649209486166008,-1.48828521105029
"TGFB1",0.492324441840396,0.285566381705305
"TGFB1I1",0.397233201581028,0.859131343376579
"TGFB2",-0.182987230957624,-0.766292072029912
"TGFB3",0.257905138339921,0.353591404456433
"TGFBI",0.58300395256917,0.960074727275732
"TGFBR1",-0.319169960474308,-0.221238568207804
"TGFBR2",-0.16304347826087,-0.0556481615261194
"TGFBR3",-0.00889328063241107,0.276408298466709
"TGFBRAP1",-0.699604743083004,-2.21037257708398
"TGIF1",0.128458498023715,0.11738203505258
"TGIF2",0.165554736954289,-0.403030406878598
"TGIF2LY",0.565217391304348,0.863188950854071
"TGM1",0.49802371541502,0.454055670745444
"TGM2",0.518298967685379,0.629506386433836
"TGM3",0.210474308300395,0.282101661195928
"TGM4",0.126482213438735,-0.53053874510118
"TGM5",0.691699604743083,0.712886781016987
"TGM6",0.514949360914535,1.28941620944035
"TGM7",0.619565217391304,0.906637208447132
"TGOLN2",-0.677865612648221,-0.790963449709925
"TGS1",0.737154150197628,3.29222551344046
"TH",0.238142292490119,0.648844038981163
"TH2LCRR",0.520019836147755,0.843150081980652
"THADA",-0.764822134387352,-1.36172679557123
"THAP1",-0.103754940711462,0.156475130047564
"THAP10",-0.591549313833683,-0.558609105568873
"THAP11",-0.152173913043478,0.143313591216344
"THAP12",-0.772727272727273,-1.50613761994093
"THAP2",-0.481225296442688,-0.287366418023307
"THAP3",0.0988630867201055,0.12157560356136
"THAP4",-0.507905138339921,-1.50547687452275
"THAP5",-0.0138339920948617,0.532373853835416
"THAP6",0.659090909090909,0.578427133702527
"THAP7",-0.0108722513820727,0.0438573012270492
"THAP7-AS1",0.091897233201581,-0.409983311630793
"THAP8",0.266798418972332,0.230024082677654
"THAP9",-0.62614284095846,-1.44992396684339
"THAP9-AS1",-0.684457643825941,-1.33574077371922
"THBD",0.127596501586668,-0.238230645850962
"THBS1",0.610671936758893,1.32542817229777
"THBS2",-0.260869565217391,-0.0805214586159946
"THBS3",0.220355731225296,0.0249902086137019
"THBS3-AS1",0.727272727272727,1.68929583704395
"THBS4",-0.405138339920949,-0.986273785847263
"THEM4",0.225846312800329,0.688907568771311
"THEM5",-0.016798418972332,-0.454202350927664
"THEM6",-0.189723320158103,-0.922716181454356
"THEMIS",-0.256916996047431,-0.691000802973087
"THEMIS2",-0.365612648221344,-0.539862288110643
"THG1L",-0.373517786561265,-0.753258274707559
"THNSL1",-0.742094861660079,-1.42495275810356
"THNSL2",-0.407114624505929,-1.01486659512648
"THOC1",-0.608351884151432,-1.86917352344827
"THOC2",-0.470355731225296,-0.215867176592664
"THOC3",-0.716403162055336,-1.58640663814716
"THOC5",-0.555335968379447,-1.02948444916574
"THOC6",0.0879446640316206,-0.0345760044122856
"THOC7",-0.434782608695652,-0.342100038622215
"THOP1",-0.41798418972332,-1.75874032129036
"THORLNC",0.50197628458498,1.03700164392488
"THPO",0.424511997145475,0.245625384346282
"THRA",-0.534584980237154,-1.10758667215231
"THRAP3",-0.500494804673286,-1.95457634577709
"THRB",0.138339920948617,0.944331485583409
"THRSP",0.698616600790514,1.13731610742554
"THSD1",-0.246108235830555,-0.458369661356156
"THSD4",0.509881422924901,1.17472486617131
"THSD4-AS1",0.381517184861824,0.21400873442456
"THSD7A",0.0227328892534248,0.199728292234053
"THSD7B",-0.481225296442688,-1.49527841684222
"THTPA",0.654150197628458,2.01691197395867
"THUMPD1",0.0108695652173913,0.913786073489857
"THUMPD2",-0.509019041978859,-0.801775642616846
"THUMPD3",0.715415019762846,1.5055372094344
"THUMPD3-AS1",-0.0168025703177487,-0.2212063516857
"THY1",0.106719367588933,-0.0519138135810786
"THYN1",-0.820158102766798,-1.80314252994092
"TIA1",-0.469367588932806,-0.492971777829301
"TIAL1",0.276679841897233,0.873597409178319
"TIAM1",-0.465415019762846,-0.852085287654446
"TIAM1-AS1",0.711144079036483,1.03061816190676
"TIAM2",-0.318181818181818,-0.189876012037128
"TICAM1",0.0247096622319834,0.21005498892691
"TICAM2",0.179841897233202,0.582441550164469
"TICRR",0.53768225016796,0.55560562413025
"TIE1",0.627470355731225,0.817572978155311
"TIFA",-0.531620553359684,-1.1014654231127
"TIFAB",0.190264399186272,-0.34730193185571
"TIGAR",-0.507905138339921,-0.924295058703221
"TIGD1",-0.492094861660079,-1.46532400037428
"TIGD2",-0.657114624505929,-1.12770042789902
"TIGD3",0.0499258587936532,0.3440439573169
"TIGD4",-0.0701581027667984,-0.842424141034209
"TIGD5",0.309364971144433,0.0719992515141866
"TIGD6",0.333086246887137,0.492671960474847
"TIGD7",-0.887351778656127,-2.82659124164955
"TIGIT",0.399308141668852,0.489413483672553
"TIMD4",0.359683794466403,0.134538873851483
"TIMELESS",0.587944664031621,1.09044135850199
"TIMM10",-0.508893280632411,-0.791237712234474
"TIMM10B",-0.588932806324111,-0.844947609206591
"TIMM13",-0.402173913043478,-0.708442483640821
"TIMM17A",-0.745059288537549,-1.45097822895232
"TIMM17B",0.0879446640316206,0.120937031895329
"TIMM21",-0.367588932806324,-0.496601432521891
"TIMM22",0.0365612648221344,0.268890788206116
"TIMM23",-0.674901185770751,-1.389678149202
"TIMM29",-0.124536697649197,-0.0101036523015584
"TIMM44",0.0484189723320158,-0.423783152266308
"TIMM50",-0.819169960474308,-2.13022802186516
"TIMM8A",-0.602766798418972,-1.32083067293196
"TIMM8B",-0.605731225296443,-1.53371600019292
"TIMM9",-0.441699604743083,-0.31634663235513
"TIMMDC1",-0.821146245059289,-1.93540401360245
"TIMP1",-0.128458498023715,-0.471179068185367
"TIMP2",-0.305335968379447,-0.4807767556894
"TIMP3",-0.372529644268775,-0.429676631983607
"TIMP4",0.510869565217391,0.163177815860046
"TINAG",0.525509288523803,0.798101331022769
"TINAGL1",0.569169960474308,0.681442444321214
"TINCR",0.179841897233202,0.19192872556547
"TINF2",-0.153162055335968,-0.315843086257347
"TIPARP",-0.0731225296442688,-0.378503036834919
"TIPARP-AS1",0.599802371541502,0.638155242353789
"TIPIN",-0.486166007905138,-0.623273796231722
"TIPRL",0.774703557312253,2.76846792892907
"TIRAP",0.698318838140988,1.52268882921657
"TJAP1",0.607707509881423,1.12753310375949
"TJP1",-0.10427477461897,-0.139007760144138
"TJP2",-0.148221343873518,-0.520317604487993
"TJP3",0.662055335968379,1.04355766116354
"TK1",0.339920948616601,0.758026824752471
"TK2",-0.0662218947817156,-0.0213447471784033
"TKFC",-0.145400664598761,-0.338607047356231
"TKT",-0.83399209486166,-2.21597123605373
"TKTL1",0.528656126482213,0.393869049196046
"TKTL2",0.189723320158103,-0.223265652376684
"TLCD1",-0.236751592756247,-1.3686734293325
"TLCD2",-0.161266509670568,-0.417132326177631
"TLCD3A",-0.363996221580571,-0.822214841465264
"TLCD3B",0.142292490118577,-0.316280668917827
"TLCD4",-0.595849802371542,-0.728862716008423
"TLCD5",-0.380434782608696,-0.36534604102254
"TLDC2",0.181863114027398,0.381140096360301
"TLE1",-0.323122529644269,-0.964794646236827
"TLE1-DT",-0.127470355731225,-0.383824842583043
"TLE2",0.24703557312253,0.451898137833877
"TLE3",-0.162055335968379,-0.550133144517123
"TLE4",-0.107707509881423,0.197268873667455
"TLE5",0.0711462450592885,0.482738808828282
"TLE6",0.541854063755929,0.903460875996505
"TLK1",-0.613636363636364,-0.808398946695982
"TLK2",-0.274277250775016,-0.457355446846974
"TLL1",-0.560276679841897,-1.2638875009409
"TLL2",-0.660079051383399,-0.949752946274896
"TLN1",-0.152211519349018,-0.0252121228269241
"TLN2",-0.725296442687747,-1.08717442450622
"TLNRD1",-0.340583333750763,-1.42514373202533
"TLR1",-0.259881422924901,-0.779091822503015
"TLR10",0.530632411067194,0.685118598179597
"TLR2",0.0573122529644269,-0.107611222212031
"TLR3",-0.00889328063241107,-0.0276851616848668
"TLR4",0.0434890055282909,-0.0991089500031587
"TLR5",0.758893280632411,1.46103938317655
"TLR6",0.440711462450593,0.521873225863519
"TLR7",0.24703557312253,7.36676112227163e-06
"TLR8",0.231454119157211,0.691561020729373
"TLR8-AS1",0.16403162055336,0.230936931575201
"TLR9",0.495059288537549,0.738308038594589
"TLX1",0.181458640758952,0.546209094735029
"TLX1NB",0.612799623353189,0.694294436339747
"TLX2",0.16798418972332,-0.341670636560582
"TLX3",0.79070919142347,2.02016096529766
"TM2D1",-0.161601190997172,0.542408234209282
"TM2D2",-0.762845849802372,-2.14715156953491
"TM2D3",-0.806324110671937,-1.91436492080431
"TM4SF1",0.100790513833992,0.249614109388685
"TM4SF18",0.463553263472009,1.21834074766307
"TM4SF20",0.0316205533596838,-0.580735769175382
"TM4SF4",0.605731225296443,0.417654126508516
"TM4SF5",0.468379446640316,0.545806671474445
"TM6SF1",-0.224308300395257,0.0626722007567006
"TM6SF2",0.471343873517787,0.628994497672384
"TM7SF2",-0.642451218031569,-1.64253643005213
"TM7SF3",-0.676877470355731,-1.31345622305019
"TM9SF1",-0.305335968379447,-0.424754197897015
"TM9SF2",-0.657114624505929,-1.20066846786228
"TM9SF3",-0.446640316205534,-1.03408908871773
"TM9SF4",-0.810276679841897,-2.35805667809313
"TMA16",-0.575534206658491,-1.02309862357369
"TMA7",-0.366600790513834,-0.422771147359444
"TMBIM1",-0.263833992094862,-0.940386836885662
"TMBIM4",0.136363636363636,0.477405849101956
"TMBIM6",-0.651185770750988,-1.58182285216191
"TMC1",0.393280632411067,0.662851086071089
"TMC2",0.553359683794466,0.598177212392855
"TMC3-AS1",0.40069464129666,0.0537406211445993
"TMC4",0.523350646073409,0.468680438376672
"TMC5",0.38476774509468,0.280111663848337
"TMC6",0.367588932806324,0.395105718431347
"TMC7",0.162055335968379,-0.10855140671127
"TMC8",0.629602193670938,1.2756713760659
"TMCC1",0.389328063241107,1.65334315120408
"TMCC1-DT",0.44773907964354,1.2393379700567
"TMCC2",-0.0266798418972332,-0.274846149887903
"TMCC2-AS1",0.394366209222456,0.941315912947775
"TMCC3",-0.146775393657982,-0.0593566336824176
"TMCO1",-0.00247096622319834,-0.319802776603721
"TMCO1-AS1",0.141444183929407,-0.324996163835667
"TMCO2",0.647233201581028,1.37287019579631
"TMCO3",-0.577075098814229,-0.870276162014636
"TMCO4",0.445104075302329,0.503930197390727
"TMCO5A",0.376482213438735,0.519955378506013
"TMCO5B",0.532246124476923,0.712576293874124
"TMCO6",-0.223320158102767,-0.236357266386418
"TMED1",-0.0760869565217391,-0.163641988998088
"TMED10",-0.75197628458498,-1.40043154967652
"TMED2",-0.824110671936759,-2.56739422774517
"TMED3",-0.792490118577075,-2.60771731961731
"TMED4",-0.620553359683795,-2.74792029244427
"TMED5",-0.633399209486166,-1.0160204078105
"TMED6",-0.0934025232368974,-0.291384992419563
"TMED7",0.345849802371542,0.80218955482089
"TMED8",-0.825796911792887,-2.20619292077672
"TMED9",-0.24604743083004,-1.37500991976412
"TMEFF1",0.33498023715415,1.36584822643418
"TMEFF2",-0.546442687747036,-1.17206779298248
"TMEM100",0.00642451218031569,-0.156254190563047
"TMEM101",-0.588932806324111,-1.60042335522498
"TMEM102",0.470355731225296,0.957134938035652
"TMEM104",0.690711462450593,1.30617318228514
"TMEM105",0.367588932806324,0.0499325751705529
"TMEM106A",0.352766798418972,0.342121040503059
"TMEM106B",-0.41501976284585,-0.268154686338715
"TMEM106C",-0.536561264822134,-1.83568004524355
"TMEM107",-0.566205533596838,-1.13658489316213
"TMEM108",-0.217391304347826,0.119569121776869
"TMEM108-AS1",0.143280632411067,0.0686808474532516
"TMEM109",-0.349802371541502,-0.571643860987491
"TMEM11",-0.546083535326834,-1.37547449630346
"TMEM114",0.048466888199587,-0.229251091884565
"TMEM115",-0.479249011857708,-0.612176326768293
"TMEM116",-0.661230561327877,-0.974670901462927
"TMEM117",-0.70175440738833,-1.35015891948871
"TMEM119",0.107239934086808,0.35108824531792
"TMEM120A",-0.393280632411067,-1.42829872522727
"TMEM120B",-0.503952569169961,-1.16742496324605
"TMEM121",0.0959446562318354,0.125039137228532
"TMEM121B",-0.486166007905138,-1.16529662362717
"TMEM123",-0.255928853754941,-0.180258494166329
"TMEM123-DT",0.309288537549407,0.45902420478026
"TMEM125",-0.367588932806324,-0.321424937336277
"TMEM126A",-0.797430830039526,-1.67367717858558
"TMEM126B",-0.662055335968379,-1.04099927641206
"TMEM127",-0.234189723320158,-0.60264033703836
"TMEM128",-0.66501976284585,-1.52796451466354
"TMEM129",0.0691699604743083,-0.250840794647631
"TMEM130",-0.467391304347826,-0.449856180317848
"TMEM131",-0.467391304347826,-0.746692654055772
"TMEM131L",0.0424901185770751,0.122866126220197
"TMEM132A",0.226508518320519,0.413326040705889
"TMEM132B",-0.791501976284585,-1.59945649106505
"TMEM132C",-0.137351778656126,-0.453735943955457
"TMEM132D",-0.148221343873518,0.255738923597451
"TMEM132D-AS1",0.534222897455482,0.105211546881688
"TMEM132D-AS2",0.44823327288818,0.489268993150115
"TMEM132E",0.285855728360829,0.182930180532607
"TMEM134",-0.0928853754940711,0.0654382014892294
"TMEM135",-0.710474308300395,-1.42651379665351
"TMEM138",-0.438349407995386,-1.10831389804729
"TMEM139",0.287549407114625,0.0423457073547076
"TMEM140",0.347826086956522,0.330602995822334
"TMEM141",-0.658102766798419,-1.47298929837266
"TMEM143",0.230294052002086,0.775884217866108
"TMEM144",-0.578063241106719,-1.21322005272216
"TMEM145",0.459599717514892,1.06065721792936
"TMEM147",-0.656126482213439,-0.700156655449783
"TMEM147-AS1",0.66600790513834,0.92246228811749
"TMEM14A",-0.714426877470356,-1.02518639596625
"TMEM14B",-0.624505928853755,-0.902773752018529
"TMEM14C",0.409090909090909,1.51240516197285
"TMEM150A",0.50753646224494,0.715032746159092
"TMEM150B",0.0973199682728362,-0.420424863224859
"TMEM150C",-0.41501976284585,-1.21880983373358
"TMEM151A",-0.705533596837945,-2.60796551219789
"TMEM151B",-0.453557312252964,-1.11006305465044
"TMEM154",0.374598479436869,0.538599787815769
"TMEM156",0.0948851029708164,-0.348465913905089
"TMEM158",-0.453557312252964,-0.976033397930955
"TMEM160",-0.781620553359684,-1.5154602587878
"TMEM161A",0.461462450592885,0.641941296970901
"TMEM161B",-0.696640316205534,-1.12050477518211
"TMEM161B-DT",-0.316518453548323,-1.20975812354081
"TMEM163",-0.223320158102767,-0.310930732760581
"TMEM164",0.24901185770751,0.534203956721233
"TMEM165",-0.50197628458498,-0.536221689058746
"TMEM167A",-0.640316205533597,-1.14563443823602
"TMEM167B",-0.828063241106719,-2.91244754355379
"TMEM168",-0.595502859790801,-0.815559048952645
"TMEM169",0.128490243606314,0.514413395042741
"TMEM17",-0.467391304347826,-0.554677936961888
"TMEM170A",0.212450592885376,0.587839235158469
"TMEM170B",-0.242094861660079,0.176764776509683
"TMEM171",0.272727272727273,-0.309759277337084
"TMEM174",0.562391912399943,0.893669579424812
"TMEM175",0.348814229249012,0.11642987320627
"TMEM176A",0.563241106719368,1.6712704898688
"TMEM176B",0.15232450577013,-0.000218056333788175
"TMEM177",-0.261492864374679,-0.707288035442612
"TMEM178A",-0.671936758893281,-2.51415757363505
"TMEM178B",-0.791501976284585,-1.90196401009428
"TMEM179",0.441256830141554,0.737769307142535
"TMEM179B",0.440158474465637,0.73210783137342
"TMEM18",-0.765810276679842,-1.8250448608653
"TMEM181",-0.570158102766798,-0.609399427335327
"TMEM182",-0.694664031620553,-1.97438590492815
"TMEM183A",-0.784584980237154,-1.73372729322746
"TMEM184A",0.299975299496279,0.0752607355896113
"TMEM184B",-0.451581027667984,-1.09504473991911
"TMEM184C",0.322134387351779,0.77781172752028
"TMEM185A",-0.672924901185771,-1.25144916267887
"TMEM185B",0.202125037057625,0.296992585775252
"TMEM186",-0.765505335946847,-1.75400762733949
"TMEM187",-0.116629605734962,-0.541651236830835
"TMEM19",-0.851778656126482,-2.5205470644734
"TMEM190",0.406126482213439,0.427673469881093
"TMEM191A",-0.445104075302329,-0.738990827662188
"TMEM192",-0.41600790513834,-0.126870172780585
"TMEM196",-0.427865612648221,-1.02934416833045
"TMEM198",0.296442687747036,0.150770988560363
"TMEM198B",0.187747035573123,-0.321082319921726
"TMEM199",-0.41798418972332,-0.826917986770163
"TMEM200A",-0.117588932806324,0.0298320821515311
"TMEM200B",0.0425006190390115,0.296426156469344
"TMEM200C",0.318754642792586,1.0849530493754
"TMEM201",0.514949360914535,0.840108417781882
"TMEM203",-0.758893280632411,-2.09026969436223
"TMEM204",0.398319755179573,0.284927606232793
"TMEM205",-0.742094861660079,-2.84102157502508
"TMEM207",0.383399209486166,0.0587400258296814
"TMEM208",-0.743083003952569,-1.48458011311002
"TMEM209",-0.744749219671981,-1.13876996901247
"TMEM212",0.860884632162303,2.23640861773599
"TMEM213",0.175525388200076,-0.0194283779758666
"TMEM214",0.716403162055336,1.87098235941784
"TMEM216",0.00197628458498024,-0.236240130109096
"TMEM217",0.0681818181818182,-0.1564164125165
"TMEM218",-0.407114624505929,-1.0804082912809
"TMEM219",-0.312252964426877,-0.503441740441493
"TMEM220",0.431818181818182,0.619887152391848
"TMEM221",-0.0671936758893281,-0.430618172344218
"TMEM222",0.552371541501976,0.978165174378584
"TMEM223",0.0429948122836512,0.467938409113365
"TMEM225",0.388339920948617,0.370225803770902
"TMEM225B",0.118577075098814,0.0630806517596284
"TMEM229B",-0.559288537549407,-0.979322751395298
"TMEM230",-0.685770750988142,-1.29379975462215
"TMEM231",-0.24703557312253,0.113067731783802
"TMEM232",-0.733201581027668,-1.93280856435472
"TMEM234",-0.245171628481887,-0.465064042384518
"TMEM235",0.191252785675552,0.0413552409155816
"TMEM237",-0.627470355731225,-0.84232453312472
"TMEM238",-0.224308300395257,-1.11567258377268
"TMEM238L",0.799604669826984,1.44927742894314
"TMEM239",0.733201581027668,1.97407555964147
"TMEM241",0.383493957840383,0.164102199426417
"TMEM242",0.53669386367868,1.61692158290623
"TMEM243",-0.493083003952569,-0.897005018513794
"TMEM245",-0.812252964426878,-1.46671614575542
"TMEM248",-0.784584980237154,-1.38267346159685
"TMEM25",-0.788537549407115,-3.26451385136623
"TMEM250",-0.159090909090909,-0.490623034723965
"TMEM252",0.496170017618227,1.04637231479293
"TMEM252-DT",0.271379173046689,-0.0203072413450272
"TMEM254",-0.269762845849802,-0.763108961864364
"TMEM254-AS1",0.12008895844744,0.103072250693193
"TMEM255A",-0.374505928853755,-0.989955405198427
"TMEM255B",0.248143405796819,0.517954141698675
"TMEM256",-0.639328063241107,-2.02490406435426
"TMEM258",-0.400197628458498,-0.323672011138578
"TMEM259",-0.472942935120163,-1.52082217089197
"TMEM26",0.224857926311049,0.0568897665149113
"TMEM26-AS1",0.099357402153706,-0.300217700945513
"TMEM260",-0.655138339920949,-1.68492256160673
"TMEM262",-0.0187747035573123,-0.831804435644383
"TMEM263",-0.530763544743004,-0.719012302115651
"TMEM265",-0.08300395256917,-0.276679388225171
"TMEM266",0.29799852651772,0.579832010723072
"TMEM267",-0.651840889679723,-1.30423918498855
"TMEM268",-0.621541501976285,-0.454122003956039
"TMEM270",0.0479367447300479,-0.427955715363301
"TMEM272",-0.124505928853755,-0.04101640108929
"TMEM273",-0.247096622319834,-0.0316035432261323
"TMEM275",0.759881422924901,1.46256410974451
"TMEM30A",-0.662055335968379,-0.860577765922312
"TMEM30B",0.610328657129991,0.828599293750814
"TMEM31",0.671936758893281,1.17730606743771
"TMEM33",-0.713438735177866,-1.32025369632763
"TMEM35A",-0.393872015977816,-0.202910601160621
"TMEM35B",-0.268774703557312,-0.218264895915899
"TMEM37",0.729249011857708,1.48227746539618
"TMEM38A",-0.571146245059289,-1.2081367525769
"TMEM38B",-0.16304347826087,-0.178192865050857
"TMEM39A",-0.229305665512806,-0.861387123619842
"TMEM39B",-0.0681818181818182,-0.429728593029497
"TMEM40",0.25197628458498,0.163736411040546
"TMEM41A",-0.670620232976031,-1.40966709112349
"TMEM41B",-0.75,-2.14080669039599
"TMEM42",-0.703557312252964,-1.99476365156735
"TMEM43",-0.738142292490119,-1.80404290702217
"TMEM44",-0.0919654146625753,-0.602606319208708
"TMEM44-AS1",0.476284584980237,0.589321033664001
"TMEM45A",-0.0869565217391304,-0.650730178867654
"TMEM45B",0.151185770750988,-0.458818375627382
"TMEM47",-0.332344376225739,-0.623039115702916
"TMEM50A",-0.83498023715415,-2.09350421634801
"TMEM50B",-0.587944664031621,-0.694093565609216
"TMEM51",-0.0301457879230198,0.224855321534829
"TMEM51-AS1",0.490239698682551,0.705431590147906
"TMEM52",0.417039416528786,1.03066915308324
"TMEM52B",-0.399802334913492,-0.260495434066023
"TMEM53",-0.20904374248258,-0.430844570782446
"TMEM54",0.150197628458498,0.290756168189592
"TMEM59",-0.776679841897233,-1.734186138342
"TMEM59L",-0.523715415019763,-1.25925072689647
"TMEM60",-0.620553359683795,-0.825975208702192
"TMEM61",0.305411425187315,1.09431931194792
"TMEM62",-0.605731225296443,-1.63998449018744
"TMEM63A",0.323442294719693,0.0848887992971577
"TMEM63B",0.31331851710155,0.127676311478108
"TMEM63C",0.625494071146245,1.37916594392945
"TMEM64",-0.793674350891308,-1.62278209057249
"TMEM65",-0.434782608695652,-0.452710525946174
"TMEM67",-0.75,-2.0730923039663
"TMEM68",-0.397233201581028,-0.750513542812349
"TMEM69",0.0652173913043478,0.684693634891595
"TMEM70",-0.66699604743083,-0.988060844105032
"TMEM71",-0.201780514137056,-0.999151916622923
"TMEM72",0.438735177865613,0.269140163032884
"TMEM72-AS1",0.518042574413352,0.463250634091838
"TMEM74",-0.469977775652325,-1.18306549728659
"TMEM74B",0.423913043478261,0.171299234506986
"TMEM79",0.561264822134387,0.977475492657544
"TMEM80",0.541501976284585,1.34027650774713
"TMEM86A",0.440711462450593,0.894585640938169
"TMEM86B",0.506916996047431,0.196996427574249
"TMEM87A",-0.652173913043478,-0.883474589461
"TMEM87B",-0.66403162055336,-1.23071207912507
"TMEM88",0.464886478649099,0.425868522241325
"TMEM8B",0.116600790513834,0.469189713457345
"TMEM9",-0.765810276679842,-1.92376180006848
"TMEM91",0.447628458498024,0.583996571630972
"TMEM92",0.443675889328063,0.575671774139611
"TMEM92-AS1",0.546442687747036,0.606999310986055
"TMEM94",0.132411067193676,0.375426682431545
"TMEM95",0.634387351778656,0.748141947589584
"TMEM97",-0.374505928853755,-1.85712522089458
"TMEM98",0.176470609795388,-0.0364340235369398
"TMEM9B",-0.806324110671937,-1.592145316312
"TMF1",-0.274703557312253,-0.107183239867026
"TMIE",-0.0266798418972332,-0.341613430979148
"TMIGD2",0.800395256916996,1.55013829427305
"TMLHE",-0.367588932806324,-0.426065894753575
"TMLHE-AS1",-0.0385470730818942,-0.589633127045031
"TMOD1",-0.727946649354232,-1.19962792432225
"TMOD2",-0.469367588932806,-0.356008590145496
"TMOD3",-0.26933531832862,0.151473943103301
"TMOD4",0.593472100403106,0.773090715175862
"TMPO",-0.354830749651282,-0.40576189008143
"TMPO-AS1",0.488757118948632,0.202727697916634
"TMPRSS11B",0.241660496628798,-0.188082472285742
"TMPRSS11D",0.00643885084901926,-0.301417737500548
"TMPRSS11E",0.400790721402771,0.404073394687478
"TMPRSS12",0.199604743083004,0.318130189416642
"TMPRSS13",0.743083003952569,1.07605044956667
"TMPRSS15",0.481225296442688,0.253420602631682
"TMPRSS2",0.0662055335968379,0.0110255723523379
"TMPRSS3",0.524703557312253,0.457974942278647
"TMPRSS4",0.570299004314178,0.955529438462153
"TMPRSS5",0.172473442379244,-0.0256013586116033
"TMPRSS6",0.0681986677602743,-0.499371309529623
"TMSB10",-0.713438735177866,-1.83179406083089
"TMSB15A",0.277805273683496,0.320570493197331
"TMSB15B",-0.221343873517787,-0.453367397541916
"TMSB15B-AS1",0.290801329197522,0.752288264444803
"TMSB4X",-0.727272727272727,-1.60260005557165
"TMSB4Y",-0.0177865612648221,-0.321636909393917
"TMT1A",-0.0741106719367589,0.142784518732962
"TMT1B",-0.332592053642497,-0.972413022553784
"TMTC1",-0.0474308300395257,0.332708915715951
"TMTC2",-0.233201581027668,-0.311181917742159
"TMTC3",0.275691699604743,0.243653375963539
"TMTC4",-0.461462450592885,-0.746734488799233
"TMUB1",0.396245059288538,0.147160667462365
"TMUB2",-0.0286632081891008,-0.293741851639834
"TMX1",-0.285643695401729,-0.0847442565708005
"TMX2",-0.787249838710992,-1.72273927279729
"TMX2-CTNND1",0.121571538181359,0.606822737365261
"TMX3",-0.5800395256917,-0.908838551762033
"TMX4",-0.794168544135948,-0.805017582236599
"TMX4-AS1",0.363232034810157,0.965870405581028
"TNC",-0.091897233201581,-0.331964171240097
"TNF",0.0760869565217391,-0.552339010386355
"TNFAIP1",-0.679841897233202,-1.54023621853569
"TNFAIP2",0.75296442687747,1.98974494332137
"TNFAIP3",0.332592053642497,1.22181753454739
"TNFAIP6",0.470355731225296,0.781471043649976
"TNFAIP8",-0.339773206340555,-0.997599892003815
"TNFAIP8L1",0.676877470355731,1.41720776689758
"TNFAIP8L2",0.698318838140988,1.07682359182522
"TNFAIP8L3",0.291501976284585,0.633584930524318
"TNFRSF10A",0.49802371541502,1.04020512310583
"TNFRSF10A-DT",0.234741791203843,-0.000593950479477885
"TNFRSF10B",0.232213438735178,0.488764931643618
"TNFRSF10C",0.552371541501976,0.589621948711103
"TNFRSF10D",0.397821640306108,0.932279719888838
"TNFRSF11A",-0.000988142292490119,-0.514053848470084
"TNFRSF11B",0.205547930949461,0.389484846466529
"TNFRSF12A",0.281620553359684,0.060214117014438
"TNFRSF13B",0.258893280632411,0.00504144603803507
"TNFRSF13C",0.589920948616601,1.5348303585914
"TNFRSF14",0.785573122529644,1.55106215243905
"TNFRSF14-AS1",0.716403162055336,1.10949880064733
"TNFRSF17",0.276679841897233,0.207480293675434
"TNFRSF18",0.66501976284585,0.701853837439706
"TNFRSF19",0.406126482213439,-0.186652533911148
"TNFRSF1A",-0.0899209486166008,-0.46485176495062
"TNFRSF1B",0.0420064257943719,0.251843967131104
"TNFRSF21",-0.568181818181818,-1.34795446079507
"TNFRSF25",0.433794466403162,0.575749218949703
"TNFRSF4",0.563241106719368,0.879787947642365
"TNFRSF6B",0.733201581027668,1.37174804873693
"TNFRSF8",-0.258160363675351,-1.08711599934146
"TNFRSF9",-0.300469492740919,-1.18979491851206
"TNFSF10",0.255003714234069,0.825246331392121
"TNFSF11",0.410079051383399,0.552495749933535
"TNFSF12",0.753150504830855,1.69649404068231
"TNFSF13",0.181818181818182,0.132283808453447
"TNFSF13B",0.136363636363636,0.651951635799393
"TNFSF14",0.304347826086957,0.336849371664872
"TNFSF15",-0.274703557312253,-0.524771038689791
"TNFSF18",0.256980487212628,0.303439550441684
"TNFSF4",-0.448616600790514,-0.842902487225139
"TNFSF8",0.446640316205534,0.500059473845459
"TNFSF9",-0.23820114391632,-0.972605118875926
"TNIK",0.495059288537549,1.72338588327589
"TNIP1",-0.024703557312253,-0.122255873140804
"TNIP2",0.278656126482213,0.486039318593004
"TNIP3",0.0417085578312155,-0.268223914631046
"TNK1",0.516926133893094,0.247566943611538
"TNK2",0.560276679841897,1.257919321621
"TNK2-AS1",-0.227272727272727,-0.694669321481419
"TNKS",-0.731225296442688,-1.20096385254324
"TNKS1BP1",0.790513833992095,2.26163449877544
"TNKS2",-0.757104050787973,-2.20456216987266
"TNMD",0.271379173046689,0.238869033549258
"TNN",0.674079585688508,1.17619292821936
"TNNC1",0.314801096835469,0.693383651285661
"TNNC2",-0.333168602246755,-0.972400855916386
"TNNI1",0.555335968379447,0.97465771375148
"TNNI2",0.495059288537549,0.660413445905588
"TNNI3",0.321146245059289,-0.108213785389281
"TNNI3K",-0.662055335968379,-1.48241673641794
"TNNT1",-0.348814229249012,-1.17107420735335
"TNNT2",0.175889328063241,-0.316695327223679
"TNNT3",0.795454545454546,1.41122391575929
"TNP1",0.554484820485708,0.531010669692648
"TNP2",0.632047786929308,1.42188962729412
"TNPO1",0.83596837944664,3.30694938548187
"TNPO2",0.815217391304348,3.1441149998377
"TNPO3",-0.608695652173913,-1.73404410158611
"TNR",0.124505928853755,0.176048092757816
"TNRC18",0.219367588932806,-0.196530716158733
"TNRC6A",-0.625494071146245,-1.79996920921131
"TNRC6B",0.568181818181818,0.417060129351047
"TNRC6B-DT",0.296442687747036,0.880966721068095
"TNRC6C",-0.808300395256917,-5.03482635612813
"TNS1",0.200592885375494,0.407891777148023
"TNS2",0.115612648221344,-0.186277254634768
"TNS2-AS1",0.294044980560603,-0.295429478146604
"TNS3",0.0978260869565217,0.291660306111692
"TNS4",0.623517786561265,0.719125502630053
"TNXA",0.459105524270252,0.526046705784701
"TNXB",0.465415019762846,0.863883500740713
"TOB1",0.16798418972332,0.817479472371183
"TOB1-AS1",0.25098814229249,0.287247994817569
"TOB2",0.109683794466403,0.283606934104905
"TOE1",-0.380434782608696,-1.24394666880049
"TOGARAM1",-0.521739130434783,-0.39158553595443
"TOGARAM2",0.197183104611228,0.71329678592156
"TOLLIP",-0.685770750988142,-1.73835237093337
"TOLLIP-DT",-0.205584389770102,0.0146139690969039
"TOM1",-0.680830039525692,-1.52516940435109
"TOM1L1",-0.215415019762846,-0.63845809536485
"TOM1L2",0.363636363636364,0.313649344642908
"TOMM20",-0.826086956521739,-1.62072788488723
"TOMM22",0.122529644268775,0.418959427306214
"TOMM34",-0.591549313833683,-1.65551414325297
"TOMM40",0.238142292490119,0.177293727006088
"TOMM40L",-0.588526499566413,-0.786297803253604
"TOMM5",-0.467391304347826,-0.933697673799843
"TOMM6",-0.713438735177866,-1.65151265815246
"TOMM7",-0.528656126482213,-1.14637161464901
"TOMM70",-0.742094861660079,-2.06378454833732
"TONSL",0.673913043478261,1.11201483012438
"TONSL-AS1",0.255003714234069,0.00608615745169918
"TOP1",-0.49172227841647,-0.41444321150206
"TOP1MT",-0.124629141084652,0.0224069189980892
"TOP1P2",0.0148221343873518,-0.587032880056228
"TOP2A",0.345935271247768,0.072450941364044
"TOP2B",-0.537549407114625,-0.553919012742435
"TOP3A",0.211462450592885,0.481704944497993
"TOP3B",0.309859164389072,0.455983728420621
"TOP6BL",0.442687747035573,1.73049133389608
"TOPBP1",-0.50296442687747,-0.4036230938701
"TOPORS",-0.616600790513834,-0.976260179366734
"TOR1A",-0.541501976284585,-1.03688422749051
"TOR1AIP1",-0.755928853754941,-1.51992247833013
"TOR1AIP2",-0.125494071146245,-0.320175525775593
"TOR1B",-0.638339920948617,-1.84675259611895
"TOR2A",0.681818181818182,1.77701691375944
"TOR3A",-0.677865612648221,-1.59873877851053
"TOR4A",-0.105263161108249,-0.551384451371859
"TOX",-0.0405138339920949,0.246812932460088
"TOX-DT",-0.00889328063241107,0.540724755485329
"TOX2",-0.230237154150198,-0.518152190575632
"TOX3",-0.0286561264822134,0.173611219113711
"TOX4",-0.596837944664032,-0.947345668324931
"TP53",0.196688911366588,0.325054680198928
"TP53AIP1",0.545454545454545,0.820623288503467
"TP53BP1",-0.650197628458498,-1.45982782786532
"TP53BP2",-0.324110671936759,-0.902623296861281
"TP53I11",0.00296442687747036,-0.401999106333236
"TP53I13",0.0415122325497322,-0.387940075040407
"TP53I3",-0.116600790513834,-0.0931383523395153
"TP53INP1",-0.0671936758893281,0.137812645930555
"TP53INP2",-0.25302694125551,-0.498937760970726
"TP53RK",-0.597826086956522,-1.41451361412506
"TP53TG1",-0.33102766798419,-0.950380559156201
"TP53TG3",-0.426488770124034,-0.910088512531448
"TP53TG3HP",0.522491413315757,0.850943605832768
"TP53TG5",0.216403162055336,-0.0120495507608347
"TP63",0.514582366378149,0.923920592201247
"TP73",0.423913043478261,0.456643428556586
"TPBG",0.189276012696993,0.0540956355818156
"TPBGL",0.454545454545455,0.960040721007535
"TPCN1",0.380528798372545,0.564370556031866
"TPCN2",0.041501976284585,-0.117550432824087
"TPD52",-0.671936758893281,-1.55216683394529
"TPD52L1",-0.275691699604743,-0.248579117531671
"TPD52L2",-0.486166007905138,-1.7369167810392
"TPD52L3",0.741784060204143,1.31981149238342
"TPGS1",0.404744267359889,0.294630814519209
"TPGS2",-0.377470355731225,-0.51621203325638
"TPH1",-0.276953646854783,-0.544562250396382
"TPH2",0.000494193244639669,-0.242999468350966
"TPI1",-0.699604743083004,-1.82829610222453
"TPK1",-0.576086956521739,-1.21435414692418
"TPM1",-0.412055335968379,-0.820575656660508
"TPM2",0.526679841897233,0.690624902098901
"TPM3",-0.83102766798419,-2.36646168174582
"TPM3P4",0.230788245246725,0.192189817920082
"TPM4",0.0958498023715415,0.063762208008687
"TPMT",-0.715415019762846,-1.73547070728534
"TPO",0.325179154972902,0.153459092099289
"TPP1",-0.433794466403162,-0.904078600901014
"TPP2",0.327398775389047,0.962109383728385
"TPPP",-0.658102766798419,-1.48838108312271
"TPPP2",0.482213438735178,0.702334981376024
"TPPP3",0.0533596837944664,0.199414411879118
"TPR",-0.219367588932806,0.395250454747299
"TPRA1",-0.0988386489279338,-0.162849340475893
"TPRG1",0.0397224360297291,-0.367826397710501
"TPRG1L",-0.757905138339921,-2.07645405689046
"TPRKB",-0.739130434782609,-1.3748991559168
"TPRN",0.608695652173913,1.00232715771568
"TPRXL",0.624505928853755,0.958078898359112
"TPSAB1",0.636363636363636,0.695557454466791
"TPSB2",0.66468752610645,1.58546052347538
"TPSD1",0.625154454469181,0.699295747447515
"TPSG1",0.416419590449512,0.0206784478740756
"TPST1",-0.408102766798419,-0.459970599796669
"TPST2",-0.147233201581028,-0.136279309213858
"TPT1",-0.529644268774703,-1.01405965217974
"TPT1-AS1",-0.436758893280632,-0.663862193951809
"TPT1P8",0.0543612569103636,0.271879817866166
"TPTE",-0.0138476823427391,-0.606314783054046
"TPTE2P1",-0.0533596837944664,-0.384846332179153
"TPTE2P2",-0.204545454545455,-0.0532436606258532
"TPTE2P5",-0.102298001640411,-0.393520793477898
"TPTE2P6",-0.310276679841897,-0.974997294439225
"TPTEP1",0.759881422924901,1.59740156257174
"TPX2",0.217606436814472,0.162213187333755
"TRA2A",0.640316205533597,2.25736062834252
"TRA2B",-0.779644268774704,-1.42176247683139
"TRABD",0.303359683794466,-0.0815174350142996
"TRABD2A",0.381022991617185,0.24835529286338
"TRABD2B",0.559288537549407,0.548962195071334
"TRAC",0.209486166007905,-0.119253176284394
"TRADD",0.637015092340533,1.01359242572928
"TRAF1",0.49802371541502,0.921536360839862
"TRAF2",0.31157285271163,-0.204696708275299
"TRAF3",-0.533596837944664,-1.26766529662199
"TRAF3IP1",-0.16403162055336,-0.306693761005768
"TRAF3IP2",-0.146245059288538,-0.357069379744669
"TRAF3IP2-AS1",-0.0148221343873518,-0.552858244571681
"TRAF3IP3",0.111660079051383,0.258943572838172
"TRAF4",-0.363232034810157,-0.735619580918553
"TRAF5",-0.448616600790514,-1.28236074205548
"TRAF6",-0.526679841897233,-0.927282676999854
"TRAF7",0.683794466403162,1.19869617054164
"TRAFD1",0.347826086956522,0.179529321117591
"TRAIP",0.194156117908889,-0.460269678682432
"TRAJ41",0.405338655552432,0.382292518270658
"TRAK1",-0.634387351778656,-1.58469822355039
"TRAK2",-0.50197628458498,-1.05091108777715
"TRAM1",-0.768964688659325,-2.49626547773265
"TRAM1L1",-0.576086956521739,-1.51875633653078
"TRAM2",0.0934025232368974,0.123579309499994
"TRAM2-AS1",-0.339920948616601,-0.698506668660876
"TRANK1",0.0632411067193676,0.29133781599452
"TRAP1",-0.783596837944664,-1.67973107724722
"TRAPPC1",-0.0948616600790514,0.0490660017820486
"TRAPPC10",-0.646245059288537,-0.85211797457037
"TRAPPC11",-0.707509881422925,-1.41306019596979
"TRAPPC12",-0.765810276679842,-2.87099989044766
"TRAPPC13",-0.49172227841647,-0.64281899374882
"TRAPPC14",-0.0148221343873518,-0.201506495911395
"TRAPPC2",-0.802075636050182,-1.41954348940579
"TRAPPC2B",-0.760869565217391,-1.64626819541241
"TRAPPC2L",-0.238142292490119,-0.367752078016052
"TRAPPC3",-0.491106719367589,-1.31684095929975
"TRAPPC3L",0.413639745763403,0.292425472686178
"TRAPPC4",-0.821146245059289,-2.26898796643324
"TRAPPC5",-0.838932806324111,-3.37280014741675
"TRAPPC6A",-0.282608695652174,-0.382011148928567
"TRAPPC6B",-0.818181818181818,-1.75944192018865
"TRAPPC8",-0.212450592885376,0.425067059556305
"TRAPPC9",0.476284584980237,0.534393764970923
"TRARG1",0.154150197628458,-0.404287272473585
"TRAT1",0.225296442687747,0.461617196227667
"TRAV10",0.184965471292301,-0.106710083986351
"TRAV12-1",-0.130467016584873,-0.466409453310163
"TRAV12-2",0.638339920948617,0.749241005212879
"TRAV12-3",-0.0667325835360712,-0.549449629901176
"TRAV13-1",-0.00642451218031569,-0.537402853322879
"TRAV13-2",0.484189723320158,0.539805800857768
"TRAV16",0.149209486166008,0.0592332270695148
"TRAV20",0.116629605734962,-0.27123664266363
"TRAV21",0.307578952095459,0.422793663282888
"TRAV22",-0.41501976284585,-1.35873061185651
"TRAV23DV6",0.278656126482213,0.298054016985735
"TRAV24",0.323442294719693,0.61327565941978
"TRAV25",0.165183067945531,-0.325395621385636
"TRAV26-2",0.448616600790514,0.764654692945053
"TRAV30",0.282608695652174,0.119757301135903
"TRAV34",0.422041030922277,1.20622478673529
"TRAV36DV7",0.035590711219238,-0.293807136441788
"TRAV39",0.136891528765188,-0.148414881430879
"TRAV40",0.348406237470966,0.304761368049209
"TRAV5",-0.199654070834426,-0.711945172757524
"TRAV8-1",-0.142292490118577,-0.415383542283071
"TRAV8-6",0.568181818181818,0.783691626816144
"TRAV9-2",0.566411514026994,0.805768784495901
"TRBV10-2",0.0256980487212628,-0.251810128337101
"TRBV16",0.612648221343874,1.4101458154085
"TRBV19",0.735359548023827,1.39917240669092
"TRBV21-1",0.126607381419329,0.333213521512965
"TRBV24-1",0.39347508514602,0.321056658829304
"TRBV25-1",0.300469492740919,0.328844163422986
"TRBV27",0.412055335968379,0.315250281124761
"TRBV7-3",0.678853754940711,0.847039855233733
"TRBV7-8",0.174987663494587,-0.421682645649721
"TRDC",-0.153199905838297,-0.722639785408228
"TRDMT1",0.561264822134387,1.01616432685724
"TRDN",-0.35779590911912,-1.56470648879623
"TRDN-AS1",0.190452779825671,-0.0863616079448839
"TRDV2",0.370553359683794,0.937768236152209
"TRDV3",-0.0622529644268775,-0.785346668795767
"TREH",-0.0365974461915249,-0.778183219801437
"TREM1",0.617741555799586,0.659323648593378
"TREM2",0.28302235671182,-0.0571482748185347
"TREML1",0.696640316205534,1.32589500392318
"TREML2",0.0696812474941933,-0.424707271145544
"TREML3P",0.00397224360297291,-0.655778567026234
"TREML4",0.561264822134387,0.409639888559048
"TREML5P",0.450210045866738,0.803261161092349
"TRERF1",0.0464426877470356,0.545273154000856
"TREX1",0.447628458498024,0.516992299442738
"TREX2",0.31331851710155,0.596377740131864
"TRG-AS1",0.307388198165874,0.81630522727052
"TRGC2",0.123548311159917,0.405670714185887
"TRGV5",-0.205584389770102,-0.734608335102962
"TRGV7",0.41501976284585,0.579177854126292
"TRGV9",-0.0262181748850923,-0.148225516214077
"TRH",-0.0222386960087851,-0.4677294708547
"TRHDE",-0.289525691699605,-0.536360002116938
"TRHDE-AS1",-0.186356918467399,-0.516271209227761
"TRHR",0.610671936758893,1.51848577731696
"TRIAP1",-0.794466403162055,-2.76599655340997
"TRIB1",-0.346837944664032,-0.388605197114108
"TRIB2",-0.634387351778656,-1.19169507055583
"TRIB3",0.203557312252964,0.0720985448595891
"TRIL",-0.195652173913043,0.0229724255723711
"TRIM10",0.143422424264084,-0.147093911268751
"TRIM11",-0.00988386489279338,-0.162268139262919
"TRIM13",-0.706521739130435,-0.928126604510925
"TRIM14",0.781620553359684,3.24225870012587
"TRIM15",0.467853839151115,0.642800572256435
"TRIM16",-0.33399209486166,-1.39373597090536
"TRIM16L",0.70326443897768,0.688917233387438
"TRIM17",0.371541501976285,0.374415121336252
"TRIM2",-0.480237154150198,-0.515224105337974
"TRIM21",0.178853754940711,0.339768835293997
"TRIM22",-0.247096622319834,0.0372416291807277
"TRIM23",0.219367588932806,1.32182848618051
"TRIM24",-0.624505928853755,-0.94635586265012
"TRIM25",0.112648221343874,0.255362660759235
"TRIM26",-0.24901185770751,-0.218661123572648
"TRIM27",-0.515810276679842,-0.633360809040904
"TRIM28",-0.538537549407115,-0.618332461945501
"TRIM29",0.340763798778866,0.0465672836391342
"TRIM3",0.209015004483548,0.528034492870969
"TRIM31",0.269762845849802,-0.220766512339875
"TRIM32",-0.635375494071146,-1.04231762708754
"TRIM33",-0.657277015370759,-0.913973783420753
"TRIM34",0.375494071146245,0.407610129651466
"TRIM35",-0.00691699604743083,-0.299683610070607
"TRIM36",-0.533596837944664,-0.587751686999715
"TRIM37",-0.757598244032612,-1.5707430549283
"TRIM38",0.789525691699605,1.76001041857456
"TRIM39",-0.551383399209486,-0.449294543778565
"TRIM4",0.157114624505929,-0.210091715273056
"TRIM40",0.362737841565517,0.442641435261614
"TRIM41",-0.050445128534264,0.100319512656267
"TRIM42",0.281620553359684,-0.344150978952054
"TRIM43",0.210682595643102,-0.105125013845481
"TRIM44",-0.800395256916996,-1.32929524696954
"TRIM45",-0.343873517786561,-0.697569161879604
"TRIM46",0.50197628458498,0.893441632661186
"TRIM47",0.573122529644269,1.50485328592712
"TRIM48",0.016798418972332,-0.280457378769885
"TRIM49",0.303359683794466,0.382741229968257
"TRIM5",0.435384248527548,0.78120845768283
"TRIM50",0.385964924063581,0.265950764398552
"TRIM51",-0.372529644268775,-1.16670105286193
"TRIM52",-0.66403162055336,-1.72949324886798
"TRIM52-AS1",0.725296442687747,2.10032176334145
"TRIM54",-0.000494193244639669,-0.223527595524893
"TRIM55",0.25197628458498,0.442149908406752
"TRIM56",-0.0365612648221344,0.718742806062459
"TRIM58",-0.0993328421725734,-0.130812068110003
"TRIM59",0.360266875342319,1.17332798774955
"TRIM6",-0.0395256916996047,0.246226808392633
"TRIM61",0.168400714512812,-0.353201618515478
"TRIM62",0.528656126482213,0.759395628603749
"TRIM63",-0.169014089666767,-0.80573344085174
"TRIM64EP",0.185770750988142,0.249786739516104
"TRIM65",0.303359683794466,0.14545503700766
"TRIM66",-0.630434782608696,-1.76630192007648
"TRIM67-AS1",0.512845849802371,0.64635168588673
"TRIM68",-0.557312252964427,-1.05994635802265
"TRIM69",-0.653162055335968,-1.35219022078299
"TRIM7",-0.458498023715415,-0.86787503410541
"TRIM71",0.235177865612648,0.594698327588805
"TRIM72",0.47739067432192,0.808495702496115
"TRIM73",0.410484869445481,0.752235882600141
"TRIM74",0.700592885375494,1.24968002059948
"TRIM8",0.549407114624506,1.76119670717981
"TRIM9",-0.517786561264822,-1.35216893698068
"TRIML1",0.277242410242854,0.0966997757067643
"TRIML2",0.350669723161972,0.103724110148648
"TRIO",-0.49221647166111,-1.34715955982486
"TRIOBP",0.714603431748961,1.26987112780509
"TRIP10",0.630434782608696,1.13286533271151
"TRIP11",0.631422924901186,2.26890475654179
"TRIP12",-0.0869565217391304,0.346098974670058
"TRIP13",-0.565217391304348,-1.3841097309631
"TRIP4",-0.640316205533597,-1.95405625953279
"TRIP6",-0.171979249134605,-0.0678029262699466
"TRIQK",-0.49802371541502,-0.481333069187318
"TRIR",-0.268051565348736,0.208017891599374
"TRIT1",-0.551383399209486,-1.73358546260278
"TRMO",-0.390316205533597,-0.553829181388357
"TRMT1",-0.280701762955332,-0.645251333607173
"TRMT10A",-0.23820114391632,-0.281904207232747
"TRMT10B",0.604743083003953,0.927044302273207
"TRMT10C",-0.66699604743083,-1.19516022914145
"TRMT11",-0.495059288537549,-0.179976235398947
"TRMT112",-0.803359683794466,-1.91157531825386
"TRMT12",-0.661067193675889,-1.63837046128201
"TRMT13",0.462450592885375,1.77069585396706
"TRMT1L",-0.329051383399209,-0.110833653893261
"TRMT2A",0.295454545454545,0.652734426175498
"TRMT2B",0.108695652173913,0.187666873503042
"TRMT44",0.230237154150198,-0.0955071018889575
"TRMT5",-0.837944664031621,-2.80534465069391
"TRMT6",0.366600790513834,1.20380030241374
"TRMT61A",0.519397100116292,0.647794064099317
"TRMT61B",-0.430442316081152,-0.906612435338597
"TRMT9B",-0.25,-0.516718540396458
"TRMU",-0.50098814229249,-0.867784726923975
"TRNAU1AP",0.659743151614786,1.36778006462052
"TRNP1",-0.08300395256917,0.21916476268483
"TRNT1",-0.446640316205534,-0.270198006241811
"TRO",-0.694664031620553,-1.47121309807536
"TROAP",0.574746743515935,0.4110496649731
"TRPA1",0.201090264977063,0.385291130936878
"TRPC1",-0.0256916996047431,0.521638322650786
"TRPC2",0.4686110310533,0.430046559788214
"TRPC3",0.571781584048097,0.867527579151494
"TRPC4",-0.0553359683794466,0.0767668917856366
"TRPC4AP",-0.184965471292301,-0.451236400448146
"TRPC5",0.396837175445654,1.12528482758201
"TRPC5OS",-0.238142292490119,-0.984637347812781
"TRPC6",0.397825561934933,0.527951702466965
"TRPC7",0.526679841897233,0.856662696042853
"TRPM1",-0.221892766843211,-0.709397622756026
"TRPM2",-0.514822134387352,-1.43541784914849
"TRPM2-AS",0.790513833992095,1.88428468102218
"TRPM3",-0.429841897233202,-1.0808484983133
"TRPM4",0.391304347826087,0.622565965845388
"TRPM5",0.343224698066463,-0.126291669467788
"TRPM6",0.124042504404557,0.333590485093501
"TRPM7",0.296442687747036,1.15699376687796
"TRPM8",0.154150197628458,-0.240486588165449
"TRPS1",-0.0256916996047431,-0.449965484285525
"TRPT1",0.0802579149808088,0.341863850996208
"TRPV1",0.416110711986601,0.00841347025361092
"TRPV2",0.206521739130435,0.0803138646900355
"TRPV3",0.557312252964427,1.19212296607494
"TRPV4",0.473437128364803,0.547851340238901
"TRPV5",0.342885375494071,0.0226253009424546
"TRPV6",0.181998110790286,0.232581612635328
"TRRAP",-0.591897233201581,-0.864926158356218
"TRUB1",-0.558300395256917,-0.477556514767275
"TRUB2",-0.740118577075099,-2.08059580411102
"TSACC",0.682806324110672,1.10034917237974
"TSBP1",0.428853754940711,0.301660898040268
"TSC1",-0.637351778656126,-1.70936455100312
"TSC2",-0.652173913043478,-0.826937709817015
"TSC22D1",-0.368577075098814,-0.507360667021183
"TSC22D1-AS1",-0.379046218638626,-0.397281784289212
"TSC22D2",0.0884605907905007,0.834049028346476
"TSC22D3",-0.703557312252964,-2.08992564377224
"TSC22D4",0.40326168762597,0.725188926144883
"TSEN15",-0.0791296133870807,-0.534024491829394
"TSEN2",-0.678853754940711,-1.25761136625367
"TSEN34",0.384387351778656,1.16989682328578
"TSEN54",0.295746930034214,0.518362316741592
"TSFM",-0.543118375858996,-1.04824377852411
"TSG101",-0.737154150197628,-2.02182629836177
"TSGA10",0.726014202826466,1.92200480097588
"TSGA10IP",0.693847315474095,1.63488677701233
"TSGA13",0.689723320158103,1.3142415378816
"TSHB",-0.0123548311159917,-0.400558741783044
"TSHR",0.263899192637583,-0.0366947705934969
"TSHZ1",-0.301383399209486,-0.555523403506674
"TSHZ2",-0.521739130434783,-0.736631794697236
"TSHZ3",0.459486166007905,0.970428562092992
"TSIX",0.320158102766798,0.68738489806968
"TSKS",0.227272727272727,0.032553128127096
"TSKU",0.6699604743083,1.08589472332887
"TSKU-AS1",0.425321671955559,0.481221162527902
"TSLP",-0.219367588932806,-1.08897731873268
"TSN",-0.875494071146245,-2.95440919484866
"TSNARE1",0.526679841897233,0.946668341502712
"TSNAX",-0.529644268774703,-0.514401493324542
"TSNAXIP1",-0.319743029281866,-0.534674094933349
"TSPAN1",0.572134387351779,1.05753157925969
"TSPAN10",0.439169354298298,0.684991334530747
"TSPAN11",0.270927031877964,0.401486617930471
"TSPAN12",-0.0227328892534248,-0.678820787396761
"TSPAN13",-0.58201581027668,-0.608935057505455
"TSPAN14",-0.181368920782758,-0.721650250291832
"TSPAN15",-0.185770750988142,-1.03159548644788
"TSPAN16",0.128585621754006,0.021905177929282
"TSPAN17",-0.33399209486166,-0.983389745164487
"TSPAN18",0.260869565217391,0.466074969185846
"TSPAN2",-0.091897233201581,0.0475757611928296
"TSPAN3",-0.818181818181818,-1.9060599308332
"TSPAN31",0.535573122529644,1.12140597659699
"TSPAN32",0.707190533079366,1.07292185596587
"TSPAN33",-0.261516403714013,-0.933721347212201
"TSPAN4",0.594355462986394,1.54957766060473
"TSPAN5",-0.740118577075099,-1.36729258252068
"TSPAN6",-0.155138339920949,-0.280326789534824
"TSPAN7",-0.83596837944664,-1.71637050925988
"TSPAN8",-0.208024412045238,-0.286985966561962
"TSPAN9",-0.210526322216499,-0.839908834251754
"TSPEAR",0.162589577486451,-0.142315365124873
"TSPEAR-AS2",0.657114624505929,1.16946519466477
"TSPO",0.091897233201581,0.372207223943143
"TSPO2",0.467391304347826,0.753648078113476
"TSPOAP1",0.113636363636364,-0.120889175460388
"TSPOAP1-AS1",0.140455063762068,0.643969933651467
"TSPY1",0.353146204257749,0.193391329098555
"TSPY26P",0.534124890362795,0.368502964609349
"TSPYL1",-0.646884589439385,-0.938311316113116
"TSPYL2",0.398221343873518,1.21611564131487
"TSPYL4",-0.416604905231241,-0.0655722694635259
"TSPYL5",-0.820158102766798,-1.66584591489118
"TSPYL6",-0.570299004314178,-2.0598184909956
"TSR1",0.680830039525692,1.21046374720651
"TSR2",-0.843873517786561,-2.57756317816557
"TSR3",-0.290585627848125,-0.857366247786715
"TSSC4",0.186310853229155,0.429346381556862
"TSSK1B",0.586607381387287,0.694503080348423
"TSSK2",0.416419590449512,0.692710980328083
"TSSK3",0.543478260869565,0.630699697584699
"TSSK4",0.641304347826087,1.25832340075214
"TSSK6",0.712450592885375,1.84472374965605
"TST",-0.486166007905138,-1.16414752554321
"TSTD1",-0.25197628458498,-0.0102744100131344
"TSTD2",-0.57072233655432,-1.36456910998684
"TTBK1",0.880434782608696,1.91364545077709
"TTBK2",0.638339920948617,3.95185589665511
"TTC1",-0.756916996047431,-2.32920401602249
"TTC12",0.714426877470356,1.21899105589615
"TTC13",-0.770750988142292,-1.47488881145677
"TTC14",-0.576723516494493,-1.18301374236678
"TTC16",0.44043505133807,0.778730707869888
"TTC17",-0.285573122529644,-0.843459375222715
"TTC19",-0.840909090909091,-2.78577994502886
"TTC21A",-0.394366209222456,-1.00808867343314
"TTC21B",-0.281620553359684,-0.606482651011099
"TTC22",0.652829276169003,1.27836867712943
"TTC23",0.680041708900265,1.09751897600308
"TTC23L",0.160079051383399,0.163864346478552
"TTC27",-0.599802371541502,-0.890556101180259
"TTC28",0.0899209486166008,0.375293098764555
"TTC28-AS1",0.222332015810277,0.356910007153042
"TTC29",0.17889795455956,-0.0753835961044235
"TTC3",-0.66897233201581,-2.01005862116338
"TTC31",0.183391025865796,0.37237660692269
"TTC32",-0.476284584980237,-0.786918256868777
"TTC33",-0.435770750988142,-0.489574184963009
"TTC34",0.341897233201581,-0.0109896234879116
"TTC36",0.513833992094862,1.24982746792332
"TTC38",0.450210045866738,0.34300668409052
"TTC39A",-0.58399209486166,-1.46455384537613
"TTC39B",-0.0691699604743083,0.208706474540787
"TTC39C",-0.354336556406643,-0.911751367503979
"TTC4",-0.576086956521739,-1.65242709229759
"TTC41P",0.709167306057925,1.40909972759684
"TTC5",-0.679841897233202,-0.923891409127862
"TTC6",0.415122325497322,0.276573101163175
"TTC7A",0.120672660415298,-0.590859489394541
"TTC7B",-0.563241106719368,-0.835385414241155
"TTC7B-AS1",-0.221343873517787,-0.408187850348894
"TTC8",-0.758893280632411,-1.48628989320265
"TTC9",0.0128458498023715,0.613036552821705
"TTC9B",0.602766798418972,2.05235838342392
"TTC9C",-0.701581027667984,-1.67912770639503
"TTF1",0.268774703557312,0.392671097330739
"TTF2",-0.475296442687747,-1.58892254173626
"TTI1",-0.172106909116901,0.283328081565014
"TTI2",-0.49221647166111,-0.848208488269964
"TTK",0.231454119157211,-0.0524183175737302
"TTL",-0.758893280632411,-1.84770398271141
"TTLL1",-0.728260869565217,-2.61438390025867
"TTLL1-AS1",0.450592885375494,0.398120073324661
"TTLL10",0.515443554159175,0.658159171563582
"TTLL11",-0.306399811676595,-0.611497286664027
"TTLL12",0.25401532774479,0.562267585843667
"TTLL13",0.520750988142292,1.01439468709913
"TTLL2",0.286561264822134,0.303632943939349
"TTLL3",0.598468019258639,1.16920204954662
"TTLL4",0.302521045363523,0.0235095822778017
"TTLL5",-0.697628458498024,-1.44588968361414
"TTLL6",0.390316205533597,0.876961126186582
"TTLL7",-0.91798418972332,-2.08258926443651
"TTLL7-IT1",0.693675889328063,1.22548206752456
"TTLL9",0.0227272727272727,-0.0719546374911645
"TTN",0.176426988336362,0.272154510965003
"TTN-AS1",0.0706696339834726,0.14246314330827
"TTPA",0.319765610039319,0.247777602522158
"TTPAL",-0.634049932872695,-1.84641912168987
"TTR",0.339510759067452,0.267620899020955
"TTTY1",0.606330662578506,1.75287470906599
"TTTY10",0.246290921667289,0.287609126780692
"TTTY11",0.184965471292301,0.00368361542821903
"TTTY12",0.323442294719693,0.188179884370009
"TTTY13",0.00593472100403106,-0.478423152997906
"TTTY14",0.0365612648221344,-0.439953975882733
"TTTY15",-0.395256916996047,-0.883469653428521
"TTTY2",0.0420064257943719,-0.168265347783735
"TTTY4",0.210526322216499,-0.057916529575063
"TTTY5",0.549407114624506,0.76335427043786
"TTTY6",0.511375126514009,0.715980229102639
"TTTY7",0.165183067945531,0.212580060920413
"TTTY8",-0.449221659377459,-1.20285798778752
"TTTY9A",0.682806324110672,1.06489456994599
"TTYH1",-0.290091434603486,-0.432972310542606
"TTYH2",-0.0523715415019763,0.102039630353145
"TTYH3",-0.0682492915463571,-0.836742927355464
"TUB",-0.785573122529644,-1.97735276985276
"TUBA1A",-0.661067193675889,-1.37735310258934
"TUBA1B",-0.821146245059289,-2.40645889183442
"TUBA1C",-0.812252964426878,-2.3422561361109
"TUBA3C",-0.694664031620553,-1.65946673879432
"TUBA3D",-0.763833992094862,-1.93945707455331
"TUBA3FP",0.41403162055336,0.509966950654094
"TUBA4A",-0.784584980237154,-1.49329107369084
"TUBA4B",0.0928853754940711,0.48634285930857
"TUBA8",-0.363636363636364,-1.28011938388012
"TUBAL3",0.226284584980237,0.0976910994864479
"TUBB",-0.841897233201581,-2.92722859200012
"TUBB1",0.133531222590699,-0.0627017404670783
"TUBB2A",-0.571146245059289,-0.940367404954
"TUBB2B",-0.0197628458498024,-0.153559728015958
"TUBB3",-0.792490118577075,-2.42787301852463
"TUBB4A",0.479249011857708,1.48008420401616
"TUBB4B",-0.760869565217391,-2.6877304682129
"TUBB6",-0.142292490118577,-0.431782318942268
"TUBB7P",0.162095384241811,-0.0325696078731769
"TUBBP5",-0.151335385602792,0.030121589667059
"TUBD1",-0.232213438735178,-0.237976419255079
"TUBE1",-0.298418972332016,0.0589161512600941
"TUBG1",-0.568181818181818,-0.770370066723475
"TUBG2",-0.409090909090909,-0.72499237598172
"TUBGCP2",-0.743083003952569,-1.50876802463659
"TUBGCP3",-0.837944664031621,-1.94626654662916
"TUBGCP4",0.091897233201581,0.670729510076439
"TUBGCP5",-0.294466403162055,-0.431280648733662
"TUBGCP6",-0.426877470355731,-1.24026465382085
"TUFM",-0.807312252964427,-2.41099483731924
"TUFT1",-0.356719367588933,-0.215133017669867
"TUG1",-0.228260869565217,-0.646962820475241
"TULP1",0.203113423546904,-0.087526813409924
"TULP2",0.387351778656126,0.408425553076105
"TULP3",0.66600790513834,1.13361654211305
"TULP4",-0.83399209486166,-2.36146361921092
"TUNAR",-0.370553359683794,-1.21227580734933
"TUSC1",-0.0919199435029784,0.429542328319419
"TUSC2",-0.523350646073409,-1.26311876360159
"TUSC3",-0.604743083003953,-1.20353628779211
"TUSC7",0.33695652173913,0.40202981494102
"TUSC8",0.374505928853755,0.215628936665211
"TUT1",0.0257171243508012,-0.420985271399798
"TUT4",-0.620212522022784,-1.48748105924005
"TUT7",-0.49802371541502,-0.239296035434416
"TVP23A",0.148221343873518,0.290174138682401
"TVP23B",-0.17094861660079,0.406768705263709
"TVP23C",0.769762845849802,1.32190249541584
"TWF1",-0.448616600790514,-0.0926785402549237
"TWF2",-0.385375494071146,-1.09414480784974
"TWF2-DT",0.0692384117136957,-0.591889895979521
"TWIST1",0.0849802371541502,0.0643931980440075
"TWIST2",0.167037316688208,-0.475080867195907
"TWNK",-0.1699604743083,-0.408473923027034
"TWSG1",0.0839920948616601,0.915991590833231
"TXK",-0.231225296442688,-1.11404736060681
"TXLNA",-0.788328773368792,-2.36251102074044
"TXLNB",-0.379046218638626,-0.650733347855043
"TXLNG",-0.321146245059289,-0.235813596186509
"TXLNGY",0.211462450592885,0.0617815225785658
"TXN",-0.692687747035573,-1.10598584032125
"TXN2",0.388339920948617,0.8636956726319
"TXNDC11",-0.391304347826087,-1.22943213319573
"TXNDC12",-0.560276679841897,-0.906489499696331
"TXNDC15",-0.839920948616601,-2.55654648098546
"TXNDC16",-0.777667984189723,-2.28689166086233
"TXNDC17",-0.684782608695652,-1.31148479083808
"TXNDC2",0.674901185770751,0.910745880799241
"TXNDC5",-0.791501976284585,-1.48665094725924
"TXNDC8",0.277736603487494,0.287972267136176
"TXNDC9",-0.66403162055336,-1.54566709586695
"TXNIP",-0.228260869565217,-0.626060659623232
"TXNL1",-0.713438735177866,-1.642650065381
"TXNL4A",-0.74703557312253,-1.60180694617002
"TXNL4B",-0.227272727272727,-1.09610645246834
"TXNRD1",-0.724487296641754,-1.49114588259366
"TXNRD2",-0.432806324110672,-1.05283980478254
"TXNRD3",-0.3300395256917,-1.10578285236392
"TYK2",0.0108722513820727,-0.238138655503362
"TYMP",0.741106719367589,1.34379964621114
"TYMS",-0.0543478260869565,-0.045216704991359
"TYMSOS",0.458498023715415,0.666957584382525
"TYR",0.28366692242317,0.279674208393047
"TYRO3",-0.457509881422925,-0.688853403526188
"TYRO3P",0.155291866272146,0.505954183778502
"TYROBP",0.0385375494071146,-0.00850250018065915
"TYRP1",-0.0662055335968379,-0.250294543031018
"TYSND1",0.675562165422427,1.11112711148963
"TYW1",-0.608695652173913,-1.21392246553874
"TYW3",-0.0538670636657239,0.411938060331406
"TYW5",-0.449221659377459,-1.29812045515164
"U2AF1",-0.91600790513834,-2.71400975624175
"U2AF1L4",-0.111660079051383,-0.233977184930422
"U2AF2",0.703557312252964,3.55079268401135
"U2SURP",-0.0316205533596838,0.250812911093974
"UACA",0.702569169960474,0.948640921193799
"UAP1",-0.705533596837945,-1.08746854100672
"UAP1L1",0.145256916996047,-0.011181071412669
"UBA1",-0.825098814229249,-1.81596371767304
"UBA2",-0.269762845849802,0.224843272280031
"UBA3",-0.58596837944664,-0.863880284859568
"UBA5",-0.693675889328063,-1.12673021058043
"UBA52",-0.710474308300395,-2.28162132868699
"UBA6",-0.674901185770751,-0.777550588824955
"UBA7",0.108695652173913,0.417771211633124
"UBAC1",-0.705533596837945,-1.76614303120291
"UBAC2",-0.661067193675889,-1.71823720821729
"UBAC2-AS1",0.339920948616601,-0.268276820122509
"UBALD1",0.386363636363636,0.280107956607471
"UBALD2",-0.112648221343874,-0.0924263297874421
"UBAP1",-0.197628458498024,0.123580475326383
"UBAP1L",0.364624505928854,0.393172994650796
"UBAP2",0.340909090909091,0.654880617709808
"UBAP2L",-0.237706950671681,-0.11435592990854
"UBASH3A",-0.000989120167338509,-0.318003082112609
"UBASH3B",-0.721343873517787,-2.12181852761586
"UBB",-0.673913043478261,-1.49956062362774
"UBC",-0.837944664031621,-2.34609461497812
"UBD",-0.0528786771764446,0.155249042979713
"UBE2A",-0.66304347826087,-0.942781001608807
"UBE2B",-0.426877470355731,-0.625406416546151
"UBE2C",0.771739130434783,1.49529412001026
"UBE2D1",-0.625494071146245,-0.752199342728407
"UBE2D2",-0.739313093980945,-1.92735465675667
"UBE2D3",-0.708498023715415,-1.4447410031797
"UBE2D3-AS1",0.432245513126929,1.20073571082235
"UBE2D4",0.722332015810277,1.56630383044399
"UBE2DNL",0.451692625600657,0.67646400202785
"UBE2E1",-0.609683794466403,-0.747912278607989
"UBE2E2",-0.185770750988142,-0.212512972705689
"UBE2E2-DT",0.430054427232459,0.897604529849637
"UBE2E3",-0.615612648221344,-1.18945191087535
"UBE2F",-0.681818181818182,-1.02060871106253
"UBE2G1",-0.600790513833992,-0.481186922319052
"UBE2G2",0.0237154150197628,-0.230819144099792
"UBE2H",-0.189723320158103,0.304655603028992
"UBE2I",-0.523715415019763,-0.628476816326661
"UBE2J1",-0.418581678209799,-0.755147154913168
"UBE2J2",-0.33102766798419,-0.753717130721743
"UBE2K",-0.641304347826087,-1.02468147174834
"UBE2L3",-0.647233201581028,-1.34462619413689
"UBE2L6",-0.272727272727273,-0.69286986288889
"UBE2M",-0.670948616600791,-1.49635718711588
"UBE2N",-0.653162055335968,-1.73649629575544
"UBE2NL",0.480712401326516,0.173768100783188
"UBE2O",0.230237154150198,0.722675912459255
"UBE2Q1",-0.605731225296443,-0.912972969302873
"UBE2Q2",-0.704545454545454,-1.34121767734636
"UBE2Q2P13",0.00395354595711735,-0.571323654832357
"UBE2QL1",-0.515810276679842,-0.506403534164193
"UBE2R2",-0.0434782608695652,0.596715468681998
"UBE2S",-0.460474308300395,-0.890801317338842
"UBE2T",-0.617247362554946,-1.03080201257294
"UBE2U",0.521739130434783,0.951500417464113
"UBE2V1",0.434395862038269,1.37056184277107
"UBE2V2",-0.508030655489579,-0.853486489635102
"UBE2W",-0.354743083003953,0.00529400844580223
"UBE2Z",-0.674901185770751,-1.8929070642672
"UBE3A",-0.673913043478261,-1.43564619772772
"UBE3B",-0.590909090909091,-1.14268331885418
"UBE3C",-0.717391304347826,-1.32682229719062
"UBE3D",-0.505928853754941,-0.245458991775076
"UBE4A",-0.837944664031621,-2.09622956261793
"UBE4B",-0.462450592885375,-1.43857747652381
"UBFD1",-0.762845849802372,-2.69923930905378
"UBIAD1",0.0187793432963074,0.0933347456212867
"UBL3",-0.690711462450593,-1.30442784335688
"UBL4A",-0.190711462450593,0.0758277747670959
"UBL4B",0.0118577075098814,-0.274609082166813
"UBL5",-0.743760833182701,-1.48147304842836
"UBL7",-0.549407114624506,-1.08396369670208
"UBL7-DT",-0.295454545454545,-1.22046651868934
"UBLCP1",0.642292490118577,2.41115167374833
"UBN1",0.721343873517787,3.0479649607837
"UBN2",-0.683794466403162,-2.38815141259416
"UBOX5",-0.0108695652173913,-0.798874652330168
"UBP1",-0.522727272727273,-0.391613065590792
"UBQLN1",-0.648221343873518,-0.91118458083222
"UBQLN2",-0.531620553359684,-0.808182052534573
"UBQLN3",0.272300477796458,0.321629719725053
"UBQLN4",-0.108695652173913,-0.355800766612527
"UBQLNL",0.403162055335968,0.678607257986438
"UBR1",-0.193675889328063,0.0418942160796506
"UBR2",-0.679841897233202,-1.41231292739706
"UBR3",-0.117588932806324,0.154486689315318
"UBR4",-0.560276679841897,-0.852825761135699
"UBR5",-0.0148221343873518,0.116657267188177
"UBR5-DT",0.0810276679841897,0.0407001335156408
"UBR7",-0.863636363636364,-2.07877374386114
"UBTD1",0.670948616600791,0.701964489290171
"UBTD2",-0.199604743083004,-0.210168046543869
"UBTF",0.24703557312253,-0.115790036705893
"UBXN1",-0.818181818181818,-1.39951361634586
"UBXN10",0.0760869565217391,-0.646495865689243
"UBXN11",0.848814229249012,2.24752582653713
"UBXN2A",0.75296442687747,1.57581249168055
"UBXN2B",-0.375494071146245,-0.288972120344062
"UBXN4",0.613636363636364,2.13278134752425
"UBXN6",0.154150197628458,0.0621562067872828
"UBXN7",0.254940711462451,1.04887411380662
"UBXN7-AS1",0.62614284095846,1.29814839628649
"UBXN8",-0.430442316081152,-0.527717041296096
"UCA1",0.828063241106719,1.57474849238985
"UCHL1",-0.767786561264822,-2.5475753476668
"UCHL3",-0.617588932806324,-1.06656444489075
"UCHL5",-0.234189723320158,-0.784098891590201
"UCK1",0.229249011857707,0.463457210223144
"UCK2",0.00296736050201553,0.0957990380925176
"UCKL1",0.401185770750988,0.884308059762407
"UCMA",0.688735177865613,1.60340133208882
"UCN",-0.195206331632669,-0.835555199961459
"UCN2",0.278656126482213,0.312426861131371
"UCN3",0.647233201581028,1.20422298454463
"UCP1",0.690711462450593,1.17693060838732
"UCP2",0.377843903923311,0.692654258473833
"UCP3",0.244071146245059,-0.318554759571157
"UEVLD",-0.516798418972332,-0.581919138489261
"UFC1",-0.810276679841897,-2.12030331816604
"UFD1",-0.703557312252964,-1.45746883483829
"UFL1",-0.563874492133862,-0.686590341188857
"UFM1",0.0934025232368974,0.809991612661743
"UFSP1",0.397233201581028,0.625673112782769
"UFSP2",-0.662055335968379,-1.17287343242054
"UGCG",-0.742094861660079,-1.51539393778767
"UGDH",0.3392779101214,0.98305978028753
"UGGT1",-0.575667937391012,-0.924430328575687
"UGGT2",-0.544600955592915,-1.24185832455392
"UGP2",-0.725296442687747,-1.51569985149063
"UGT1A1",-0.25656344152246,-1.02250523257469
"UGT1A10",0.178853754940711,-0.129614141360687
"UGT1A3",0.231225296442688,-0.108363862212476
"UGT1A6",0.415122325497322,0.186411749320389
"UGT1A8",-0.57454361422018,-1.65337986249526
"UGT1A9",0.261127724177366,0.235788727423367
"UGT2A1",-0.293478260869565,-0.632991365556736
"UGT2A3",-0.510007428468138,-1.36371557644976
"UGT2B15",0.677044745156346,0.99899577098771
"UGT2B17",0.295033367049882,0.350345894676699
"UGT2B28",0.0197824033467702,-0.0839593248868682
"UGT2B4",-0.232213438735178,-0.831602333979954
"UGT3A1",-0.377470355731225,-1.37370704788132
"UGT8",-0.174901185770751,-0.0539463932099578
"UHMK1",-0.460474308300395,-0.548374159373421
"UHRF1",0.378458498023715,0.73198004250063
"UHRF2",-0.682806324110672,-1.31721064836707
"UICLM",0.12160159666573,-0.594174052809372
"UIMC1",-0.629446640316205,-1.14032728634609
"ULBP1",0.514822134387352,0.612863080229007
"ULBP2",-0.234189723320158,-0.364851733332928
"ULBP3",0.353842363162003,0.647847883416962
"ULK1",-0.201581027667984,-0.181275995887656
"ULK2",-0.631422924901186,-1.14265534758962
"ULK3",0.339920948616601,0.545601286591326
"ULK4",0.326167541462181,0.481072859863143
"UMAD1",-0.457509881422925,-0.663232014023162
"UMOD",0.613636363636364,1.67180948772463
"UMODL1",0.068692861004914,0.00872180854112275
"UMODL1-AS1",0.74740199470539,1.75573931691951
"UMPS",-0.670620232976031,-2.17974937214429
"UNC119",-0.220355731225296,-1.09563499445419
"UNC119B",-0.320731415771145,-0.599061824845498
"UNC13A",-0.694664031620553,-3.07724242336366
"UNC13B",-0.713438735177866,-2.61628499836751
"UNC13C",-0.709486166007905,-1.46731833347328
"UNC13D",0.534584980237154,0.607234904219971
"UNC45A",-0.4199604743083,-1.15692667490754
"UNC45B",0.172924901185771,-0.459338627452313
"UNC50",-0.74901185770751,-1.29382173306734
"UNC5A",0.631422924901186,1.12945411355521
"UNC5B",0.347826086956522,0.324603911680323
"UNC5B-AS1",0.353842363162003,0.871808357827079
"UNC5C",-0.410079051383399,-1.02952516545172
"UNC5C-AS1",-0.649209486166008,-1.99664514831374
"UNC5CL",0.00395354595711735,-0.505691808382325
"UNC5D",-0.0928853754940711,0.151685964036223
"UNC79",-0.659743151614786,-1.07578647049636
"UNC80",-0.66501976284585,-1.09702052889431
"UNC93A",-0.170128668782224,-0.839100843903533
"UNC93B1",0.225296442687747,0.177163449216382
"UNG",-0.0563241106719368,0.126422340810952
"UNK",0.485177865612648,0.571465610016823
"UNKL",-0.0612648221343874,0.395659889478846
"UPB1",-0.0177865612648221,-0.994786358750741
"UPF1",-0.659090909090909,-1.53936060868395
"UPF2",-0.779644268774704,-1.63061351971309
"UPF3A",-0.0602766798418972,0.0931087538422935
"UPF3B",-0.773603653584825,-1.10228261912679
"UPK1A",0.178041630120932,0.391469972545105
"UPK1B",0.255928853754941,-0.286342696539145
"UPK2",0.766798418972332,1.31179415251025
"UPK3A",0.468495195918406,0.431228592022835
"UPK3B",0.217445027641454,-0.234258394323289
"UPP1",-0.644268774703557,-1.20500607719138
"UPP2",-0.33201581027668,-0.890697056410485
"UPRT",-0.820158102766798,-2.06382291987125
"UQCC1",-0.593873517786561,-0.894174580143443
"UQCC2",-0.542490118577075,-0.646419958219046
"UQCC3",-0.787549407114625,-1.60986757791218
"UQCC4",-0.687747035573123,-2.02003847527846
"UQCC5",-0.300963685985558,-0.744204382706903
"UQCC6",-0.350790513833992,-0.923338307258147
"UQCR10",-0.812252964426878,-3.00872512043236
"UQCR11",-0.196640316205534,-0.11294481097626
"UQCRB",-0.686758893280632,-1.04116453134256
"UQCRC1",-0.7462317994059,-1.43194255925605
"UQCRC2",-0.758893280632411,-1.66921832679238
"UQCRFS1",-0.778656126482213,-1.62781842566141
"UQCRH",-0.745059288537549,-1.59303509769586
"UQCRQ",-0.660079051383399,-1.25889571013529
"URB1",-0.435770750988142,-0.737163562804037
"URB1-AS1",-0.324110671936759,-0.823962673283182
"URB2",-0.396837175445654,-0.286718187542961
"URGCP",-0.620553359683795,-1.41641322746664
"URI1",-0.699604743083004,-2.01194484712933
"URM1",0.525691699604743,0.65049839424429
"UROC1",0.357707509881423,0.457201674373976
"UROD",-0.812947887432255,-1.55907641722672
"UROS",-0.656126482213439,-1.34052482970706
"USB1",-0.26933531832862,-0.554134587278184
"USE1",-0.813241106719368,-1.68908463969561
"USF1",0.0187932831794317,-0.307360547363167
"USF2",0.573122529644269,1.0198694692797
"USF3",0.575098814229249,2.49357401982421
"USH1C",0.765810276679842,1.5469819529733
"USH1G",0.767786561264822,1.06414126933149
"USH2A",-0.0671936758893281,0.280753233009898
"USHBP1",-0.00197677297855868,-0.332099765211455
"USO1",-0.817193675889328,-1.68049312372871
"USP1",-0.58695652173913,-0.990081476769995
"USP10",0.3300395256917,1.5412220422116
"USP11",-0.572769970537376,-0.790804969112562
"USP12",-0.494071146245059,-0.885230796426745
"USP13",-0.0780632411067194,-0.099640383029568
"USP14",-0.678853754940711,-1.80362538020212
"USP15",-0.824110671936759,-2.34146155402274
"USP16",-0.790513833992095,-1.41252161587163
"USP18",-0.0879446640316206,-0.893964876679824
"USP19",0.135375494071146,0.365192299943563
"USP2",-0.355731225296443,-0.806342725183932
"USP2-AS1",0.762540176479009,2.41338985547318
"USP20",-0.348900430715606,-0.947448962044823
"USP21",-0.041501976284585,-0.0578384383863454
"USP22",-0.573122529644269,-0.922529438963248
"USP24",-0.458498023715415,-0.998530453881327
"USP25",-0.436758893280632,-0.450815764521938
"USP26",0.180830039525692,0.251741059881937
"USP27X",-0.114624505928854,0.183689723869337
"USP27X-DT",-0.0118577075098814,-0.432898814658507
"USP28",0.844861660079052,2.40131747745927
"USP29",0.112676059777844,0.134528949860364
"USP3",-0.238142292490119,-0.447198163846276
"USP3-AS1",-0.467012616184487,-1.1766743762469
"USP30",-0.679841897233202,-1.48239128295954
"USP30-AS1",0.135408949031269,-0.112656421568369
"USP31",-0.261857707509881,0.182497776269493
"USP32",-0.555335968379447,-0.449966801345308
"USP32P2",-0.461462450592885,-0.708977669007438
"USP33",-0.573122529644269,-0.815815995426499
"USP34",-0.83102766798419,-1.51900155920056
"USP35",0.300963685985558,0.501235752743415
"USP36",-0.473320158102767,-1.29117610822138
"USP37",-0.624660261224541,-1.21863762957009
"USP38",-0.639328063241107,-0.515288109898454
"USP39",-0.648221343873518,-2.84311913410289
"USP4",0.773715415019763,2.30723089602649
"USP40",-0.578063241106719,-1.28263705303556
"USP42",-0.294044980560603,-0.613673765151283
"USP43",-0.0375494071146245,0.345016813317676
"USP44",0.0949085632513012,-0.283550246855265
"USP45",-0.373517786561265,-0.27874509775698
"USP46",-0.442687747035573,-0.417952218975594
"USP46-DT",-0.00148257973391901,-0.362128004970386
"USP47",0.000988142292490119,0.0164449335882018
"USP48",0.00790513833992095,-0.35554470581985
"USP49",-0.117588932806324,-0.487088841451387
"USP5",0.503952569169961,0.901972774731756
"USP51",0.0395256916996047,0.386404817882908
"USP53",0.258893280632411,0.878925552699514
"USP54",0.300395256916996,0.595536252595191
"USP6",-0.138339920948617,-0.313616174905176
"USP6NL",-0.351865590183444,-0.955278282523311
"USP6NL-AS1",0.453287252611683,0.724427097109991
"USP7",0.349802371541502,0.686935926250485
"USP7-AS1",0.576086956521739,0.504581589447018
"USP8",-0.356313329385201,-0.345493126497976
"USP9X",-0.123517786561265,0.236445641684249
"USP9Y",-0.547430830039526,-0.89535056264101
"USPL1",-0.765810276679842,-1.49858843968977
"UST",-0.0978260869565217,-0.450528728815897
"UST-AS1",0.0563241106719368,-0.543779996421115
"UTF1",0.0681818181818182,0.0203525107222979
"UTP11",-0.557312252964427,-1.03994293271868
"UTP14A",-0.566205533596838,-1.02477444619729
"UTP14C",-0.636026705851254,-0.691517709851665
"UTP15",-0.677865612648221,-1.48174520165047
"UTP18",-0.732213438735178,-1.65550696934428
"UTP20",0.309288537549407,0.339807716828893
"UTP23",0.541501976284585,1.86626834147488
"UTP25",-0.255928853754941,0.0891110638161872
"UTP3",-0.135375494071146,-0.17416641721092
"UTP4",-0.208498023715415,-0.140403731121258
"UTP6",-0.650197628458498,-1.95698887855707
"UTRN",-0.0770941461637883,0.179298210439179
"UTS2",0.561264822134387,0.763650038702055
"UTS2B",0.165183067945531,-0.485211975149091
"UTS2R",0.912774922849468,1.99713518724882
"UTY",-0.144834422044954,-0.191835908703805
"UVRAG",-0.707509881422925,-1.11368468888061
"UVRAG-DT",0.5,0.445422172820132
"UVSSA",0.571146245059289,1.82041885506714
"UXS1",-0.754940711462451,-2.27520350323216
"UXT",-0.379446640316206,-0.480143935860081
"VAC14",0.595997053035441,0.958022655629692
"VAC14-AS1",0.125525084138476,0.194362847529423
"VAMP1",0.284584980237154,0.257268215713404
"VAMP2",-0.717391304347826,-2.19202810523733
"VAMP3",-0.402173913043478,-0.884026453740324
"VAMP4",-0.623517786561265,-1.67396593666142
"VAMP5",0.127470355731225,0.194468220922815
"VAMP7",-0.658102766798419,-1.02489096734008
"VAMP8",-0.14875216663654,-0.111217726329945
"VANGL1",0.442687747035573,0.628163445624668
"VANGL2",-0.250555975032312,-1.02172479037885
"VAPA",-0.437361021506107,-0.498580068468326
"VAPB",-0.850790513833992,-3.07377062896201
"VARS1",-0.0989120167338509,-1.04410029225483
"VARS2",0.327075098814229,0.19186990537885
"VASH1",0.00197628458498024,-0.247202855834987
"VASH1-AS1",-0.274703557312253,-1.03990142665187
"VASH2",-0.489130434782609,-0.857131747230807
"VASN",0.507905138339921,0.61327655391165
"VASP",0.368577075098814,0.27343031701148
"VAT1",-0.0296442687747036,-0.0979915004070565
"VAT1L",-0.535573122529644,-0.526827603380408
"VAV1",0.185770750988142,0.180142648684774
"VAV2",-0.175889328063241,-0.309045076176472
"VAV3",-0.38794169704214,-0.334341239400021
"VAX2",0.0108695652173913,0.201797718981816
"VBP1",-0.671936758893281,-1.11077717280736
"VCAM1",-0.585124801653368,-0.919225298109152
"VCAN",0.00592885375494071,-0.0367998227938456
"VCF1",-0.469367588932806,-0.860469176333075
"VCF2",-0.323122529644269,-0.347113522176764
"VCL",-0.0938735177865613,-0.328745884658239
"VCP",0.528656126482213,1.56543518631119
"VCPIP1",-0.621541501976285,-1.45865144947169
"VCPKMT",-0.602421565215756,-0.831175891678607
"VCX2",0.215415019762846,0.00157671004324887
"VCY",0.499505684505947,0.657857889429325
"VDAC1",-0.791501976284585,-1.96667626356597
"VDAC2",-0.736842127757746,-1.68009272722125
"VDAC3",0.204545454545455,0.657315579101364
"VDR",0.289525691699605,-0.0999797914095656
"VEGFA",0.268774703557312,0.637146150608724
"VEGFB",-0.0326086956521739,0.0659084949700616
"VEGFC",0.484189723320158,0.564313418602258
"VEGFD",-0.183794466403162,-0.484617622253589
"VENTX",0.361028861078556,0.448218015236344
"VENTXP1",0.657114624505929,1.49350040343591
"VEPH1",0.465875598816438,0.811374802547859
"VEZF1",-0.16798418972332,-0.107773226163685
"VEZT",-0.58102766798419,-0.947503493646795
"VGF",0.365974461915248,0.248863187752787
"VGLL1",0.609683794466403,1.44288264391973
"VGLL2",0.368043813481296,0.76493825825833
"VGLL3",0.16501976284585,0.26254763174174
"VGLL4",-0.466403162055336,-1.38106037915788
"VHL",0.447628458498024,0.501709119912529
"VIL1",0.640316205533597,0.725553006767859
"VILL",-0.310276679841897,-0.85678920915139
"VIM",-0.289525691699605,0.0731472874019979
"VIP",-0.109683794466403,0.362933911046738
"VIPAS39",-0.779644268774704,-2.35356211215805
"VIPR1",0.054401609203618,-0.0583973147707941
"VIPR2",0.206572776259382,0.00679703896309094
"VIRMA",-0.707220919647034,-1.98835425404132
"VIT",0.321146245059289,0.303726502940255
"VKORC1",-0.619565217391304,-1.24134561121436
"VKORC1L1",-0.519762845849802,-0.581475894299503
"VLDLR",-0.648221343873518,-1.025952832208
"VLDLR-AS1",-0.00494193244639669,0.318515244250637
"VMA21",-0.738142292490119,-1.92125318490495
"VMO1",0.283596837944664,0.333490071758894
"VMP1",-0.761622528850652,-1.16134238895923
"VN1R1",0.394958031446821,-0.245727556127545
"VN1R108P",0.179297231334229,-0.265620713502003
"VN1R10P",0.405539268608789,-0.104216912496811
"VN1R2",0.623145705423261,0.627717513158754
"VN1R3",-0.102792194885051,-0.755062970533228
"VN1R4",0.113451003275341,-0.130226644139717
"VN1R5",0.403162055335968,0.277403177339997
"VNN1",0.36116061741364,0.315207843066997
"VNN2",0.227272727272727,0.120169665039079
"VNN3P",0.358695652173913,0.500970024328936
"VOPP1",-0.768964688659325,-0.825902642683344
"VPREB1",0.115727059578606,-0.384765856646587
"VPREB3",0.460474308300395,0.834660817383277
"VPS11",-0.357707509881423,-1.02376675052247
"VPS13A",-0.545454545454545,-1.19453950870911
"VPS13A-AS1",0.701581027667984,0.91761293494062
"VPS13B",-0.371541501976285,-0.431544601510807
"VPS13B-DT",0.373517786561265,0.659885366028221
"VPS13C",0.114624505928854,1.05436082113783
"VPS13C-DT",0.091897233201581,-0.0504939159186808
"VPS13D",-0.355324942895922,-0.352214170218546
"VPS16",-0.720355731225296,-2.4092623561091
"VPS18",-0.810276679841897,-1.81251767709735
"VPS25",-0.75296442687747,-1.81382225176075
"VPS26A",-0.764822134387352,-1.37974671897873
"VPS26B",-0.758279875143209,-3.20320241411467
"VPS26C",-0.375494071146245,-0.094954494786342
"VPS28",-0.83102766798419,-1.64715977822259
"VPS29",-0.804347826086957,-1.79855037013253
"VPS33A",-0.535114010530134,-1.11318025097075
"VPS33B",-0.382411067193676,-1.01297857171844
"VPS35",-0.641304347826087,-1.10869894855622
"VPS35L",-0.755928853754941,-2.4319080878058
"VPS36",-0.712450592885375,-1.6326865554782
"VPS37A",-0.677865612648221,-0.765926461022713
"VPS37B",-0.33695652173913,-0.825131297079908
"VPS37C",0.314229249011858,0.611329686614847
"VPS37D",0.516798418972332,1.01020456300628
"VPS39",-0.857707509881423,-3.10109562826708
"VPS41",-0.776679841897233,-2.06628383215185
"VPS45",-0.810276679841897,-1.70311701877897
"VPS4A",0.0702275318810342,0.2135389781563
"VPS4B",-0.225296442687747,-0.00808297921875113
"VPS50",-0.829051383399209,-2.27376526462037
"VPS51",-0.775691699604743,-2.10803819265935
"VPS52",0.325098814229249,0.606920191902669
"VPS53",-0.342885375494071,-0.93556308948329
"VPS54",-0.146245059288538,-0.0930546164071946
"VPS72",-0.562252964426877,-0.529278209872037
"VPS8",-0.706521739130435,-1.74639831750389
"VPS9D1",0.3587842956084,0.410848479179647
"VPS9D1-AS1",0.819169960474308,1.78198732323661
"VRK1",-0.567193675889328,-0.570361625914181
"VRK2",-0.656126482213439,-1.40506941236802
"VRK3",0.700592885375494,1.56681017155303
"VRTN",0.356807522629841,0.12228634437381
"VSIG1",-0.429278152624913,-0.366613274108222
"VSIG10",0.700592885375494,1.96499722855597
"VSIG10L",-0.148257973391901,-0.218644718355388
"VSIG10L2",0.780632411067194,1.77032814803566
"VSIG2",0.449604743083004,0.228526415637377
"VSIG4",0.320158102766798,0.666056869374829
"VSIR",-0.536561264822134,-1.25626327072349
"VSNL1",-0.707509881422925,-1.11833473962922
"VSTM1",0.441699604743083,1.04905281836252
"VSTM2A",-0.391304347826087,-0.39965598883351
"VSTM2A-OT1",-0.474308300395257,-0.626003354045725
"VSTM2B-DT",0.439723320158103,0.490595513818314
"VSTM2L",0.188735177865613,-0.175058920896537
"VSTM4",-0.321146245059289,-0.808501012955081
"VSX1",0.340499145556732,0.803748587614736
"VTA1",-0.775691699604743,-1.96524171434529
"VTCN1",0.50569743975759,0.643562921190916
"VTI1A",0.360039740911217,-0.0128018444726041
"VTI1B",-0.783596837944664,-1.65418243580952
"VTN",-0.108469871995017,-0.328203153870814
"VWA1",0.507905138339921,1.44152442469086
"VWA3A",0.813241106719368,1.83713062040454
"VWA3B",0.359683794466403,0.459693576810921
"VWA5A",-0.399209486166008,-0.708576036396633
"VWA5B1",0.857425279449825,2.02053768260527
"VWA5B2",0.727272727272727,1.51585255929102
"VWA7",-0.161106997752532,-0.21573181230484
"VWA8",-0.762045983234369,-1.37981896382088
"VWA8-AS1",-0.0959446562318354,-0.591220232035191
"VWC2",-0.378458498023715,-0.992692233809513
"VWCE",0.458951757645068,0.152110664902013
"VWDE",-0.631735124141474,-1.26093634822187
"VWF",-0.223320158102767,0.00597665194432828
"VXN",-0.25296442687747,-0.507965687254004
"WAC",-0.463438735177866,-0.399578530832255
"WAC-AS1",-0.544466403162055,-1.37831073404383
"WAKMAR2",0.0968379446640316,-0.46487460638146
"WAPL",0.180830039525692,-0.0212479724326147
"WARS1",-0.734189723320158,-2.09520618957486
"WARS2",0.10378058137433,0.182736549536014
"WARS2-AS1",-0.226284584980237,-0.884338471490302
"WAS",0.740118577075099,1.44846587103174
"WASF1",-0.280632411067194,-0.306415626227433
"WASF2",0.182806324110672,0.359699233043602
"WASF3",-0.624505928853755,-1.25877499615189
"WASH2P",0.0810276679841897,-0.552530192682286
"WASH3P",0.422924901185771,0.479623847083205
"WASHC1",0.675889328063241,2.37251259145167
"WASHC2A",-0.509881422924901,-0.925036746052828
"WASHC2C",-0.243143076362717,-0.383072370613897
"WASHC3",-0.786561264822134,-2.0393402712143
"WASHC4",0.686758893280632,1.99988447612105
"WASHC5",-0.821146245059289,-1.8218462292267
"WASIR2",-0.0815418853655454,-0.172270651192593
"WASL",-0.602766798418972,-1.1744603466561
"WBP1",0.501483924840624,0.292716563652904
"WBP11",-0.533596837944664,-0.647346083102847
"WBP1L",-0.338932806324111,-0.340114785390557
"WBP2",-0.67160861946531,-1.70169604193003
"WBP2NL",-0.0701581027667984,-0.0207271947003388
"WBP4",-0.66897233201581,-1.28276454217055
"WDCP",-0.346837944664032,-1.01998154843388
"WDFY1",-0.775691699604743,-2.56440557339169
"WDFY2",0.269829511573259,0.365310980369801
"WDFY3",-0.781620553359684,-1.72195163763331
"WDFY3-AS2",-0.114652832756403,0.16212910627574
"WDFY4",0.618577075098814,0.963940304649489
"WDHD1",-0.1195947652028,-0.483896512530347
"WDPCP",0.627470355731225,1.30798449506336
"WDR1",-0.621541501976285,-1.38206180845004
"WDR11",0.568181818181818,1.45723016893063
"WDR11-DT",0.662055335968379,1.28254316026416
"WDR12",-0.544466403162055,-0.88231807583482
"WDR13",-0.102766798418972,-0.626081216349616
"WDR17",-0.364624505928854,-0.0401739638970365
"WDR18",0.180874727538119,0.446695906356088
"WDR19",-0.769762845849802,-1.9502371917261
"WDR20",-0.552918173542227,-0.970387729710437
"WDR24",-0.0256916996047431,0.098490552869143
"WDR25",-0.422924901185771,-0.0762116861151663
"WDR26",-0.728260869565217,-1.58186492366478
"WDR27",-0.00988142292490119,0.57153855222169
"WDR3",-0.706521739130435,-1.71244690171465
"WDR31",0.501606143309264,0.78328578383604
"WDR33",-0.686758893280632,-1.35728948474447
"WDR35",-0.599456405747918,-1.63530696308848
"WDR35-DT",0.242708877897859,0.00370166443500456
"WDR36",-0.775691699604743,-2.24927196646438
"WDR37",-0.762845849802372,-1.74251316920906
"WDR38",0.604743083003953,1.31870034181258
"WDR4",-0.380434782608696,-0.729163204871587
"WDR41",-0.156126482213439,-0.0666126972673002
"WDR43",-0.609834463885351,-2.01976409756856
"WDR44",-0.610671936758893,-1.03849383971093
"WDR45",-0.504940711462451,-0.871793775211905
"WDR45B",-0.733201581027668,-1.23530096963547
"WDR46",-0.794662737380587,-1.89214722849487
"WDR47",-0.66304347826087,-0.859936771047594
"WDR48",-0.0978260869565217,0.218465862969303
"WDR49",-0.00395354595711735,0.00334817070859376
"WDR5",-0.676056358667067,-1.89545357916091
"WDR53",-0.428465543102593,-1.56393871480208
"WDR54",-0.788537549407115,-1.83003154380416
"WDR55",0.687747035573123,1.15936209932132
"WDR59",-0.570158102766798,-0.58950617630963
"WDR5B",0.501483924840624,0.973377881422618
"WDR6",-0.275691699604743,-1.07861783362409
"WDR62",0.345849802371542,0.0963093953584394
"WDR64",0.155176678816856,-0.464392677585572
"WDR7",-0.75197628458498,-1.95079087948036
"WDR70",-0.802371541501976,-4.41435012382193
"WDR72",0.519397100116292,1.05882887281784
"WDR73",-0.230294052002086,-0.176771403349833
"WDR74",0.0850643343911118,0.132808490511661
"WDR75",-0.608695652173913,-1.21836750386053
"WDR76",-0.191252785675552,-0.796597281680334
"WDR77",-0.479249011857708,-1.43497216542517
"WDR81",0.379446640316206,0.603454230114506
"WDR82",-0.0489251312193272,0.190729094644673
"WDR83",-0.129446640316206,-0.962935714841163
"WDR83OS",-0.762845849802372,-1.81078405024694
"WDR86",0.536561264822134,0.817883910923883
"WDR86-AS1",0.137351778656126,0.167698864527831
"WDR87",0.555335968379447,0.707632628018938
"WDR87BP",0.577075098814229,1.45439603400496
"WDR88",0.433879487980067,0.663926278031271
"WDR89",-0.560276679841897,-2.01272003652652
"WDR90",-0.16501976284585,-0.0326200927149993
"WDR91",-0.207509881422925,-0.209927081718891
"WDR93",0.753150504830855,1.33863001525286
"WDR97",0.306399811676595,-0.0437338226558289
"WDSUB1",-0.516798418972332,-0.349517472337706
"WDTC1",0.876482213438735,2.01264944910664
"WEE1",0.443785533686423,-0.00478317535040632
"WEE2-AS1",-0.0202619230302264,-0.33307661826484
"WFDC1",-0.535573122529644,-1.79808654034588
"WFDC10A",0.641304347826087,1.02346799439047
"WFDC10B",0.551025467773231,1.00261998460673
"WFDC11",0.301952072474838,0.185771408380892
"WFDC12",0.776679841897233,1.54538299335961
"WFDC13",0.316283676569388,-0.141924165302231
"WFDC2",0.537092250864811,0.81686272694031
"WFDC21P",0.557312252964427,0.840629775005488
"WFDC3",0.0592885375494071,-0.63761877561728
"WFDC5",0.439169354298298,0.599935315741852
"WFDC6",0.562252964426877,1.02391911926769
"WFDC8",-0.0395256916996047,-0.559083623900388
"WFDC9",0.274771444019656,0.203887428599242
"WFIKKN1",0.797430830039526,2.36990888616773
"WFIKKN2",0.0306627251874938,-0.443191984613728
"WFS1",-0.292490118577075,-0.363295826659371
"WHAMM",-0.240118577075099,-0.193063218149496
"WHAMMP2",0.782608695652174,1.59413242050284
"WHAMMP3",0.0583148028674809,0.498402925288523
"WHRN",0.855448506471267,2.71985380702971
"WIF1",0.0760869565217391,0.287320870107153
"WIPF1",-0.62614284095846,-1.1238173382937
"WIPF2",-0.20573699480641,-0.63568389967885
"WIPF3",-0.0385375494071146,0.0306764665482506
"WIPI1",-0.160079051383399,-0.247082032146195
"WIPI2",-0.391304347826087,-0.284667320161471
"WIZ",0.656126482213439,2.10283607792407
"WLS",-0.405138339920949,-0.858793862868626
"WNK1",-0.606719367588933,-1.00789684392673
"WNK2",-0.106719367588933,0.0606925250535788
"WNK3",-0.688735177865613,-1.5919675943383
"WNK4",0.251544361521591,0.0464676487279378
"WNT1",0.679841897233202,1.31421645117232
"WNT10A",0.495675824373588,0.49538309423293
"WNT10B",-0.033596837944664,-0.754020342439101
"WNT11",0.66600790513834,0.465889167236751
"WNT16",0.185816659984515,0.398772917847499
"WNT2",-0.293478260869565,-0.425491034062332
"WNT2B",0.186310853229155,0.785611534873964
"WNT3",0.0424901185770751,0.264416720399498
"WNT4",0.274703557312253,-0.000391327315112884
"WNT5A",-0.437747035573123,-0.490064142860428
"WNT5B",0.282888367858814,0.628164973148305
"WNT6",0.546442687747036,1.31950338066224
"WNT7A",0.382999764595743,-0.013490147023161
"WNT7B",0.3300395256917,-0.0428731438206365
"WNT8A",0.346923657737048,0.173873187541409
"WNT8B",-0.0177865612648221,-0.4610624312774
"WNT9A",0.255193003173335,-0.116134875625448
"WNT9B",0.519762845849802,1.02468503166655
"WRAP53",0.375494071146245,0.180325518247287
"WRAP73",-0.440711462450593,-0.514813486932518
"WRN",-0.155138339920949,-0.0857712920763688
"WRNIP1",-0.807312252964427,-1.81956190208274
"WSB1",-0.0108695652173913,0.126944417061043
"WSB2",-0.516798418972332,-1.40616168218087
"WSCD1",-0.0849802371541502,-0.0316492982992801
"WSCD2",-0.0800395256916996,-0.284378626903582
"WT1",0.0494071146245059,-1.05404235777681
"WT1-AS",0.474919708098722,1.01218040017164
"WTAP",-0.618577075098814,-1.93848734479582
"WTIP",0.587944664031621,0.896273587582133
"WWC1",-0.431818181818182,-1.34222194834465
"WWC2",0.303359683794466,1.19116818762134
"WWC2-AS2",0.121571538181359,-0.106520220706392
"WWC3",0.512110789210146,1.4061371401813
"WWOX",-0.231225296442688,-0.449587785342711
"WWP1",-0.536561264822134,-0.222081078957769
"WWP1-AS1",-0.00790513833992095,-0.182073484239679
"WWP2",-0.294466403162055,-0.468824034276514
"WWTR1",0.0316205533596838,0.371208998199825
"WWTR1-AS1",0.505928853754941,0.811628763313747
"XAB2",0.646884589439385,0.917850998859406
"XAF1",0.536561264822134,1.06141133498992
"XAGE-4",0.594861660079051,0.750874783873105
"XAGE1B",0.294466403162055,0.213964726907909
"XAGE2",0.629446640316205,0.69925518466382
"XAGE3",-0.0247280041834627,-0.518036036980764
"XBP1",0.697628458498024,1.23836820058559
"XCL1",0.509513235223499,1.13747365237636
"XCL2",0.425500383634755,0.845830946109112
"XCR1",0.16699604743083,-0.412791892573625
"XDH",0.720355731225296,1.55408600492652
"XG",0.606719367588933,0.684185952615408
"XGY2",0.320474934217677,0.463066712100189
"XIAP",-0.0859683794466403,0.572632870203305
"XIRP1",0.529644268774703,0.893246565895373
"XIRP2",-0.348170298903155,-0.939711775414796
"XIST",0.279644268774704,0.381029588940275
"XK",-0.715133880985742,-1.17752314622076
"XKR4",0.0128458498023715,0.451574020196934
"XKR6",0.0909315570136991,0.607087361935724
"XKR7",0.660079051383399,1.37212669585291
"XKR8",0.0291574014337405,-0.0692438659915238
"XKRX",0.33102766798419,-0.0420134499228298
"XKRY",0.180830039525692,-0.0185782568554074
"XNDC1N",0.33300395256917,-0.135436540435142
"XPA",-0.549407114624506,-0.711865077751503
"XPC",-0.435770750988142,-0.857038632184803
"XPNPEP1",-0.286561264822134,-0.644046998564131
"XPNPEP2",0.395848788956375,0.431057561230622
"XPNPEP3",-0.305335968379447,-0.048451575410454
"XPO1",-0.660079051383399,-1.13375423631573
"XPO4",-0.734189723320158,-2.38275495898142
"XPO5",-0.511984201446697,-1.53297267982013
"XPO6",-0.449604743083004,-1.55142298049287
"XPO7",-0.66501976284585,-1.17188695332195
"XPOT",-0.734189723320158,-1.40729544410121
"XPR1",-0.708498023715415,-1.09356261264911
"XRCC1",-0.460474308300395,-1.27774907988822
"XRCC2",0.727272727272727,2.01250875053436
"XRCC3",0.481225296442688,0.833711003354386
"XRCC4",-0.189723320158103,-0.57199722974531
"XRCC5",-0.801383399209486,-1.83851379508838
"XRCC6",-0.829051383399209,-1.90050736432996
"XRN1",-0.360671936758893,-0.444652466045894
"XRN2",-0.825302718548247,-1.83636658304566
"XRRA1",0.00395354595711735,-0.216381763540261
"XXYLT1",0.631422924901186,2.54820025198866
"XYLB",-0.197628458498024,-0.454108726617975
"XYLT1",0.353754940711462,0.333266594714174
"XYLT2",0.016798418972332,-0.660367538239421
"YAE1",-0.475296442687747,-0.612109349369281
"YAE1-DT",-0.388930083531419,-1.02332776238705
"YAF2",-0.181818181818182,-0.432473431065267
"YAP1",-0.161067193675889,-0.0316960506762183
"YARS1",-0.568181818181818,-0.719757290853903
"YARS2",-0.647233201581028,-1.07931758773235
"YBEY",0.531620553359684,1.05764586251156
"YBX1",-0.465415019762846,-0.983113471966443
"YBX2",0.58201581027668,0.708661305377855
"YBX3",0.286137888646368,0.974314910065661
"YDJC",0.113636363636364,0.236485900134523
"YEATS2",-0.895256916996047,-1.33404879127984
"YEATS4",-0.558300395256917,-0.82555128700741
"YES1",0.0266798418972332,0.244714353598638
"YIF1A",-0.474308300395257,-0.774391787759567
"YIF1B",-0.375494071146245,-0.516196213882163
"YIPF1",-0.712450592885375,-1.59978260631243
"YIPF2",0.714426877470356,1.58505174341511
"YIPF3",-0.4199604743083,-0.24387440114985
"YIPF4",0.160079051383399,0.420097367419568
"YIPF5",-0.763833992094862,-1.07353275831858
"YIPF6",-0.110671936758893,0.267742703281175
"YJEFN3",-0.605731225296443,-1.40197944440374
"YJU2",0.0434782608695652,0.220094210545636
"YJU2B",0.365208807788715,0.794406255448147
"YKT6",-0.412055335968379,-1.44868661903768
"YLPM1",-0.845849802371541,-2.37484128241406
"YME1L1",-0.49901185770751,-0.218671028659521
"YOD1",-0.389713345931373,-0.0995888590855425
"YPEL1",-0.25197628458498,-0.338342496413437
"YPEL2",-0.528656126482213,-1.03864078354459
"YPEL3",-0.471343873517787,-0.384679283101932
"YPEL3-DT",0.29849271976236,0.401062283623098
"YPEL4",-0.784778872487794,-1.69540259079505
"YPEL5",-0.75,-1.68707379396455
"YRDC",-0.237154150197628,0.101614406978054
"YTHDC1",-0.799407114624506,-1.50722242202127
"YTHDC2",-0.600790513833992,-0.656087406495294
"YTHDF1",-0.621541501976285,-3.04477588560129
"YTHDF2",-0.74901185770751,-1.05493478401284
"YTHDF3",-0.141833461211585,0.674451663548079
"YTHDF3-DT",-0.336051406354975,-0.882874157643995
"YWHAB",-0.300395256916996,-0.205341637246286
"YWHAE",-0.441699604743083,-0.928022189435552
"YWHAEP7",0.451581027667984,-0.0490030842441643
"YWHAG",-0.591897233201581,-0.96352380967662
"YWHAH",-0.815217391304348,-2.76593641555745
"YWHAH-AS1",0.599803721397102,0.79434292269013
"YWHAQ",-0.66699604743083,-0.937985541602246
"YWHAZ",-0.674901185770751,-1.28130512881581
"YY1",-0.275691699604743,-0.414799781458395
"YY1AP1",-0.607857690906793,-0.804875411781153
"ZACN",0.0513960974425256,-0.176901083134668
"ZAN",0.355324942895922,0.629221494507327
"ZAP70",0.633399209486166,1.30210816495974
"ZAR1",-0.00593031893567602,-0.294167058368331
"ZBBX",-0.58695652173913,-1.357013890988
"ZBED1",-0.639328063241107,-1.87452632377376
"ZBED10P",0.284300029795158,0.723902035849201
"ZBED2",0.264822134387352,-0.0426603315049599
"ZBED3",-0.0721343873517787,-0.0284468232284846
"ZBED3-AS1",0.099802371541502,0.132954799463726
"ZBED4",-0.180830039525692,-0.68582188191521
"ZBED5",-0.895256916996047,-2.66239982379705
"ZBED5-AS1",-0.287549407114625,-0.503455461254928
"ZBED6",0.618577075098814,1.49232970225076
"ZBP1",-0.376920422777205,-1.10400475452337
"ZBTB1",-0.692687747035573,-1.42099491076091
"ZBTB10",-0.33596837944664,-0.422846269272699
"ZBTB11",-0.727272727272727,-1.26708587206495
"ZBTB11-AS1",-0.0721343873517787,-0.236313365041226
"ZBTB12",0.512845849802371,1.01650202309949
"ZBTB14",-0.534584980237154,-1.04803623332325
"ZBTB16",0.0642451218031569,0.152746496014762
"ZBTB17",-0.421936758893281,-0.794789115340234
"ZBTB18",-0.131422924901186,-0.0268620235662248
"ZBTB2",-0.445652173913043,-0.713457190367873
"ZBTB20",0.481225296442688,0.844960122383459
"ZBTB20-AS1",0.0148368025100776,0.06812929725029
"ZBTB21",-0.172967635623884,0.243421831203181
"ZBTB22",-0.496538324003932,-1.57014972290819
"ZBTB24",-0.511490008202057,-1.21885674214595
"ZBTB25",0.0781018385088833,-0.0444614631928423
"ZBTB26",-0.303359683794466,-0.575347583044057
"ZBTB3",0.128458498023715,0.0555059729611643
"ZBTB32",0.476025762557308,0.454417552689332
"ZBTB33",-0.320158102766798,-0.655697986826617
"ZBTB34",-0.386363636363636,-0.386028213108821
"ZBTB37",-0.498146790596786,-0.746662043208836
"ZBTB38",-0.41403162055336,0.168025478507027
"ZBTB39",-0.0682492915463571,0.33363183728369
"ZBTB4",-0.367588932806324,-0.902043834153627
"ZBTB40",-0.194664031620553,-0.366908153952518
"ZBTB41",-0.261857707509881,0.0523993156170746
"ZBTB42",0.563241106719368,0.981922463559071
"ZBTB43",0.0652173913043478,0.790420881612332
"ZBTB44",-0.483201581027668,-0.125807592234373
"ZBTB44-DT",0.619615570163315,0.904967048960708
"ZBTB45",0.255497907478709,0.373723270448005
"ZBTB46",0.395256916996047,0.845794110026202
"ZBTB46-AS1",0.415122325497322,1.0472100202216
"ZBTB47",0.475296442687747,0.617713144359387
"ZBTB47-AS1",0.422924901185771,0.762296250609437
"ZBTB48",-0.259881422924901,-0.816406274568753
"ZBTB49",-0.129446640316206,0.258863325268954
"ZBTB5",-0.279644268774704,0.0795478524575977
"ZBTB6",-0.349802371541502,-1.64296758663442
"ZBTB7A",0.818181818181818,4.13275269309142
"ZBTB7B",0.281195956199972,0.206673533732664
"ZBTB7C",0.401779107892051,0.396553749379147
"ZBTB7C-AS2",0.479861640545118,1.02742534422808
"ZBTB8A",-0.610671936758893,-1.02028674550519
"ZBTB8B",0.00494071146245059,-0.366458898258876
"ZBTB8OS",-0.59649124628008,-0.897472507221942
"ZC2HC1A",0.303928845453396,1.17195258827505
"ZC2HC1B",0.496047430830039,0.839899098727872
"ZC2HC1C",0.625278736882202,1.17062173552674
"ZC3H10",0.33695652173913,0.261062367049929
"ZC3H11A",-0.712450592885375,-1.24932276632594
"ZC3H12A",0.212008901950418,-0.0526439044682998
"ZC3H12B",-0.275691699604743,-0.0364927859666075
"ZC3H12C",-0.227272727272727,-0.375447980367824
"ZC3H12D",0.237212757427041,0.752884250724656
"ZC3H13",-0.682806324110672,-0.962246560518981
"ZC3H14",-0.692687747035573,-1.65636780081428
"ZC3H15",-0.722332015810277,-1.38643437197689
"ZC3H18",0.338932806324111,1.28834143422246
"ZC3H3",0.714109238504322,1.8201363614533
"ZC3H4",-0.56379849538295,-1.48855783451309
"ZC3H6",-0.229305665512806,-0.0609385866323326
"ZC3H7A",-0.727272727272727,-1.18455661252554
"ZC3H7B",0.757905138339921,1.70111197188059
"ZC3H8",0.309859164389072,0.596380784476057
"ZC3HAV1",-0.136397335520549,0.235034633483863
"ZC3HAV1L",0.0900099352278044,0.590843730979673
"ZC3HC1",-0.49703557312253,-1.10278278935696
"ZC4H2",-0.688735177865613,-1.56108935035993
"ZCCHC10",-0.372529644268775,-0.339834954804927
"ZCCHC12",-0.560276679841897,-1.1077644497342
"ZCCHC13",0.43818023413096,1.08793221980404
"ZCCHC14",-0.453175205334576,-0.452001294909972
"ZCCHC17",-0.769762845849802,-2.48573379233661
"ZCCHC18",-0.00296442687747036,0.355850549260206
"ZCCHC2",0.409090909090909,0.976247449031708
"ZCCHC24",-0.0128458498023715,0.0751578149443503
"ZCCHC3",-0.569169960474308,-0.931897635729912
"ZCCHC4",-0.0573689697056335,-0.769499590750118
"ZCCHC7",-0.439723320158103,-0.892924390403313
"ZCCHC8",0.235410599826565,0.503526807408838
"ZCCHC9",-0.607707509881423,-1.21804451535716
"ZCRB1",-0.0266798418972332,0.332859345932825
"ZCWPW1",-0.0840128515887437,-0.408997467984171
"ZCWPW2",0.469367588932806,0.652999400052133
"ZDBF2",-0.791501976284585,-2.03515931140485
"ZDHHC1",0.135375494071146,-0.203879943080262
"ZDHHC11",-0.263833992094862,-0.384184945789269
"ZDHHC12",0.707509881422925,1.0946544371195
"ZDHHC12-DT",0.00197726173440211,-0.641332373646757
"ZDHHC13",-0.703557312252964,-0.956080673508588
"ZDHHC14",0.0731225296442688,-0.291854979230664
"ZDHHC15",-0.560553701702998,-1.14292119211534
"ZDHHC16",-0.423913043478261,-1.47230574669574
"ZDHHC17",-0.879446640316205,-2.0748514886868
"ZDHHC18",0.466403162055336,0.394845573470214
"ZDHHC19",0.341259094998021,-0.215114176353141
"ZDHHC2",-0.174901185770751,0.0461453782382866
"ZDHHC20",-0.592482980235767,-0.848602356980258
"ZDHHC21",-0.448616600790514,-0.613896018324027
"ZDHHC22",-0.371541501976285,-1.37196586256351
"ZDHHC23",-0.75,-1.61881923095192
"ZDHHC24",-0.180380534293479,-0.275362191531425
"ZDHHC3",-0.709486166007905,-1.69584451982366
"ZDHHC4",-0.766493722436126,-1.78357688215115
"ZDHHC5",0.400790721402771,0.896626218995979
"ZDHHC6",-0.795454545454546,-1.63938253770413
"ZDHHC7",-0.785573122529644,-3.29822919492092
"ZDHHC8",0.745059288537549,1.20453595432367
"ZDHHC8BP",0.528656126482213,1.67494323846804
"ZDHHC9",0.273715415019763,0.808271835738461
"ZEB1",-0.128458498023715,0.329153216760406
"ZEB1-AS1",-0.251544361521591,-0.195598514418445
"ZEB2",-0.277667984189723,-0.230044149003282
"ZER1",-0.16699604743083,-0.722723225847595
"ZFAND1",-0.691699604743083,-1.30672956439824
"ZFAND2A",-0.725296442687747,-2.67240714988458
"ZFAND2A-DT",0.328063241106719,0.65155672942953
"ZFAND2B",-0.467391304347826,-0.973624202024049
"ZFAND3",-0.138682941363492,-0.410562993848828
"ZFAND4",0.384976537574302,0.855186426824635
"ZFAND5",-0.841897233201581,-1.78121399440107
"ZFAND6",-0.499135177086065,-1.05272432596208
"ZFAS1",-0.319169960474308,-1.03880467669627
"ZFAT",0.64096863829765,0.73679081402401
"ZFC3H1",-0.877470355731225,-3.45868079659943
"ZFHX2",0.714426877470356,1.04457167635048
"ZFHX3",0.102766798418972,0.414899201224435
"ZFHX4",-0.0633036907096646,0.169299936023251
"ZFHX4-AS1",0.364624505928854,0.991285634894043
"ZFP1",-0.561264822134387,-0.839266898066818
"ZFP14",0.310276679841897,1.1580543406244
"ZFP2",0.0632411067193676,-0.218906727689952
"ZFP28",-0.611660079051383,-0.969203559230282
"ZFP28-DT",0.0914257502583387,-0.229713423207501
"ZFP3",0.0968379446640316,0.370030519381854
"ZFP30",-0.145400664598761,-0.182624567303359
"ZFP36",0.374505928853755,0.620403041660349
"ZFP36L1",0.143280632411067,0.782992311791921
"ZFP36L2",-0.216403162055336,0.0589268847630361
"ZFP37",-0.292068207582044,-0.613552579052006
"ZFP41",0.0513833992094862,0.105763342233481
"ZFP42",-0.0553359683794466,-0.839216767639376
"ZFP57",0.652819310443416,0.532567805285458
"ZFP62",-0.678853754940711,-1.13755692770174
"ZFP64",0.150197628458498,0.810767519831638
"ZFP69",0.61131704361927,1.59487420878106
"ZFP69B",0.281620553359684,0.19878346855605
"ZFP82",-0.191699604743083,-0.308486276278199
"ZFP90",-0.810276679841897,-2.43972884412773
"ZFP91",-0.776679841897233,-1.50731929532205
"ZFP92",0.726284584980237,1.77545278527001
"ZFPL1",0.326409655221708,0.283884939915305
"ZFPM1",0.648221343873518,0.910795738740586
"ZFPM2",-0.728981563328481,-1.45279770517621
"ZFR",-0.513960974425256,-0.227659299369769
"ZFR2",0.477272727272727,0.84187107454398
"ZFTA",-0.33399209486166,-0.639746250026649
"ZFTRAF1",-0.619565217391304,-1.45805916309409
"ZFX",-0.172473442379244,0.306739078460754
"ZFY",-0.27893188718946,-0.433030664722795
"ZFY-AS1",0.333086246887137,0.34886052778297
"ZFYVE1",-0.211514708705778,-0.731664146456508
"ZFYVE16",-0.66403162055336,-1.68641194102247
"ZFYVE19",0.266798418972332,0.0950862879970904
"ZFYVE21",-0.713438735177866,-2.42867683265111
"ZFYVE26",-0.287620468380287,-0.648056461189351
"ZFYVE27",-0.175889328063241,-0.846679675186869
"ZFYVE28",-0.156126482213439,-0.566158499534511
"ZFYVE9",-0.275265637264295,-0.467524637848533
"ZG16",0.241106719367589,0.202319229513377
"ZG16B",0.478873254055839,0.749156032731653
"ZGLP1",0.58596837944664,0.89674632219216
"ZGPAT",-0.414133939008042,-0.787598482196978
"ZGRF1",0.693373237304295,0.97491468798201
"ZHX1",-0.266798418972332,0.525981929368617
"ZHX1-C8orf76",0.132937982808071,0.219159140713182
"ZHX2",0.591897233201581,1.25124574433733
"ZHX3",-0.20904374248258,-0.352747055671879
"ZIC1",0.184782608695652,0.713304030266528
"ZIC2",0.00790513833992095,0.236955466604857
"ZIC3",-0.0128458498023715,-0.213688689513208
"ZIC4",0.234741791203843,0.442561991916191
"ZIC5",0.534424620468599,0.599994308245668
"ZIK1",-0.280832956261071,-0.479127680003748
"ZIM2",0.231225296442688,0.768234950922627
"ZIM3",-0.16176119221557,-1.03168572835069
"ZKSCAN1",-0.815217391304348,-1.80011017949175
"ZKSCAN2",-0.817193675889328,-1.91606059341259
"ZKSCAN3",0.13392636929735,-0.106219450211972
"ZKSCAN4",-0.407114624505929,-0.934530418523395
"ZKSCAN5",-0.633061546383416,-1.93249415054575
"ZKSCAN7",-0.506916996047431,-0.72536001878519
"ZKSCAN8",-0.782608695652174,-2.12494708234936
"ZMAT1",-0.625154454469181,-1.23799054064845
"ZMAT2",-0.681818181818182,-1.38953292490292
"ZMAT3",-0.702569169960474,-1.02559892669191
"ZMAT4",-0.313241106719368,-0.66905618453532
"ZMAT5",-0.325098814229249,-0.99865147654134
"ZMIZ1",-0.513833992094862,-0.906423380738365
"ZMIZ1-AS1",0.43729936978154,0.417252425744284
"ZMIZ2",0.775691699604743,1.65835468256567
"ZMPSTE24",-0.519762845849802,-0.877494836748793
"ZMYM1",-0.571287390803457,-0.786950741385468
"ZMYM2",-0.411067193675889,-0.979045817168958
"ZMYM3",0.518774703557312,1.61898648049727
"ZMYM4",-0.514822134387352,-0.772826211883791
"ZMYM5",0.755621471054054,2.4945165319813
"ZMYM6",-0.267786561264822,-0.13108176972381
"ZMYND10",0.221892766843211,0.290672345948143
"ZMYND11",-0.380434782608696,-0.273814892014734
"ZMYND12",-0.154150197628458,-0.295441233800056
"ZMYND15",0.604743083003953,1.25102087182187
"ZMYND19",-0.37311589970295,-1.37554865183327
"ZMYND8",0.0889328063241107,-0.330254446996556
"ZNF10",-0.758893280632411,-2.13787661739788
"ZNF100",-0.303359683794466,-0.444223900349771
"ZNF101",-0.290513833992095,-0.391141879094789
"ZNF106",-0.570158102766798,-1.15046876456117
"ZNF107",-0.43340747554899,-0.214417232512655
"ZNF112",-0.685770750988142,-0.662364166098543
"ZNF114",0.343873517786561,0.221716109311022
"ZNF117",0.146775393657982,0.712924835009308
"ZNF12",-0.715415019762846,-0.988162939209256
"ZNF121",-0.461462450592885,-1.02100708657036
"ZNF124",0.3300395256917,1.17783189469954
"ZNF131",0.523715415019763,1.96328552071851
"ZNF132",0.386363636363636,0.262887676281697
"ZNF133",-0.555335968379447,-1.19765773090581
"ZNF133-AS1",0.723720563337548,1.52612433154155
"ZNF134",-0.386363636363636,-0.696226619475488
"ZNF135",0.573122529644269,0.729929993343129
"ZNF136",-0.285573122529644,-0.533701203394121
"ZNF137P",0.0622529644268775,0.364972440384694
"ZNF138",-0.135375494071146,-0.0718508366072982
"ZNF14",-0.543478260869565,-0.713727010351819
"ZNF140",-0.627470355731225,-1.48751002392447
"ZNF141",0.259881422924901,0.224004108596083
"ZNF142",-0.16600790513834,-0.0555404960206403
"ZNF143",-0.600790513833992,-0.447408519992998
"ZNF146",-0.715415019762846,-1.26682634251825
"ZNF148",0.649209486166008,4.1248888815798
"ZNF154",0.115147026001043,-0.305764133823603
"ZNF155",0.464506909756636,0.510245281379159
"ZNF157",-0.367679774011914,-1.45642852991423
"ZNF16",-0.192687747035573,-0.346197067965965
"ZNF160",0.759881422924901,1.79822559680141
"ZNF165",-0.444389574806874,-0.908005340705828
"ZNF169",0.406126482213439,0.439241659472665
"ZNF17",-0.540153216391158,-0.853032580547733
"ZNF174",-0.208055355993301,-0.123616987941571
"ZNF175",0.462450592885375,1.01571757585076
"ZNF177",-0.506916996047431,-0.777894625143423
"ZNF18",-0.592885375494071,-1.69701990816676
"ZNF180",0.0464541649961289,0.421356441762189
"ZNF181",0.361749455076238,0.121638172263269
"ZNF182",-0.145256916996047,-0.316398512837424
"ZNF184",-0.281195956199972,-0.192425000672148
"ZNF185",0.133399209486166,0.383498040364607
"ZNF189",-0.466403162055336,-0.970141028750152
"ZNF19",0.268774703557312,0.134472410277337
"ZNF195",0.484189723320158,1.40840078610583
"ZNF197",0.0237447621600836,-0.123055604135466
"ZNF2",0.0879446640316206,0.0219807672880339
"ZNF20",-0.0484189723320158,-0.352177888837968
"ZNF200",-0.356719367588933,-0.671944725456514
"ZNF202",0.00444773920175702,-0.195352727476674
"ZNF204P",-0.819169960474308,-2.32148506971653
"ZNF205",0.383399209486166,0.409065751439453
"ZNF205-AS1",-0.129446640316206,-1.17156447449112
"ZNF207",-0.153162055335968,-0.167745359386139
"ZNF208",-0.520750988142292,-1.04077028297706
"ZNF211",-0.719051170950718,-1.46112438544494
"ZNF212",-0.66304347826087,-1.95825212172361
"ZNF213",0.731225296442688,2.10794000419721
"ZNF213-AS1",0.199604743083004,0.270583417935993
"ZNF214",0.274771444019656,0.310319882847492
"ZNF215",-0.0859683794466403,-0.644074108436094
"ZNF217",0.035590711219238,0.0181874664709059
"ZNF217-AS1",0.530763544743004,1.03461648931419
"ZNF219",0.400790721402771,0.334764805418055
"ZNF22",-0.00494071146245059,0.534620308672651
"ZNF22-AS1",0.710474308300395,1.47579897838137
"ZNF221",0.253214762838658,0.608440721540939
"ZNF222",-0.657114624505929,-1.24870071028262
"ZNF223",-0.250247402336643,-0.485438280614109
"ZNF224",-0.182806324110672,-0.4564389934532
"ZNF225",-0.190900192296332,-0.0601813235954518
"ZNF226",-0.573122529644269,-1.22637042598514
"ZNF227",-0.49901185770751,-0.734476778490843
"ZNF229",-0.247590815564474,-0.613498130818473
"ZNF23",-0.561264822134387,-1.23964812062729
"ZNF230",-0.480850027034398,-1.12710928361936
"ZNF232",-0.108695652173913,-0.982577582440975
"ZNF232-AS1",-0.294466403162055,-0.781858422708124
"ZNF233",-0.62713122744774,-2.05307426491301
"ZNF234",-0.0464426877470356,-0.113109960532268
"ZNF235",-0.513833992094862,-1.41874321796471
"ZNF236",0.189723320158103,0.485593953529254
"ZNF236-DT",0.24703557312253,-0.0841453884299329
"ZNF239",-0.490118577075099,-0.79963790261929
"ZNF24",-0.617588932806324,-1.09093459187779
"ZNF248",-0.775691699604743,-2.13382553118029
"ZNF25",-0.738324707491665,-1.28310002203052
"ZNF250",-0.234247597959203,-0.419616145863034
"ZNF251",-0.473320158102767,-0.965852325216303
"ZNF252P",0.721343873517787,1.29192769000543
"ZNF252P-AS1",-0.278724989976773,-1.25984819963162
"ZNF253",-0.175889328063241,-0.650541875568353
"ZNF254",0.622189295001343,1.25340610109834
"ZNF256",0.08944897727978,0.224783726187729
"ZNF257",0.632411067193676,1.19783161082926
"ZNF26",-0.399209486166008,-0.382066833289323
"ZNF260",-0.566345458357061,-0.65346450778301
"ZNF263",-0.763833992094862,-2.12650456252918
"ZNF264",-0.517786561264822,-0.752927309308525
"ZNF266",-0.773715415019763,-1.93585552397304
"ZNF267",-0.382411067193676,-0.387405002135908
"ZNF268",0.195652173913043,0.205504792463781
"ZNF271P",-0.495059288537549,-0.506930401392083
"ZNF273",-0.176877470355731,0.113669710517811
"ZNF274",-0.311264822134387,-0.0740014535055338
"ZNF275",-0.291501976284585,-0.0471551376070956
"ZNF276",0.152173913043478,0.0328952849698813
"ZNF277",0.607707509881423,1.11993825458863
"ZNF28",-0.269040685516075,-0.829587727725794
"ZNF280A",0.547972572705534,0.293846729722611
"ZNF280B",0.353754940711462,0.915050856036329
"ZNF280C",-0.362648221343874,-0.455158989637476
"ZNF280D",-0.597826086956522,-0.444879892645182
"ZNF281",-0.0869565217391304,0.452807141853364
"ZNF282",-0.180737083935267,0.0698580336297563
"ZNF283",-0.122559924670638,-0.220718587176073
"ZNF284",0.659253788349318,2.27969203036449
"ZNF285",-0.679841897233202,-1.67435131162308
"ZNF286A",-0.540513833992095,-1.18250866319493
"ZNF287",0.263833992094862,0.0642921570401836
"ZNF292",-0.139328063241107,0.253816489230941
"ZNF295-AS1",0.612648221343874,0.951478766799644
"ZNF296",0.491106719367589,0.850427985232056
"ZNF29P",-0.577075098814229,-1.9502013838304
"ZNF3",-0.296515946783801,-0.416213404582015
"ZNF30",-0.448616600790514,-0.486423756699956
"ZNF300",-0.244131462851996,-0.685564263079019
"ZNF300P1",0.112181866533205,-0.30276755541571
"ZNF302",0.354743083003953,0.965206660076527
"ZNF304",-0.553990627241069,-0.667799709603981
"ZNF311",-0.236718564182401,-0.665964377854576
"ZNF316",0.20953793572722,-0.352038117614476
"ZNF317",-0.66600790513834,-1.18416846179477
"ZNF318",-0.79120338466811,-1.93406694938848
"ZNF319",0.605386724683594,2.19502999804539
"ZNF32",-0.776679841897233,-1.84811396991831
"ZNF32-AS3",0.247152813358509,0.348419492002767
"ZNF320",0.159090909090909,0.763876527057042
"ZNF321P",0.108803218407236,-0.129197689264201
"ZNF322",-0.291501976284585,-0.215044655119113
"ZNF324",0.154150197628458,0.527937432185006
"ZNF324B",0.540059611366826,0.809139713067379
"ZNF326",-0.20953793572722,-0.115265171469979
"ZNF329",-0.231225296442688,0.188312616793813
"ZNF330",-0.822134387351779,-1.76117232624826
"ZNF331",-0.470355731225296,-1.12856872113982
"ZNF333",0.0692384117136957,-0.452015649212847
"ZNF334",-0.530632411067194,-1.54771526183291
"ZNF335",0.0569590652028627,0.153263355965012
"ZNF337",-0.650197628458498,-1.96955246089609
"ZNF33A",-0.803064022539462,-1.9961393145763
"ZNF33B",0.201581027667984,0.243790035865853
"ZNF34",-0.0602915758460396,-0.519930624970777
"ZNF341",0.0543478260869565,-0.256279707981008
"ZNF343",0.0978260869565217,-0.24172838825018
"ZNF345",0.110671936758893,-0.0256772808720535
"ZNF346",0.231454119157211,0.564385041104204
"ZNF347",-0.595008666546161,-0.937467972098844
"ZNF35",-0.251544361521591,-0.576892951763982
"ZNF350",-0.308376584655153,-0.190655306717549
"ZNF354A",-0.582797896215022,-1.11772943086173
"ZNF354B",0.308300395256917,0.803401585295725
"ZNF354C",-0.595103101637095,-1.28478814283851
"ZNF355P",0.178041630120932,0.0972546510751274
"ZNF358",0.580182869206971,1.06697124919653
"ZNF362",0.511857707509881,1.21744247282719
"ZNF365",-0.823122529644269,-1.75854510771202
"ZNF366",0.099802371541502,0.774511883492053
"ZNF367",-0.139856688233026,0.200455111376285
"ZNF37A",0.691699604743083,2.0146164998048
"ZNF37BP",-0.16403162055336,-0.351176694629837
"ZNF382",-0.478873254055839,-0.641226415504856
"ZNF383",0.117588932806324,0.667932137441153
"ZNF384",0.11910057195816,-0.309432186478724
"ZNF385A",0.776679841897233,2.13333203025706
"ZNF385B",-0.199604743083004,0.100568829071047
"ZNF385C",0.637351778656126,1.03038804673085
"ZNF385D",-0.0963676827047354,0.0790379704832876
"ZNF391",-0.559426752932105,-1.24856320055641
"ZNF394",-0.629446640316205,-1.06107645457524
"ZNF395",0.0949555360644969,0.757575267783831
"ZNF396",0.760869565217391,1.64196315608238
"ZNF397",0.0321225609015785,0.132531040623508
"ZNF398",-0.654150197628458,-1.38815421196537
"ZNF404",-0.654150197628458,-1.34323485246282
"ZNF407",-0.453557312252964,-0.611954164618143
"ZNF407-AS1",-0.56733384484634,-0.90017791986803
"ZNF408",0.74604743083004,1.1254404606805
"ZNF41",-0.594861660079051,-1.24103552404284
"ZNF410",-0.376482213438735,-1.39534922702505
"ZNF414",0.373887423253957,0.645096316093533
"ZNF415",-0.776679841897233,-1.80382607896879
"ZNF416",-0.196640316205534,-0.279005773038401
"ZNF417",0.288537549407115,-0.0319130135539825
"ZNF418",-0.430442316081152,-0.710034937791718
"ZNF419",-0.623517786561265,-2.12728878182761
"ZNF420",-0.394268774703557,-0.710615225022735
"ZNF423",0.140845074722306,0.567943624667266
"ZNF425",0.266864352105421,0.0658599962007594
"ZNF426",-0.558300395256917,-1.09955290375946
"ZNF426-DT",0.636520899095893,0.831032647089546
"ZNF428",-0.160118611263253,-0.539854601036177
"ZNF43",0.0454545454545455,-0.0493141104214535
"ZNF430",0.137351778656126,-0.238473446091601
"ZNF431",-0.348814229249012,-0.405694556922842
"ZNF432",-0.374505928853755,-0.632685947853857
"ZNF433-AS1",0.66403162055336,1.91358259936913
"ZNF436",-0.212503095195058,-0.297644176522811
"ZNF436-AS1",0.495059288537549,0.718958594156692
"ZNF438",0.00197628458498024,0.553450003462232
"ZNF439",-0.260869565217391,-0.402980743382145
"ZNF44",-0.425500383634755,-0.784141373991844
"ZNF440",-0.0681818181818182,0.195047485943123
"ZNF441",-0.162055335968379,0.0660225304178117
"ZNF442",0.478379060811199,0.56364294213376
"ZNF443",-0.344946884758489,-0.341935459454711
"ZNF444",0.822134387351779,2.15896077656551
"ZNF445",-0.605386724683594,-1.40560189443908
"ZNF446",0.454163591823856,0.60218877305513
"ZNF449",-0.631422924901186,-1.62845181214047
"ZNF45",-0.340909090909091,-0.228835754706147
"ZNF451",-0.00890208150604659,0.413325617732123
"ZNF451-AS1",-0.151335385602792,-0.306720781782149
"ZNF460",0.0108695652173913,-0.253811539519161
"ZNF461",0.355819136140562,0.463892534125893
"ZNF462",0.603754940711463,2.34908291597615
"ZNF467",0.694341508718735,1.70484783246812
"ZNF468",-0.441804227486553,-0.535747048904157
"ZNF469",0.605731225296443,0.761274646959764
"ZNF470",-0.0790513833992095,-0.479460789001709
"ZNF471",-0.410079051383399,-0.853475340062517
"ZNF473",0.127470355731225,-0.0451045874282166
"ZNF473CR",-0.0474425514854082,0.371471238909719
"ZNF474",0.533596837944664,0.556880085656803
"ZNF475",0.509659809510832,0.413708967399179
"ZNF479",0.708498023715415,0.924238711702646
"ZNF48",-0.539525691699605,-1.5537914794895
"ZNF480",0.241345320830596,0.193290193754838
"ZNF483",0.671936758893281,2.05758993539408
"ZNF484",-0.0212503095195058,-0.376631721158415
"ZNF485",-0.605491435082132,-1.23077112656486
"ZNF486",0.764516949457568,1.72379076982592
"ZNF487",0.423913043478261,1.15695073308687
"ZNF488",0.0439831987729305,0.32561665285181
"ZNF490",-0.0849802371541502,-0.452331765081689
"ZNF491",0.17889795455956,-0.206275540877362
"ZNF492",0.0800395256916996,-0.160542932550922
"ZNF493",0.440711462450593,1.2554994023669
"ZNF496",-0.33102766798419,-0.748215168500632
"ZNF497",0.0276679841897233,0.0656217330157583
"ZNF497-AS1",0.591897233201581,1.25170596172962
"ZNF500",0.517786561264822,0.789700861124785
"ZNF501",-0.441699604743083,-1.723014455203
"ZNF502",-0.199604743083004,-0.342216765462702
"ZNF503",0.74901185770751,2.41082339254255
"ZNF503-AS1",0.540153216391158,0.426642959903906
"ZNF503-AS2",0.738142292490119,1.12081794249025
"ZNF506",0.231776631736005,0.0702695697564789
"ZNF507",-0.442797147197143,-0.503834386800394
"ZNF510",-0.593873517786561,-0.950817704450448
"ZNF511",0.203758754471733,1.0013979088356
"ZNF512",-0.874505928853755,-2.65921245353558
"ZNF513",0.192878432631009,0.286632341179331
"ZNF514",0.107707509881423,0.0438117909051698
"ZNF516",0.461462450592885,0.68247714902909
"ZNF517",0.401185770750988,0.161479205877406
"ZNF518A",0.479249011857708,0.441716390862222
"ZNF518B",-0.157114624505929,-0.190776183098541
"ZNF519",0.271739130434783,1.43107961633734
"ZNF521",-0.226284584980237,-0.230134234803608
"ZNF524",0.523715415019763,0.399963408118292
"ZNF526",0.301383399209486,0.125085772099374
"ZNF527",-0.261987179808279,-0.628630887627657
"ZNF528",0.387351778656126,0.367588400522942
"ZNF529",-0.568181818181818,-0.522060283844789
"ZNF529-AS1",0.360671936758893,0.319259043977624
"ZNF530",0.0953792962154561,-0.214525002647366
"ZNF532",-0.728260869565217,-1.19832303145593
"ZNF536",0.0533596837944664,0.283245775914976
"ZNF540",-0.672924901185771,-1.95305387181284
"ZNF541",0.326167541462181,-0.0468681245255954
"ZNF542P",0.736166007905138,1.42817652705262
"ZNF543",0.383493957840383,0.26011233631981
"ZNF544",-0.462450592885375,-1.40083535221469
"ZNF546",0.20904374248258,0.0141385216453631
"ZNF547",-0.366600790513834,-0.407294429769983
"ZNF548",0.769762845849802,1.45882067736898
"ZNF549",0.404744267359889,1.0009601427145
"ZNF550",-0.553359683794466,-0.723402908683096
"ZNF551",0.561897719155303,1.29114133154924
"ZNF552",0.0306627251874938,0.0196379483028734
"ZNF554",0.156126482213439,0.103166360688234
"ZNF555",0.214426877470356,0.472861098621489
"ZNF556",0.0410180393050925,-0.39038742548741
"ZNF557",0.324110671936759,1.22580184584905
"ZNF558",-0.425889328063241,-0.992201191490245
"ZNF559",-0.671936758893281,-1.53801427777022
"ZNF560",0.206337277259434,-0.127272892388096
"ZNF561",0.306324110671937,1.23044520015102
"ZNF561-AS1",0.365703001033355,0.59751781309349
"ZNF562",0.619565217391304,2.47314933005278
"ZNF563",0.555473206974988,0.726261428437841
"ZNF564",-0.472942935120163,-1.01493190053894
"ZNF565",-0.0563241106719368,0.24977959321498
"ZNF566",0.457509881422925,1.18326565648001
"ZNF567",-0.349802371541502,-0.565093262901174
"ZNF568",-0.0979228965665124,-0.194111148951201
"ZNF569",-0.579832003613418,-0.983154562032224
"ZNF57",-0.365208807788715,-0.670030288896802
"ZNF570",-0.435384248527548,-0.471882303462024
"ZNF571",-0.487768732459353,-0.271247942822281
"ZNF571-AS1",0.388339920948617,1.0874767272569
"ZNF572",0.198616600790514,-0.0415123780535442
"ZNF573",0.651185770750988,2.33201287088491
"ZNF574",0.526315805541247,0.923452163132267
"ZNF575",0.179297231334229,0.341173242385265
"ZNF576",-0.372529644268775,-0.75329979719954
"ZNF577",0.488142292490119,0.63604542834603
"ZNF578",0.304347826086957,0.426893229413436
"ZNF579",0.74604743083004,1.04244302358284
"ZNF580",0.703557312252964,1.61836315984557
"ZNF581",0.764822134387352,2.63099767903778
"ZNF582",-0.455984397143053,-0.795271594126399
"ZNF582-DT",-0.550395256916996,-0.898604885948492
"ZNF583",-0.291501976284585,-0.216630386516669
"ZNF584",-0.83518658344104,-1.79341937932887
"ZNF585A",0.679515711379545,1.74624442814669
"ZNF585B",-0.680830039525692,-1.37155931424119
"ZNF586",-0.129446640316206,-0.405437168566945
"ZNF587",0.565217391304348,1.11120707826364
"ZNF587B",0.309288537549407,0.901888550606401
"ZNF589",0.0870425747257888,-0.369425310278882
"ZNF592",-0.180019870455609,-0.388183000161617
"ZNF593",-0.609683794466403,-2.16848263457916
"ZNF594",0.314229249011858,0.720648228856726
"ZNF594-DT",0.284584980237154,0.667535957086602
"ZNF595",0.077588339408428,-0.179617611241264
"ZNF596",-0.695652173913043,-1.95955724246093
"ZNF597",-0.390906856509978,-0.532511651641953
"ZNF598",0.744749219671981,1.07583924375022
"ZNF599",-0.531620553359684,-0.598616581222575
"ZNF600",-0.282608695652174,-0.31675276187372
"ZNF605",-0.294466403162055,-0.680196975464192
"ZNF606",-0.293478260869565,-0.611125806462163
"ZNF606-AS1",0.0380528798372545,0.244034910211709
"ZNF607",-0.513833992094862,-1.04073915518952
"ZNF608",-0.422924901185771,-1.59508208194623
"ZNF609",0.839920948616601,3.21148204900735
"ZNF610",-0.614624505928854,-1.20048294452186
"ZNF611",0.721343873517787,1.5785010035557
"ZNF613",-0.0568322231335619,-0.63520278542767
"ZNF614",-0.457509881422925,-0.584247903359558
"ZNF615",-0.618577075098814,-0.888859166969684
"ZNF616",0.0667160880263553,-0.231594174366334
"ZNF618",0.166336959782615,-0.154220357374579
"ZNF619",0.323923727327585,0.885525191238964
"ZNF620",0.317507573715662,0.504772992034549
"ZNF621",-0.0539872878879307,0.20851611185354
"ZNF622",-0.75,-0.994633956575226
"ZNF623",0.211462450592885,1.36391100449146
"ZNF624",-0.477272727272727,-0.771004528184758
"ZNF625",-0.173461828868524,-0.622986751114927
"ZNF626",-0.0948616600790514,0.0823348549072317
"ZNF627",-0.795454545454546,-1.87449024545926
"ZNF628",0.83102766798419,2.31227169400526
"ZNF629",-0.672924901185771,-2.52066084716251
"ZNF630",0.364714614544076,1.06510836870012
"ZNF638",-0.0652335082924363,0.144270020568625
"ZNF639",-0.675889328063241,-0.709226049004995
"ZNF641",0.245059288537549,0.763247424383011
"ZNF644",-0.5668396516017,-0.570492373704548
"ZNF646",0.40455014844145,0.181806363866422
"ZNF649",0.0860534545584503,-0.0949837572551669
"ZNF649-AS1",-0.00889328063241107,-0.569254307494164
"ZNF652",0.107734127331448,0.000524735122203776
"ZNF653",-0.0801187335544193,-0.497239328514246
"ZNF654",-0.00197628458498024,0.507764173025466
"ZNF655",-0.763833992094862,-1.39421950944965
"ZNF658",-0.552371541501976,-0.99192630020443
"ZNF660",0.783984277690436,2.1522377478073
"ZNF662",-0.320158102766798,-0.442144886506136
"ZNF663P",0.423029417411556,0.724796510342306
"ZNF664",0.318181818181818,0.942786251219662
"ZNF665",0.24802371541502,0.365571566678068
"ZNF667",-0.265810276679842,-0.885490024867543
"ZNF667-AS1",-0.611660079051383,-0.807026937190811
"ZNF668",0.157647645040054,0.393703596618372
"ZNF669",0.520385486605571,0.961084663154413
"ZNF670",-0.532608695652174,-1.33904847670414
"ZNF671",-0.552371541501976,-1.09230081292879
"ZNF672",0.237212757427041,0.0279721772575936
"ZNF674",0.285643695401729,-0.000430433932079302
"ZNF674-AS1",0.444664031620553,0.991566275223929
"ZNF675",0.284231374320303,1.19264560793963
"ZNF677",0.329132700930019,0.894754501229456
"ZNF678",-0.104743083003953,0.0355307444209562
"ZNF680",-0.425500383634755,-0.611299485807842
"ZNF681",0.123517786561265,-0.341261448065279
"ZNF682",-0.0701581027667984,0.0303586630973952
"ZNF683",0.597826086956522,0.844931334189304
"ZNF684",-0.369033178571299,-0.52786298960855
"ZNF687",0.585618994898008,0.973529326267785
"ZNF687-AS1",0.566205533596838,0.591954013747059
"ZNF688",0.182806324110672,0.0648118089358127
"ZNF689",-0.263833992094862,-0.606462503964076
"ZNF691",-0.183794466403162,-0.686918456927206
"ZNF692",0.467391304347826,0.472255139520324
"ZNF695",0.511857707509881,0.596323080417854
"ZNF696",0.405138339920949,0.05340917343312
"ZNF697",0.523715415019763,0.390469770349662
"ZNF7",-0.679841897233202,-1.68039601608745
"ZNF70",0.490239698682551,0.771548905753108
"ZNF700",-0.622683488245983,-0.77356813269168
"ZNF701",0.620553359683795,0.849357252132417
"ZNF702P",-0.462450592885375,-1.53378565864956
"ZNF703",0.591897233201581,1.13222792374159
"ZNF704",-0.256916996047431,-0.189624338143773
"ZNF705G",0.657771208615399,0.820552826626178
"ZNF706",-0.356719367588933,-0.247900375337668
"ZNF707",0.66798418972332,1.61990268651768
"ZNF708",-0.233201581027668,0.0141805205193937
"ZNF709",-0.150346265435453,-0.0140611259886845
"ZNF71",-0.519762845849802,-1.67876823207571
"ZNF710",0.705533596837945,1.48266882834748
"ZNF710-AS1",-0.209486166007905,-0.428462987115045
"ZNF711",-0.539525691699605,-0.422642756668905
"ZNF713",0.743083003952569,2.53389550439881
"ZNF717",-0.673913043478261,-1.2240073736617
"ZNF718",0.00296442687747036,-0.377825074426564
"ZNF721",0.687747035573123,1.36455500114371
"ZNF727",-0.650197628458498,-1.46455606505537
"ZNF732",-0.0138374108499107,-0.5777230774245
"ZNF736",-0.265447387843483,-0.319691201587741
"ZNF738",0.136363636363636,0.629162489200322
"ZNF74",0.337373495691188,0.316955701956481
"ZNF740",-0.533596837944664,-1.42235252800544
"ZNF746",-0.349394623960246,-0.421289413631356
"ZNF747",0.33498023715415,0.0625715601172865
"ZNF749",0.122650900749975,0.0740692459824019
"ZNF750",0.28416111566781,0.0470455436957288
"ZNF75A",0.722332015810277,1.12313633776105
"ZNF75D",-0.468379446640316,-0.770900703451247
"ZNF76",-0.215415019762846,-0.978435268673383
"ZNF763",0.359683794466403,0.298769276026369
"ZNF764",-0.465035843205928,-0.890958711751027
"ZNF765",-0.442412313072472,-1.49553857648568
"ZNF766",-0.574110671936759,-1.29302220262027
"ZNF767P",-0.594861660079051,-1.28116706057308
"ZNF768",0.464541649961289,0.593125693580988
"ZNF77",-0.49901185770751,-1.03487034685389
"ZNF770",0.348814229249012,1.52355241900786
"ZNF771",0.74901185770751,1.8796677601175
"ZNF775",-0.0859683794466403,-0.500591332810855
"ZNF776",0.33498023715415,1.16041641962099
"ZNF777",0.691699604743083,1.97648149944669
"ZNF778",-0.0202619230302264,-0.296861516589871
"ZNF780A",-0.572275777292736,-0.986757306066439
"ZNF780B",0.181368920782758,0.719788132970239
"ZNF781",0.016798418972332,-0.260824743412546
"ZNF782",0.702569169960474,2.35459505825604
"ZNF783",-0.423913043478261,-1.00201406696561
"ZNF784",0.558300395256917,1.62715549908659
"ZNF785",0.773715415019763,2.18541078518182
"ZNF786",-0.658265401860039,-1.30256448332449
"ZNF787",-0.248085008809114,-0.689694977234485
"ZNF788P",0.196640316205534,-0.188338969988823
"ZNF789",-0.33596837944664,-0.811728535055915
"ZNF79",0.227823085778887,0.364604214459571
"ZNF790-AS1",-0.66304347826087,-1.70596032800502
"ZNF791",0.538537549407115,1.09651323006118
"ZNF792",-0.340257337564447,-0.982956690956771
"ZNF793",0.387351778656126,0.560511529680107
"ZNF793-AS1",-0.639328063241107,-1.43805210122689
"ZNF8",0.132443789563431,0.208031066786804
"ZNF8-DT",0.555473206974988,1.12773616323844
"ZNF80",0.196632599004665,-0.172870073820416
"ZNF800",0.6699604743083,2.75061043969747
"ZNF804A",-0.101040428707687,0.33656418477901
"ZNF804B",-0.156126482213439,-0.465593335252713
"ZNF805",-0.281620553359684,-0.320098093367811
"ZNF808",0.453287252611683,0.239515717400297
"ZNF81",-0.304347826086957,-0.555924353502229
"ZNF813",-0.302670771205584,-1.0117769291063
"ZNF814",0.193675889328063,-0.185998380654799
"ZNF815P",0.234421479659227,0.517627898738659
"ZNF816",0.258893280632411,0.429496914932867
"ZNF818P",-0.407517508943466,-0.895698002914071
"ZNF821",0.566205533596838,0.965501336729742
"ZNF823",-0.287549407114625,-0.708612810013988
"ZNF826P",-0.638339920948617,-1.45135741829694
"ZNF827",0.680830039525692,1.53023081770455
"ZNF829",-0.0252038554766231,0.130008000801518
"ZNF83",-0.440711462450593,-0.802626075666212
"ZNF830",-0.677865612648221,-1.0810289541724
"ZNF831",0.10427477461897,0.100826623140363
"ZNF835",0.382505571351104,0.406753096456358
"ZNF836",0.316205533596838,1.1994727012141
"ZNF837",0.460929997979745,1.03151577258186
"ZNF839",-0.465875598816438,-0.421908358376313
"ZNF84",-0.802371541501976,-1.81463525226426
"ZNF84-DT",0.273288864285737,0.48571716392655
"ZNF843",0.689723320158103,0.505680662469396
"ZNF844",-0.368577075098814,-0.845749869038009
"ZNF846",-0.172473442379244,-0.796192786604917
"ZNF85",0.290513833992095,0.424049322483165
"ZNF850",-0.192687747035573,-0.843740199704224
"ZNF852",0.277365882726984,-0.256757940440986
"ZNF853",0.288823088862845,1.1785378611634
"ZNF861P",0.684782608695652,0.824318349206583
"ZNF862",0.389918470020699,0.597550676820256
"ZNF865",0.646245059288537,1.46692252117462
"ZNF875",-0.577075098814229,-0.940720711400906
"ZNF876P",0.0375586865926148,-0.619785327667552
"ZNF879",-0.680830039525692,-1.624840759026
"ZNF880",-0.58300395256917,-1.08263125097672
"ZNF883",0.536561264822134,1.58314041055927
"ZNF891",-0.091897233201581,-0.567629548714826
"ZNF90",-0.0573264163782016,-0.658660646096965
"ZNF91",-0.41897233201581,-0.745763802251135
"ZNF92",-0.141304347826087,0.153388590292435
"ZNF93",0.674579954124863,1.8255278661102
"ZNF99",-0.228260869565217,-1.07509547895368
"ZNFX1",-0.511857707509881,-0.315492621697097
"ZNG1A",-0.353348169917363,-0.0956904665515763
"ZNG1B",0.0978502624386544,0.497646517185875
"ZNHIT1",-0.692687747035573,-1.91734616431003
"ZNHIT2",0.206043227168616,0.269204639194202
"ZNHIT3",-0.777667984189723,-1.80538335254124
"ZNHIT6",0.324110671936759,1.30731688623497
"ZNRD2",-0.483320993257596,-1.15494793823204
"ZNRD2-DT",0.66600790513834,2.50820637148276
"ZNRF1",0.191699604743083,1.14773845491753
"ZNRF2",0.0425321671955559,-0.290157793295498
"ZNRF2P1",0.0187793432963074,-0.0913717457869416
"ZNRF3",-0.0424901185770751,0.117500794355873
"ZNRF4",0.743083003952569,2.00030105458441
"ZP1",0.460588104004171,0.669983917656829
"ZP2",0.214426877470356,-0.118368209367539
"ZP4",0.396637187102742,0.36156595300619
"ZPBP",0.116394611501502,-0.107442056452827
"ZPBP2",0.283596837944664,0.388567188093236
"ZPLD1",0.0479367447300479,-0.226230084565807
"ZPLD2P",0.625494071146245,1.38301843931312
"ZPR1",-0.566205533596838,-1.54315518531433
"ZPR1P1",0.551212878447582,0.4736487220482
"ZRANB1",-0.643280632411067,-1.24131804021295
"ZRANB2",-0.882411067193676,-2.33632215161577
"ZRANB2-AS1",0.124505928853755,-0.245325732861233
"ZRANB3",-0.455533596837945,-0.876231872764021
"ZRSR2",-0.0760869565217391,-0.407270760388451
"ZSCAN1",0.316283676569388,0.729789189156032
"ZSCAN10",0.687422803293779,1.26349522837756
"ZSCAN12",0.256980487212628,0.638078025031356
"ZSCAN12P1",0.726284584980237,1.68125799401249
"ZSCAN16",-0.186758893280632,0.029084149711516
"ZSCAN16-AS1",0.330615280663938,0.104182033513698
"ZSCAN18",-0.639328063241107,-1.47289893865438
"ZSCAN2",-0.525821612296608,-0.737959468971111
"ZSCAN20",0.395354595711735,0.96238448060996
"ZSCAN21",-0.725296442687747,-1.82497166670635
"ZSCAN22",0.0415430470282174,-0.224744662038183
"ZSCAN23",0.584570018897059,1.40698341803202
"ZSCAN25",-0.328063241106719,-0.117834373740681
"ZSCAN26",-0.648221343873518,-1.22647684107413
"ZSCAN29",-0.0108695652173913,0.0187910088967573
"ZSCAN30",-0.458117137780973,-0.517802695806655
"ZSCAN31",-0.190758592430912,-0.551621436098732
"ZSCAN32",-0.0701581027667984,0.124579746143057
"ZSCAN4",0.317766256303307,-0.0716828307183035
"ZSCAN5A",0.577646177725689,0.859795099113183
"ZSCAN9",-0.599802371541502,-1.02573035839569
"ZSWIM1",0.175889328063241,-0.380153776822713
"ZSWIM2",0.345174795210538,0.772209041844344
"ZSWIM3",-0.341754391217176,-0.909046239049773
"ZSWIM4",0.155670872061496,0.189116860334802
"ZSWIM5",-0.16501976284585,-0.284960668705284
"ZSWIM6",-0.184782608695652,-0.0223510915190665
"ZSWIM7",-0.573122529644269,-1.33987636667511
"ZSWIM8",-0.0454545454545455,-0.125398752196148
"ZSWIM8-AS1",0.233201581027668,0.0801459621503521
"ZSWIM9",-0.16617218811287,-0.599531340061609
"ZUP1",-0.709486166007905,-1.45397029483533
"ZW10",-0.703557312252964,-1.41985964058666
"ZWILCH",-0.503952569169961,-0.591928627408899
"ZWINT",-0.305335968379447,-0.745964167686202
"ZXDA",-0.558300395256917,-0.725341446644356
"ZXDB",-0.510869565217391,-0.505289290014925
"ZXDC",0.0711638272281123,0.657297980038023
"ZYG11A",0.224857926311049,-0.41811829688799
"ZYG11B",-0.322134387351779,0.207047708037583
"ZYX",0.680830039525692,1.62878090793338
"ZZEF1",0.232213438735178,0.394671950003083
"ZZZ3",-0.41699604743083,-0.264002930077318
